scanid,oldpnc
2894,5.052892925699275
2643,7.627927966414891
2637,6.470346311198686
3016,6.532078378540338
2648,3.929852860029467
6635,7.127021997265174
3145,6.847510185008706
2794,6.434875926766675
7390,7.156925414931877
2798,3.3365682495850106
2726,5.183259528929709
3013,5.208398462093786
2823,6.426240861187498
3476,5.863574658195417
2725,4.736185890183548
2821,7.3509024656149276
2647,7.404015832697658
2739,5.98573745295536
3844,3.523389136323143
9652,
3369,7.7446091534125925
2646,5.708701678985881
2675,5.280410695016086
3437,5.957770104969942
2753,3.6351706391307292
2632,6.545690807281524
2644,7.187628452291469
2750,7.337118595552672
3724,7.916351182186756
2653,7.156036951920763
3427,5.275568158280861
3184,6.992439571870273
5901,4.323962100547159
2738,4.6133588582543155
3742,6.860228961506947
3141,7.32528179989341
9665,
7819,3.5072978500195973
6851,7.280251797284889
6563,3.720287645101509
6491,7.816953617324114
3179,5.197381579878432
6869,7.571468280715902
2793,5.809575617943447
2752,3.867548233405544
2720,7.825203156914448
2855,4.298797564309569
2818,6.346849078449683
2995,5.512481759751393
6312,5.282250466457912
6726,3.4719196536462174
2740,7.314661333583537
3085,7.506956498183967
2682,7.0252987338135515
3076,7.543390127776117
6728,3.6319215841213954
6666,5.160876923635335
2749,4.305568964168922
6584,5.0410819676926275
2751,5.109587618313088
2723,6.420915778393506
2727,4.901004538009731
6184,6.674081079147622
4763,7.035173329896499
2825,4.523683595623242
3112,6.479326525625348
2856,8.11129509869191
3118,5.757374320876142
6629,6.8291743839368095
4411,6.002064515234691
5712,7.657000900857372
3043,6.606658189663568
3370,4.631637903006352
6552,5.530027728567344
3309,3.3534611374200365
6619,7.099869712567543
2706,5.3442531387258345
3325,6.567939899476307
3297,6.634863040316789
4481,6.147957859774358
6815,7.179446331629594
2952,7.593035828600874
2906,4.971570486417909
6565,4.5944506271172
6675,5.401442421399551
2728,5.090823212941912
4335,7.094429463670807
3677,7.272166495834714
3036,4.232313962527674
3404,7.728525694636183
3033,3.0916342995955777
3020,7.302663677151942
8220,6.372850414503591
3433,6.739617657304496
4654,7.3012972352751415
3488,7.585026871691569
3211,3.283614144605625
3038,7.6477990542911165
2971,4.622479784788742
2905,4.731899962552025
3125,5.9393584795342775
9934,
3201,7.768137083307464
4887,4.3995768982993715
3340,5.940067255940464
2902,7.6399946310923035
6532,4.282717217346453
2967,3.8266131894712982
4498,6.349372992565811
5797,5.741017576895818
2911,5.86526941861584
6603,8.23530199588108
2792,5.991296552174159
2795,5.09420963046116
2899,4.682232982590172
6764,3.9050018845946406
3138,6.029062270377936
6582,7.057917134123926
7288,6.152903325463971
2854,7.354033340525409
3045,7.724679389464093
6806,6.602223846335239
2963,4.525663801239242
2796,2.5024772973860827
6723,7.585985090580266
3075,5.528283717611869
5853,7.233872510303428
2822,7.069080756089035
4931,4.771266679358286
3610,7.096149305098923
3015,7.224723228033318
3040,5.268131762878627
6818,4.915794022290349
3116,7.7702960722959755
3564,7.551379836809866
6747,4.830578616242419
6671,6.274901966940672
2811,
3081,5.595930564493794
3113,7.339762320345227
2831,7.5708614568715875
2954,4.414138300988179
8415,7.116236773261284
5674,3.032890788263004
3495,4.514938239110106
4463,5.007778268732409
3524,7.700979306432291
6573,6.667637789375114
5842,7.242403862128666
2859,7.861537896577156
6733,6.4531584814919265
8315,7.132614001641453
8270,4.943991234844791
2865,5.993153303426191
6282,7.072283944905996
3039,5.193211452577022
2923,7.63381239981854
2951,6.193003466787886
6631,7.133246021038199
3611,6.114064656970848
2922,7.5924161550930425
6604,7.188302625271194
4623,2.614129895782222
2896,6.793306677846807
4942,6.641202870266399
3526,3.85389800280116
8350,3.355552512153414
5809,7.225062266472291
3044,8.108891953502194
2964,6.937473845807382
3124,7.640870502660203
6441,4.206725280285307
6795,7.669587748122202
8398,2.632719546758493
5837,3.911138970819792
3083,7.083066019419959
3178,6.441831169707031
8209,5.871521308718429
3513,4.102639150232206
2826,
2832,6.799033250736978
6616,6.874698322148182
3728,7.468600405851152
2993,7.841677385573542
8223,6.366805630251363
6867,7.202611710307867
3146,3.251665831417682
3316,6.3071291549426896
3224,6.789214574256585
3088,2.8280632298391657
3281,6.925267891126136
3034,4.327223705272263
3226,4.736672207015424
3667,5.704666837552753
6816,7.399059044379144
3594,7.328205430113708
6672,3.893502622049097
3048,5.277079529389295
2909,6.753085706044949
6643,5.058166510607812
6673,5.246225752574303
3308,6.924931680975897
6528,5.8080489965337625
3189,0.0
3018,7.252586352210703
3234,7.049762557494767
10039,
2968,6.061102007557612
3214,3.340225107249984
3407,5.745622427633327
5624,7.7288103069371585
6467,5.810005744908896
6291,7.041753694007178
3290,5.758498050858573
3183,3.654293709326797
3534,7.219291896282789
6334,5.858150126094499
3153,7.943248317052431
5423,5.603282937043715
6571,7.002779706023248
3579,5.716035961027593
3323,6.679849814472141
3320,7.116915390572824
3345,6.317496571118777
7623,5.32721787146059
5950,8.115705377983057
3231,4.916925971821894
3528,3.3981940020707393
3014,7.784886163716864
6767,7.293629406443277
6642,5.505379656439029
3568,5.509805643777761
4534,7.959408800182156
7624,7.843084548292912
3090,7.425725708253772
3457,6.731514063416021
7284,6.625572459551284
3091,7.460726006039247
6731,2.8381230429583413
3284,7.828192596203953
3152,6.978659876573204
8250,4.829142787430449
3584,5.131148484417847
3512,6.573117197901116
3117,6.889367455175988
4480,4.676011227819017
3326,7.311852537917009
3705,6.578342913952591
5904,7.133570137806571
3429,6.5243521263483775
3449,7.414405592352856
6827,6.244808805651121
3350,5.26527700578101
3232,7.405387877159534
3962,4.608257420505811
5713,6.946898103562287
8204,5.679177400359924
3202,7.889656274339825
3115,5.470315069114202
3213,7.212098798198881
5269,6.99039070567403
3411,6.530445457947282
7695,7.896013183655715
4634,7.210664485512599
3190,5.374083611352235
9966,
5539,5.943589877473423
5502,6.875024764312295
6630,6.069388312890816
3225,5.784995263817153
3467,7.2526817958804495
3122,6.235899618828911
6314,7.220937792444169
3233,7.498532091649647
7753,6.2480698867381035
5979,5.821220120212855
4813,4.16312577966662
3535,6.4930988660937325
4000,7.541407772979253
3248,5.7332127277080565
7297,7.08142936468504
3139,7.300675183561304
4679,6.959558694984946
6917,6.8150270165474724
4448,6.625376913868335
6826,4.631580282521582
3246,6.567657026276789
3508,6.073813979942764
3086,7.770038181348251
5626,4.627672435130473
3961,5.077583838721719
6763,7.166597799552912
3144,7.950025142652418
6185,7.811445095453598
3653,6.678539239997569
3400,7.894535328789116
3291,4.979355383361901
5506,3.4390062486792963
3210,3.9584410854324332
3676,6.165606171160268
3216,7.685181833628491
6602,3.659700708401621
3282,8.159177337091165
3575,4.85205940530918
3536,7.067152168664784
7308,7.627045818702102
3187,6.1408783010386285
6019,6.596749412721683
3023,6.847856008950345
6224,3.240935035798922
6545,3.047153371053404
3209,3.6385187039059947
7910,7.914412063748016
3672,6.797086450776741
3296,4.907873169479362
7435,3.7235188496083644
3295,7.491985939323908
4966,7.1873842829725865
3314,7.76633344401182
3346,7.660831214805943
4410,7.082231523686278
3414,7.565783841914975
3494,4.612302750216939
4507,6.813293026484768
6142,5.23961867017239
3293,7.650800633844779
3464,5.660767610921487
3466,6.6066234282978655
4651,8.597913028759237
4765,7.012006156478289
3230,7.483538229093971
4901,3.809879309083058
6852,7.265198106579986
9695,
3647,4.133634521606296
3245,3.7414824477270803
3543,5.949092632613052
3731,6.291871845774344
3532,7.4628100012897045
3235,6.881106154846189
3341,6.244752586009574
6695,7.305073852280599
6729,6.700353651255457
3541,5.982672453494243
5018,3.3634877818816795
3212,4.13198903105449
3475,7.913417655125097
9972,
5927,5.447657358978251
3239,7.737221288293008
4381,3.7386204222701647
4550,6.3239013392678105
3367,7.274460509610311
6798,7.1132780404465965
3796,6.205309118183933
3450,3.1850013576906706
5758,8.121806995927551
5292,5.802764285916019
5692,6.5983382256274385
3498,7.567132837356077
4376,6.994372967844147
4933,7.435682077054417
3516,5.822298108517737
3595,6.354829418389511
3327,7.63359336817738
4249,7.458624429072291
7951,7.645059641956889
5016,7.39764078681805
3428,7.478262626947533
3313,8.044270567892573
4814,5.985730508648456
3374,6.95560494496879
3434,7.873625229255702
3353,7.950868874433665
3741,7.4981677511009766
3854,7.644109757591482
7500,6.048296379189321
3609,6.840207187245515
4746,7.669164724353698
4592,5.695860852380799
5892,8.148347310513357
3465,7.202533132624007
3540,7.154826003356836
5920,6.0292180063520835
4747,6.692609389993159
3426,6.871787217282955
3410,6.285810230658889
3646,5.901875553867251
4754,6.7843664722655594
6040,6.329332236489927
3712,8.279548851318086
3645,6.955393010493192
3405,8.155038669619493
4071,7.912719070419226
5379,3.836092416670299
5872,4.775446906703321
3322,6.599147952406066
4990,7.690481844369451
3321,5.615904771093644
3363,3.427342040695813
6676,7.123966191099134
6962,8.73906323191552
8286,7.7195398650161335
4986,5.6269575997324495
3408,7.740886436277567
3459,3.749899041206549
4467,5.4040702261602
7419,4.988534525383548
3344,6.726917697502431
4439,7.252903151041445
4442,4.745212160956715
6883,3.9551402230260093
3582,7.278231238909512
3765,7.044662716923836
3458,4.410648784336959
6881,8.243541583091323
6219,7.484618954192522
5232,6.807459555881277
3463,4.861560774660112
7865,5.504326545618092
3897,7.093191679830301
4544,7.10952000944687
3798,5.0039735527687315
6703,6.3321570759214065
8312,3.9646849853507025
6846,5.986021582785968
3596,7.718782994153762
5190,5.442832996929772
3714,5.193327136942908
3435,7.92153139345615
3362,7.17219461488011
3907,6.486719891337624
3474,5.591089256678325
3493,7.452789739539033
3703,7.834392108065966
6865,3.8842316792836153
3651,3.731791282349864
5481,6.55348112771852
3372,6.902274809965527
3432,7.267326852028031
6730,7.33977964594499
3578,6.085259380345482
3489,7.356526959355848
4756,8.00264026093491
6608,8.243009156112135
3634,5.845837902841234
4075,4.3515726415308675
8127,5.853267988503052
7870,7.1666024541743285
3409,7.204673108691159
5719,7.7612711112864075
3397,7.953977312594744
4375,4.559333930146615
6597,7.461515323181175
3883,8.090207692450353
5196,7.842257903166139
3497,4.061606811850159
6153,7.8435166021193705
3567,4.67739920457137
6749,7.259694352728737
4377,7.680174938740182
6035,8.066151368311967
3581,5.393025580512397
3490,7.237652205049633
5916,6.944791595149971
9573,
3373,5.855766094385794
3643,7.093706770735091
3683,6.319066031313697
3711,7.669987211161434
4030,4.541955717271434
4489,7.6182159998386725
3902,4.439257180467018
4540,6.5589974332034044
4043,7.746981425288391
4253,7.215725880379724
3502,6.9798368529322685
3613,3.7594646559249063
4150,5.83912464090313
3371,8.256980075792667
4678,5.049187056739199
5762,7.9573833859428476
3670,7.701436375897938
6987,3.453014834794364
6762,8.401105237612862
6872,5.508899297508415
3725,7.8445742763489426
3895,7.879258513940785
7037,7.7374898593673676
3523,6.714069939846975
3918,7.416078672775865
5554,3.5109534847027026
4031,6.403137249713401
4596,6.197677163784041
3663,3.811903569754257
4053,5.457118748333202
4944,5.66774895473926
3648,6.422022485668505
5388,6.565239763107515
4824,7.120316009938804
4069,7.277708911874765
3713,5.522677256421539
3456,7.642793315558149
4380,7.249318579724252
4945,5.986297216436611
4512,8.463365627701398
7439,8.011600641513942
6878,7.378358857820314
5681,7.292970715493071
3635,6.791537666229037
4795,7.608388696219689
3430,7.794248911075729
3633,4.922529004491079
4478,5.7658308310700646
3473,5.748687978409256
6901,4.02024532205325
3702,6.824285868194747
4250,6.3996771782342945
6986,7.738449941180127
7404,3.7065006576896233
5419,3.8869108333814117
7574,7.225033211607964
3692,6.766770883756311
3616,4.119392623933551
10005,
7444,7.047961513370816
3598,4.955943487542652
5884,5.922846152326635
3615,4.615911032145759
3586,4.546832169027009
5811,4.906405703061864
4009,6.19357311317961
3682,7.369757030919033
4371,6.113671316692435
3618,5.254769370682183
3664,5.972402623373803
3739,6.867223550139557
5346,6.856777789223971
3727,3.8441697566280233
3756,5.278325410154857
4541,7.231662895550722
6645,7.459357230220371
10260,
3759,7.9166430604669
3792,7.342466881312668
3755,6.093063348948895
3865,7.327823262994928
4907,3.145350468909654
4005,7.272246047107646
4768,7.647303980226412
3923,3.5422906638196205
7445,4.704736140230492
7443,8.022074979652464
3894,3.2906126351967693
4676,5.5044878710584335
4487,5.431776370351355
7501,5.095960833652206
4608,6.993513077600436
4046,
3904,5.018212568371423
4173,7.099457470658618
3903,8.189629650013865
4220,8.704166437883938
4271,5.7379733239509925
5751,6.9655843210886506
4139,4.093165288277475
6432,7.908252417329058
4041,
3638,6.9829176063179474
4010,6.231182529958586
4488,4.740266630565489
3709,4.01483199284778
6157,5.837452578027849
4545,7.989611960184645
4119,7.183696517873199
4072,5.791932787678137
3998,6.700301747743232
4201,5.462661207393617
4038,4.408062284696891
4284,5.497480117692986
6150,6.754717712015136
4094,5.445925771090354
4982,7.453303001327437
6101,5.984049778213538
4278,6.606600802672691
4861,7.751713261732712
4812,7.695298784534761
4193,5.696032591630307
3529,4.771593576943404
4332,4.081730689314363
4989,5.752058351676984
6505,3.877407300953383
5946,7.112272162128902
3600,7.058443225838688
3668,7.756144375129069
6115,7.068347085806557
4449,7.109895292682425
5261,7.296629087305471
3934,7.812299650891451
8419,7.841928252096555
6002,7.53228854988712
3500,7.356418398072957
4127,7.589514466258648
6254,7.956096378331546
3973,6.996433575637925
4343,7.611057108794379
5023,6.933650806922493
5748,7.613890169252675
4817,6.569796533363423
3898,7.7396926419679355
4138,5.156877948761778
4943,8.913514560902591
6239,5.988423063260486
6086,4.967586091247215
4685,7.624227824235639
4639,7.444621448290579
5595,3.0596874276315438
4988,4.213996775351021
3681,7.829798126628828
5512,5.177299061750793
5015,5.768777564148322
5150,8.209558409625085
4708,5.510348845227469
4373,7.00399714592323
4331,6.232926000480609
3960,7.096254484839263
4245,5.545562445964404
6221,7.525254380513252
4252,6.1140236366121155
4897,7.679604329928822
3957,6.341822711044851
4414,7.644515616697549
3793,8.218234067923243
5226,6.552179801446998
4996,8.032881926223862
4558,7.7582489465882265
3825,4.421929695453495
3583,8.647440342795369
6397,7.426705813736055
6844,5.976738937024972
4279,5.023227785884502
6875,8.511683237374415
3856,8.241291666025527
4637,8.055909918976846
4400,2.7047699082166843
3912,6.8161247799161035
5193,6.601546850598044
4686,7.2615597799999385
4125,6.534598765240495
4443,3.3277434911593797
3846,7.6265184265168395
4277,6.751496613151978
3675,6.5301479081772085
3569,7.18133231789187
4219,3.876770130565479
3738,5.081107512722593
3637,7.100916847704136
4567,3.762146707897905
3614,7.011822621521331
4211,5.274072487524486
7483,7.689412310316634
3966,7.269349968459221
4048,8.465852898554617
6578,7.201084494681937
5803,7.917129430307677
4710,7.817104702711064
5411,6.410858238220252
3599,6.096432600732176
4212,7.262598653753806
4101,3.2190616466910793
3708,6.708621649518866
5222,5.424677506617295
3965,5.460794818211062
3710,5.195880439796312
4905,2.362396547053063
3830,7.52982161594509
6665,4.980141638928734
7466,6.772732683838784
6649,7.485103161495858
4624,7.0515663767874175
4688,6.57908130120109
6246,5.765361553240863
6159,2.294176913729887
3910,4.498803966556415
8423,5.174149297627814
8159,6.231241590506058
4114,7.189272212230013
6739,6.253568730071537
7381,6.724957612071619
5119,6.894781841110415
3933,3.6860573631650495
9670,
6476,6.655984352446399
6043,4.314956275824286
6085,7.083890942905976
6277,5.21828324929167
3950,6.700015899522745
5676,6.723129452513256
6495,5.626554654005855
4967,7.3769384680866175
4620,6.958445518859726
3815,6.109615534028298
3726,7.8682360381148175
5160,7.2985906689783695
5597,3.545823914621003
3700,7.4860539007736255
3701,5.157945853465447
3649,5.051336556175256
10003,
7551,6.81198503428326
4103,3.693284296034955
5184,7.797135126507792
5887,6.976897508162666
4462,4.664514592781745
6454,3.8574019293870685
5425,4.038938943798577
5761,6.14218964188708
4137,4.071585191897324
5505,7.321116286031222
6572,6.920539393661699
5925,3.511179542856192
4223,7.269817774049543
3972,7.848019499114171
6191,7.881763441815496
7887,4.48086467120078
9964,
6217,6.025542368397843
3818,4.824798126754159
8309,7.6739514153768384
4008,8.242844691997426
9886,
6853,4.5831914359712895
5070,7.8509626652532205
4370,7.6617127827019305
4296,7.0797028447487405
6459,6.650862475690221
3794,5.59706590432356
4159,5.463601984591511
3800,8.513366635457345
3954,6.276701585609546
6430,5.4970095747465075
6611,5.149554665577492
5802,5.691574003949607
4368,7.715178704812419
4591,7.754948027361182
4581,6.732155222293314
3805,7.139684776599076
4811,7.496374936011223
6612,5.157993699398203
4766,8.117534032349896
4409,5.838664632042815
6152,5.252841424486145
9613,
6822,6.439469000262109
4704,5.188334257869654
4445,
4248,7.347461945363881
5763,5.895900358575384
4265,
4845,6.119264483282299
8289,7.383135411966989
5038,5.579520875733814
3827,5.644616320361245
3804,7.0923589930234465
4007,7.002559360345873
5189,6.704034195151254
5412,5.311895674787207
4815,
4006,7.016063790618357
6247,6.770237568213198
4288,6.0543598803233944
5415,4.754275881844791
8373,8.097963371758878
5997,4.1121918674353894
4079,7.013229883320049
3824,3.234934572147208
9663,
8252,5.530406035597162
3699,5.847451576101685
4063,6.209609748423203
3845,2.9185764971414856
4242,7.264125659341355
6711,7.860582021912763
4042,7.236011556877033
4947,4.2022124597627055
6148,6.637802827129751
4117,5.051953370749822
3802,7.601364680546777
4677,7.406183022949528
5273,7.985374204422819
4983,6.945982798999072
4454,3.22110087707288
5455,7.364060383738195
7572,4.312916123933022
3952,7.3341884213772595
3899,7.531055319697845
4934,7.480814437857462
6252,6.063472478528277
5847,7.602320975166497
3922,5.670123237000411
3799,7.122182149962769
5057,4.624493542690583
6280,6.667077158249158
3816,7.1618293234192505
3757,7.340064290188451
7442,5.901298301469978
4067,7.919840805371659
4155,5.476620620581569
4032,4.438085758529865
6458,7.6224119220712625
4691,7.972147831004709
4595,5.6634542772948135
3884,5.042123465090705
3964,4.180119643381277
4859,5.470688754888925
4499,7.305754047792434
4022,7.210035686712554
3758,8.168058605251279
5279,6.354204908173419
4269,7.820942575005131
6499,7.9247609286950444
7383,7.6770545069412215
5560,4.293628502008193
3821,6.510516880510058
4168,4.663033410373877
5723,7.359155593647339
7426,7.950018756954121
4808,8.493548190406255
7947,8.108309419072913
8166,6.747380430792963
5795,5.3511234631024145
4104,4.853589278266302
7855,8.03919268330943
5020,7.6258263667717
4102,6.307536066392377
4095,5.965462978327849
3971,6.0387855386791145
3919,7.532387426482191
3858,7.761597724285354
3956,5.777032570071409
5794,4.849913413660765
4019,4.485064731080723
3863,7.083043115583546
4156,7.349583962461532
7621,6.883641925944541
3924,5.905123386345634
4021,8.891533354911905
7412,7.035947618214828
6570,7.1513693521173
5789,6.21513495271239
3820,7.317660167278759
5229,6.446768916651786
3829,5.542066774338395
5745,8.028672217463882
4378,6.845652608195579
5420,4.7599573995778055
7315,6.517883659259425
5940,7.115055892806179
4111,7.396935288849562
3881,6.773912308658448
5077,7.45535533113984
4244,
4697,5.177286299537036
8238,5.296202662434269
8243,7.0055252302058335
3852,8.535638937529711
3826,7.656790441560889
5750,5.3251508824617675
4066,7.867429235032926
4049,4.152995244852478
3951,6.825818532900211
3855,4.570087665760197
3730,7.367588283714595
7507,5.312620927919997
3853,7.244924129127972
3861,7.809172446069909
3817,7.823413678146427
7869,7.88460446136336
3953,7.473101740355737
7503,5.175736549887385
5332,6.524438614044536
5588,6.7251475341684435
4081,3.555548204928952
4266,6.272435710193074
4338,6.2024736866707135
7265,7.078722853140279
4073,7.171538797303161
3822,4.09297492221508
5224,5.413089647512177
3736,7.425653159693121
5720,7.502761726136233
3916,5.911835033916971
5319,6.919297568853529
4638,6.188275029049256
4045,5.772068188078155
6457,7.325595773196409
4650,5.9301453631953445
4152,7.295239619385865
4153,7.390511991922589
4899,5.795274996126795
3906,6.6690213419107085
5992,6.173221458221911
3928,6.0558290397539745
3927,6.770614803447286
4003,5.5241715011773085
3911,7.318779174585509
5416,5.44799907751998
4281,3.6485020740373795
5237,5.589566216913968
5907,6.6545471517107035
4001,1.978246086437936
4908,7.467703785579439
7434,6.026860112837993
4195,
5902,7.693762878898472
4064,7.872447059364284
9741,
7703,8.492446146292215
5591,7.907018216612854
8138,6.564456935032765
4570,7.261326380334547
4906,5.938553994889285
4559,5.121005927003306
4160,6.748438646757162
4397,6.855185224137916
4270,7.017211805731465
5841,6.645095782552693
8003,7.046188809221824
5981,5.207876354635361
4695,6.8606669966421165
5948,7.629834933572631
6577,7.354844206748164
4222,7.077856255253597
5230,7.427861309673517
4054,7.4427114250223525
7603,6.418530698663414
5796,7.751052030800685
4844,6.701535709604832
4040,6.595185997674722
4578,8.597494705011199
4293,7.335315294203535
4065,7.982342724702634
5026,7.666155483169954
4158,5.389466150820502
5835,7.471317699618531
6421,3.9185737895298067
4151,3.4147152436392414
4952,7.871380849518214
6250,5.5383323457994935
4172,7.907762805905401
4209,7.91377127816676
5322,6.920913057622276
9650,
4682,3.331502309635166
4011,7.5192913959229015
6069,4.190279597618424
6613,6.937230491021697
4215,7.321154772442032
4441,5.941074423259677
4004,5.343178560810219
4745,7.141812054325525
8283,6.951952148349063
4476,7.655154709767502
4280,6.653755571620242
6362,4.378210045300446
7368,7.456285868693741
3967,7.335372092246057
4254,7.651427125615533
4076,7.252304669680431
4113,7.757516327972106
7401,7.192639906768209
6606,6.979201440781201
4853,4.985438049871739
4070,7.283031504670123
5078,7.013096125125725
6276,5.4517183948681485
5120,7.303831666233754
4465,6.523742458951716
5660,4.668198047238342
6216,3.8511872743595514
4937,4.501966638909484
5559,6.807003252582931
4194,6.793816610624209
4264,7.877123752539507
7549,4.973894420611661
4571,8.922110214964503
8354,3.6916841338508575
6028,6.988497947491695
4039,8.4445619966257
4548,5.201723039978913
6255,6.3025329839782875
4216,7.697999401752406
4902,6.805331877733072
7905,6.698704943705264
4047,3.4494751958549585
4118,4.877862749236636
4372,7.975721857175401
7546,8.132370534482668
4396,5.960138774140506
8272,7.180098794997863
6293,7.027215397303909
4744,
4594,5.582420304821946
4203,7.246502007377536
4579,6.779352238119922
7654,7.665249558375158
4214,6.864879206025348
6474,7.654805690788143
5263,4.072691382285053
4202,7.294291694532239
4767,5.816183991359334
4804,6.174350895925364
4572,6.7955838291427035
5871,7.454740198876828
6640,6.851624492118956
4285,6.266852209658766
4932,6.57191815851561
5235,8.61571322957384
6158,6.887408323676574
5381,8.090799542614505
6223,6.075859393933584
4241,7.178019386300591
4843,6.25744205878278
4399,7.6625708204972485
4402,7.300829159699027
4401,3.5360632902226348
6183,
4353,7.7033594778806505
9674,
6027,5.712840609523009
4612,7.18710805392614
7413,7.2850941283143245
4330,8.891011848956243
4573,4.400484215818161
6215,3.5066089407875247
4617,5.3333802861224235
4295,7.673749985458126
6076,6.2932153540409
4444,7.953666613615843
7631,7.74322103312263
5977,7.367863284116478
4640,6.774087195480184
5791,6.6386693526475105
6790,5.638554773850379
4287,8.093361847964783
4511,4.444436174042473
5999,6.776365449920693
7499,4.648942103523429
6249,3.8548027741039523
4941,5.111130970333697
4361,3.719880733318298
4362,7.601416286204073
4852,7.164767741850796
4479,5.6973840974268315
4854,
4398,5.109921882658069
8311,6.981465597416811
5945,6.861547778325492
4546,6.573585275390427
5185,7.0153286542994335
4614,7.817083443862806
5799,7.50552748629127
4533,7.616887986151125
4729,7.786565555966268
4696,3.985404690080017
4735,7.232944789593216
4339,6.939241957456306
4438,4.96645509810916
6188,7.594467405336514
6541,7.854434043028807
4636,4.311140516554343
4352,7.975883401758696
6261,8.61795438899639
4418,7.976288704575244
4575,3.2772917485340645
4653,3.8232974652535683
5161,7.921715229202204
4415,7.1287485017322485
4417,
4611,4.536430494391881
4576,7.766239768339473
4577,6.822863583575632
4543,6.5584654684603905
4770,6.33922002689895
5756,6.350747387453385
4776,7.661272575749392
4500,4.2363883877264445
6401,4.938834115378725
4807,3.3528872801433294
4949,6.214594380495706
5158,5.937932179264741
4757,8.058171677365614
5027,7.331172289334573
8190,7.417406288820511
4469,5.970989486432424
7630,4.494651435355086
4732,8.068058319225445
4416,6.901817034296237
4647,6.226344020044984
4646,7.425836495988992
4506,5.881871958564508
4505,6.611142345310465
5639,5.9743954773899235
6240,7.315660315065538
6650,6.967029619642114
4826,7.851610697633059
4839,5.465568431143703
5139,8.254559712798324
8457,6.638832919564766
6533,6.942946230695373
9842,
4453,6.486490795009036
4775,8.11093481925568
5850,5.973599455374813
4680,7.788970106192394
6697,6.113039264878277
4818,3.8207964431490957
5187,6.789245205259875
5918,4.309498500578692
4885,
5387,
4560,6.84003030354107
5149,7.700263689927437
4781,4.166318627842527
4730,6.886854065309686
8341,7.482131582985828
4866,7.851337258989577
4582,7.288879680339362
4930,7.001396328404391
8416,3.4617281158915176
4733,6.938547148552648
5625,3.678687640410476
4898,6.386437501859876
4466,7.024097279101912
6575,3.0141610552620555
4615,7.425519822314966
8464,5.837456514667636
5056,7.3562789529787045
5197,7.730039946853782
5800,7.315080780460247
6756,7.981954607637535
4738,7.301884420285631
4981,
4566,7.997426342558164
4792,7.466580957804438
4413,6.877884039605979
4513,5.343252051887214
4825,7.439536106178482
4641,7.238761003121368
5501,4.762018676861851
5470,7.615159523971851
4516,6.749615388508874
6848,3.6205113148607175
4706,7.942001913042459
4618,4.8359467466648525
5259,3.59359279550465
5107,7.858171479308535
4810,7.674805818112503
5012,5.88259161740085
8128,7.483130341500032
4806,3.7361574176379593
5474,5.271480261976133
6553,7.132960690129534
4868,7.698579238031479
5378,6.790905241766281
5657,7.19188021210997
4655,8.28307916694007
4929,6.582054908935768
6759,6.735771750918409
4734,6.977957026092477
6598,7.439985817599408
5561,8.062425977633094
5008,5.8645135574786975
5435,5.33607427116828
5436,9.393105690430026
4939,6.970748237441259
5393,7.922951746364453
5394,6.649528145870516
8302,6.207139994055502
5179,7.070940555582711
7298,4.536556775136439
5434,7.422148531286272
4794,6.756560169336008
4855,5.878550884261274
5744,7.2136787225749535
4725,
4946,6.273181714178061
5385,4.2746055840714625
4997,7.105661248747416
5024,8.119023180420829
8412,5.920450705560847
4998,7.416516964916827
4936,4.0736760922684025
8177,5.030745136520956
5270,4.704160143211071
5722,7.474427762450725
4965,6.517984274418592
5274,7.768691883775636
6664,4.896174247267441
5241,4.727180511023483
5019,3.8122503904095084
5022,6.623629318328206
5086,5.548166301772282
5028,6.956376859064826
5152,6.95490138641425
5073,6.641582078672215
5061,7.179823150485428
5060,4.98662695094083
6574,7.211622198613695
5325,6.9847188099157425
4886,4.734571958898818
5679,7.504531023579383
5914,7.093549332223864
4979,5.878580277281426
5267,5.302617053653289
5062,6.98161422128841
5243,7.084668904180844
7296,6.797692290490175
6617,5.603475721408121
9635,
5085,6.369210045129059
6258,7.993764960767637
5109,6.758749067375067
5277,7.8404411762391275
7476,7.34930810930427
6873,6.663582610742635
5472,8.048654758430844
5482,4.666858286241154
6366,7.1536352446373055
5514,7.364289694152624
5382,6.700761700291355
5336,7.86959281417512
5195,3.5657869640798454
5473,7.2037015462261715
5147,6.9369724109230395
5500,7.654785236643005
5323,6.932031467065826
5730,8.21660883428898
5266,6.075878182039477
5072,7.148012583935173
5264,7.733240079851636
6112,8.194831926155713
5225,5.193452199015499
5409,6.121883887910033
7369,6.122673783228962
5199,5.5437286262436
5749,7.626371800782428
6392,7.142223647471625
6564,7.668722660215737
5630,4.360820320315989
5244,7.092894353986234
5552,7.716649070315588
5331,7.066437253183892
5177,6.202752560463321
5108,5.582637584951773
8351,6.8315001092666705
5191,7.709271994689376
5010,7.431273778050458
6114,7.532704424304274
7292,6.622946421094662
6601,7.713145006589226
5039,5.310623687567645
7999,7.119297174191358
5260,8.199416322808869
5413,3.3749048301021554
5009,7.367264415219127
5122,7.345163383735085
7335,4.034435604203486
5556,6.5380939928023505
5223,6.659608506225062
5484,7.561723833645847
5146,6.162920883507705
5716,8.01139513788582
5148,5.213902924362501
5079,7.574652270351355
5718,7.3751982252051835
6385,3.8457705222808327
5064,6.871480553138998
6361,6.7102315110636415
6364,6.6785195376063475
5909,5.660538815684048
5231,7.142495855593292
7996,6.692295172736316
5275,4.173411782041817
6192,7.709020798757084
5605,6.204358875016616
5153,7.845515228843741
5321,4.675257648553683
5427,
5912,7.588691811898622
5693,4.346434493624337
5458,5.126417245518834
5188,7.051152200929656
8247,6.9386244089390665
5337,5.3902193860337615
5569,7.729273114483733
7422,7.293200146463419
6757,7.744390084516785
5426,6.976006238820462
5159,6.120225603686231
5333,8.389643117053309
5233,6.62871362038322
5389,3.582271988661677
5227,7.203949332591173
5234,5.084428597509995
6194,6.503280487844386
5753,7.3856231305392255
5549,3.581916349556506
5755,3.8958129184295003
5410,6.112605435426452
6682,3.842143510831299
5465,4.338752070111374
5631,6.668020625712149
6000,6.367915666960707
6127,7.473705169696787
5537,7.673324583959391
5507,7.7490809634987485
6431,6.703320827508682
5118,4.46925811116691
5462,4.289573778836122
5428,8.132586879016905
9823,
5276,6.134228311481653
5510,5.6525420252429175
5271,
4980,7.521696056434381
5366,4.9032731664850235
8231,7.838367430932025
5608,7.483453890416332
5075,5.139554929043802
5186,3.898499589264519
5468,6.071093161634466
7283,7.616146137430845
5632,6.393547882056238
5373,6.735737427635317
5294,6.39489536305819
5641,7.881492233523192
5320,6.537445920195952
6803,7.397626637107007
5192,5.646976905113693
7289,6.625851269814545
7375,3.901020043019217
5178,2.742439123465444
6387,6.304048577326955
5395,6.791478341735956
5463,4.347645785898015
5496,5.229165453337869
5154,3.3824378738196375
5987,4.359658610787946
5886,7.581773122911635
5594,5.3238592357703585
6332,7.583314397016861
5295,5.050085420014002
7465,7.376694304014338
5793,7.41269136261781
5878,6.94534932647234
8449,7.299274731269471
6464,4.618098881150796
6841,6.384773251248247
5183,6.2415689862563015
5550,4.436192142158373
5344,7.582991878750295
6311,3.6555690222838386
5883,8.136812345508828
5941,4.078478281095409
8221,7.886515518998425
7553,7.145825136822246
5457,7.278305180297962
6073,7.448843988567662
5504,4.47177886868165
5557,5.967703140690456
5589,3.7477460066683417
5801,4.307090338388989
5683,6.276077811753434
6784,7.528897478763637
5846,7.746687299151288
6126,7.910664821954529
5345,7.5120871629690535
5515,6.236965071712881
5391,7.5469279903370685
6536,6.0383894249098296
6355,7.842799502576772
5469,7.869135463383377
7736,4.248091159283807
5475,5.618228115423669
5724,7.838452815329079
8257,4.332584385268439
5806,8.114400998451744
6017,5.88764148352033
6370,7.228355602745969
5516,6.601579770621088
5572,8.028705213932941
5836,5.869831457249617
5293,7.672471813221511
7484,6.877491186197702
5571,7.167923034892813
5956,7.399434964785995
5340,5.184617983874786
5480,6.8129132273233
6201,6.596488049542104
5980,7.705500858355388
5677,7.274086775077883
5483,7.153401045958653
5495,6.657433838427281
5596,7.867103123779991
5538,6.9184632814248985
6535,8.288642630696545
6122,8.059019146756558
5606,3.8026864807093186
5642,7.950042711081591
5494,7.005005981638506
5764,7.753854954604676
7287,6.269345505639782
5678,7.636868214168103
5759,6.891833142119089
6580,6.8200193059071905
5464,3.6759452281500136
8290,5.738180644465991
6389,4.778589730889184
5788,7.517571561544527
6435,5.833137746824451
5882,8.185223374539861
6296,7.673332560305308
6256,4.717817328303712
5544,7.110523937463124
5592,3.996563561351208
5511,4.725585638462178
5686,6.037877590215263
5547,6.159283902347163
5673,4.332862301334613
5954,6.390348207495921
6680,7.468972815576617
5812,6.085715635047058
6120,5.872942380099615
5590,7.905568647216568
5551,7.106133369091823
6740,6.484029527040709
6609,7.153598064238705
5545,6.495360344292408
5876,6.98265713530082
5682,7.973485253150327
6526,6.062763980159388
5680,8.094966727275457
5926,7.154552077922328
5658,6.5373229464745135
5546,7.815921942375529
5508,7.08512301747641
5911,7.196187154465423
5844,7.729846776086916
5845,3.884441960884135
6026,6.918386117489636
5908,7.285680512691741
5947,4.375848650010748
6018,8.328120486512658
5986,6.582783161722273
5949,6.680691164854084
6329,8.075511384738228
6029,7.447763232831404
6118,6.745667265207029
5731,6.11930203826168
6102,8.885562687217014
8442,7.588095189974453
6297,
5919,7.366929091793376
6172,5.4117788158855635
5849,8.084164031028651
5955,7.811442458771964
5913,5.129239764399661
6470,6.769036200880374
6141,5.9616742621226395
5721,6.311718749233165
6488,3.2256262591360643
6214,7.583965179830515
6349,7.77685401211117
8425,8.076660576224738
9967,
8435,7.943260653053646
6033,7.840826301755565
8469,7.250595053174718
6123,2.772354011122594
8443,7.423880405292081
8394,8.47750613669782
5848,7.532022047798394
6542,7.512593945837113
6275,5.7146107871370475
6202,5.724834099858369
6554,5.688944148356798
6193,6.00132480913883
8219,4.183268724109321
6466,4.0481165851597085
6638,6.650488564225567
5978,6.379599978465477
6487,6.480895808188099
6072,6.686676439997267
6149,6.8538331711553155
6465,6.829372256184757
5855,4.387231993840269
6032,5.039353161627464
6022,6.6238024200679275
5910,6.021996923108746
6468,7.775565270039247
6189,7.667333168607134
6358,5.986656940390831
9839,
5873,7.17880184857515
5989,7.621751485857206
5982,6.11367981111028
8101,5.5014460818272175
6151,4.557165196913205
6507,7.492558021718947
6335,7.544427408490513
5957,7.422552409731396
6327,7.601559816206787
6070,7.866531105199255
6530,7.93118359480051
5983,6.524865400094889
6805,7.831079863737501
6140,5.098359875209381
6068,3.6812070407872333
8327,7.792342154394182
6154,6.254991203658362
5990,7.613790903261897
6065,6.590255549380579
6036,3.0919979788996863
6083,7.198782663746015
6119,6.409565389307303
6121,
6067,7.794930253994533
5985,7.440990237606999
5984,7.0636155142198165
6024,7.2596067231657795
6469,7.680273512447471
6155,7.154951858351664
6506,7.377060488248529
6417,5.956379822657838
6041,7.547502800605162
6500,
6190,4.793346939066754
6284,6.944287592387488
6492,4.217818816566862
6103,6.926208215491795
6173,7.126647326824885
8167,5.576284812903835
5874,7.931376044966177
6286,3.9707969962356247
6429,7.715075441729089
6544,6.865407854922827
6391,8.415372503308735
6460,7.281230908377387
6529,5.685479616141265
6369,6.160046636497244
6200,5.899157180951379
8256,3.8697553157242646
6639,4.510312063524372
6025,5.460914160289561
6116,7.5189877936635146
6415,7.852556065889225
6242,6.457356755255834
6637,4.597666077539023
6066,6.888218869136703
6129,8.127371264568074
6295,7.5105032145412345
8108,6.674219957283542
6251,6.306577496282848
6497,7.330774858101292
6182,5.590573089854235
6540,7.759066298219189
6075,6.740985264482287
6702,7.213277351851751
8340,7.163185426332054
6294,6.277526764637474
6241,7.6161418421932225
6326,6.164047760513335
6433,3.85086619371951
6610,7.285957778699698
6186,4.764308040975889
6699,7.448853003908911
6260,6.703719790939544
6323,5.5085637632913125
6351,7.887890424383086
6324,5.875479217295026
6489,6.02148553021172
6473,7.862923555740406
6393,7.242826080026742
6353,6.5722616665090285
6360,4.065027330747305
6439,5.450847880776201
6402,8.316296135912408
6388,7.020552340814403
6414,8.111820946173514
6352,7.48167931297292
6498,7.013194253984938
6698,7.203276801672782
6357,7.193666743507854
6396,
6285,7.177407587183397
6338,6.993058191576817
6259,7.362809437645429
9965,
6579,7.190425360963451
6694,4.967283304789633
6354,7.491841213031768
6677,6.503824050055285
6416,6.723664510637194
9684,
8329,7.583725307482924
9689,
8361,7.386392860816658
9644,
8091,7.641389911764743
8372,7.175789827265104
8347,2.951278175707571
8434,4.919597606686929
8458,6.988958024023587
8287,6.957367973817589
8430,7.507535054090518
8397,7.613009996953584
8465,7.240222374650865
8444,6.9321237955473025
8470,7.729721779773898
8456,6.364112967689805
8374,6.712228236450102
8404,6.257578442453182
8450,7.263034983011561
8461,
8360,6.5170175670052926
8364,7.98932850895792
8402,7.6614306234229685
8410,3.3184894125631677
,
