subid,oldfwhm,newfwhm
1832999514,7.230429890633899,4.143474677416467
2216595430,7.818813004424218,4.561004129861734
1867827374,7.477800085680176,3.9143881883933656
278814796,7.558032705697271,4.252382310866816
3103368139,6.83953456572238,3.8846258399347993
1654508502,8.098314299894833,4.6096829485315896
1818459775,7.545859007719264,4.5146958481495725
2748427955,6.553045561262168,4.220650682342881
817266153,6.869525637363033,4.463735514268349
1344101127,7.142664517802717,4.065119847222584
3925705705,6.59989131959476,4.425657629320658
234528430,7.302885665063224,4.118743869388952
4167756410,8.262902031347663,4.441204078614939
628144066,7.323192337046255,4.300727786514312
134279804,7.256415824684055,4.0915017902898425
2312088658,7.744137559404226,4.404457133327423
1512248949,7.552400331932805,4.232488305994096
981492397,7.565958842414587,4.0480587611465335
277233792,7.26603806157297,4.683517696802951
3109186721,,
360459346,7.631040506732106,4.286846684993591
3520758666,6.394180393877033,4.256449194721858
4066124203,7.35486621687759,4.1147414631817885
850131294,7.63477314185208,4.037792758589442
2508284118,7.922162950275163,4.73603627110126
1163553824,6.948531668463245,4.060670287788231
255089519,8.118494285880066,4.278893989078515
749926734,7.728756764120166,4.312207216652681
4284367721,8.034851164044584,4.129914456635798
458296344,7.372146039303509,
997818717,7.130842332859503,4.320369007273959
1498873540,8.04561458912794,4.398008352061492
1604003015,5.938065549531437,4.390608282785931
813520934,7.673272424323462,4.402111075756388
4099541746,7.566447284109013,4.321898314958017
2861717830,6.970569823356908,3.9812870746204405
2871649494,,
2932582600,6.998485386626358,4.129974432709484
1483500237,8.07423282927805,4.360208610432745
3704095570,7.448329556286195,4.131318701730498
1006151876,7.725247448391246,4.34632417682847
1829488364,7.885014269808956,4.238279067451243
1103118018,7.387301820053247,4.334049234270169
1828951258,7.923881363308802,4.279865450494763
2299321259,8.342169544221111,4.309794308391895
2441231201,8.071076232305982,4.465218647562574
3170512105,6.852727603198782,4.115728570926667
1730541924,6.288201430108261,3.9592201328204504
1114035056,6.62972014852402,4.26395917928778
2720014197,6.671286556647235,3.90494794312708
1380078917,7.906705194753806,4.479154576813014
1887390452,7.330103936693074,4.247418224286919
4108002155,7.384250981205993,4.016870105996983
1060668554,7.894103854363573,4.393975625935841
3840869169,7.983415614449293,4.495386787028797
2539603725,7.280046618438626,4.3009900215884835
2442304782,6.976248817426775,4.175979932536965
200066829,6.276816975193633,4.247701353727347
2148378283,7.951096090686708,4.19150876825113
1381671196,7.986396193282308,4.259309830443952
1095340536,7.997435433473899,4.307366916286191
398131152,6.804606901952725,4.59607376775062
3264978932,6.296885274276149,3.9446406604272832
3204472167,7.873567270334856,4.5375163167935995
3062402909,7.621994050619107,4.422698265228176
3870702454,7.31544300559419,4.43738267282038
3896564969,8.37442991837851,4.468028631471869
1645871327,7.570426138319625,4.128803762959394
3925565817,7.689194815359465,4.197921454647014
2170759229,7.134831765744082,4.280114120208508
2788528349,7.578616794783669,4.621874692880496
2215153516,6.726082777339925,4.140192728204912
402523989,7.662775731259719,4.067188939728468
3289562482,7.504589518261124,4.010583355878719
993394555,7.21091813534201,4.219219489218864
2976850765,7.997444191493558,4.025404551575863
1682850665,7.446930936148267,4.29321391134532
2763114922,7.477955836674789,4.661248096826021
3733544876,7.370604119230863,4.158589869165585
3234489701,7.973979277358277,4.338801771454285
1046399178,7.1330342719667685,4.166091533330258
3829047511,7.871490878194333,3.937805731339584
2359486867,7.581002140394992,4.20806797303212
865069950,7.870002945455269,4.150953892503881
1833416906,7.411602232628174,4.075291030455403
3260960488,8.20342687970059,4.057427919156571
3441116881,7.647775925862718,3.9763551844643574
3753613715,7.810640477912631,4.319570476628043
177928631,7.558684515875021,4.138770070044859
4135739225,7.540176491874435,4.143681767003757
1762027912,7.566419011464706,4.3119440762041625
1904270196,7.478448338413532,4.095146335180975
940718928,7.462763519935565,4.220364347902864
3029167955,7.400574818418091,4.134455340997285
3468032341,6.538911026489677,3.801659076445038
1448081953,7.675483394972088,4.163611878117048
579459470,7.27388781031643,4.394213409663546
82699044,7.549536850720947,3.9392701343178134
2002122030,7.2081923397235235,3.8234972627265367
1724567179,6.458277271356335,4.450526234623516
1157595916,7.210873963193243,4.351346662409007
3127082133,,
3362293049,7.6846282979972615,4.319984825054694
490845995,6.240945394834497,
348742929,6.5554968309413155,4.254441653206266
4286784089,3.6960685724035436,2.8747532258303425
2374556661,8.067549119283582,4.251460077427035
2842709105,6.741654404623522,4.143616920761536
3549161979,6.3536417963814715,4.02628459276819
1452555764,6.672414868561595,4.044102878269137
2819146349,7.763858750431543,4.247411108919192
2318786012,8.406171628099678,4.415969912529617
1711930631,7.9044417527513415,4.4008093356345235
1310346718,7.967748536169082,4.244801422574732
3452453842,7.420314446248714,4.002510404081027
1838464457,6.444109420274008,4.3162694911935695
3533807592,7.78766604972785,3.888716437336315
2951167051,7.33480165093546,4.145666613915931
1497934968,7.486158753762145,3.897528274287563
1545837513,6.974499911384076,4.041295332000087
2412716526,7.822018999001249,4.307584671708375
2298674157,7.023905445849739,3.9801559227521484
3506926170,7.969067059210651,4.397490884384591
4069098061,8.025523636497043,4.373200032393928
1506379233,7.969768596589891,4.314442011086271
1942988748,8.144117492881144,4.756704695060653
1963601913,7.466001700461331,4.129866232993637
408967257,7.625169748306827,4.266975217581037
1822850038,7.97403144784679,3.953427281401285
1437821247,6.993948073428956,4.097138971100364
3357695482,7.696630625298005,4.394365628850994
1060532313,7.719786641597306,4.183358373520348
943724490,7.596045611653746,4.048380081188261
3043294809,8.227186695238782,4.150407652614191
3612049856,7.994821380368433,4.359331327792813
2675079707,7.376051975395734,4.183288758624877
3984163767,7.079901328048597,3.718134568384602
2134697000,4.084419756641106,4.378427239235254
4250731906,8.312378000857663,4.151441498526838
987544292,7.194240560643033,5.1276265612687
4026391232,7.5489809504690095,4.211845763623717
1088695522,7.892062642995636,4.117088589775653
3131141015,7.387765554961952,
3991005721,7.059866812993836,4.193262401000653
1761492502,7.25320067281439,4.135811345975852
1123556411,6.817964794844997,3.889909067901995
826824711,6.828889913955338,4.19339621514544
4164375240,8.115836664951184,
1560828340,6.708720082017561,4.383048744290815
2397365139,7.934835038149129,4.241666227977339
2774105134,7.484546223303661,4.072452796751508
4197093898,6.421275466540652,
308228517,7.4245949487554315,4.192841412067877
1643083161,8.070277476970341,4.394758433934645
334290435,6.502089092611739,4.122971649600276
2333531511,7.226473050044404,3.967676166668567
3392035756,7.699726121180845,4.272111736169931
3437461935,7.998831081473004,4.464494729511689
520579518,7.182140920143284,4.196274791379253
3874353588,7.7356906521706525,
272785799,7.937662526490606,4.33687220496267
1686389288,7.328063596384018,4.256861796320917
4211615439,6.530063928534442,3.887583014668209
70214854,6.907103547534355,4.173258087200468
1168021938,6.650255214854285,4.323100420352987
471903637,8.074518353945829,4.201487084588501
1871767977,7.492221295486057,4.170439063110053
1526154632,7.667400061394855,4.1607403418636
2413176236,8.378812750412955,4.625748572830072
192039987,7.256341218459383,4.191560343116265
2292204095,7.949506909928973,4.214932940434579
2696622128,7.1580507242558795,4.085522773190136
481928384,7.786200222636065,4.413064117194391
3177113419,7.322191439452687,
1678076849,6.833813031730716,4.430224721363769
370053661,7.369031025875612,4.22551636335872
1794346030,7.9256650776066495,4.35982099937145
1336976954,6.625247284648571,3.984525038801601
2200266312,7.683834748123501,4.125664745442866
1929155048,,
2333477346,7.115465129821999,4.163986602815964
3477990078,7.829515550636278,4.502329341154314
396724706,6.7901809267005895,3.9427528144087653
2461687277,8.103051641768191,4.395741374801293
2733440164,7.518570792290169,4.271087834290629
1890822437,7.526911764180049,4.299404564039578
3512003246,6.790650441784977,4.063311546557322
1896354997,7.139960996755341,4.166230619757714
2588038141,7.336052347724201,4.271275312118608
1861767482,6.87905316486952,4.035788727227732
3017936002,6.854065017479251,4.351049569559407
3836403514,8.675881127532621,4.843687653858705
1770415263,7.261578683436451,3.9505199880914446
2394345225,8.071647725379885,4.159446068241999
2041229468,7.050349671966441,4.188426374312941
3316130924,7.286284583697106,4.218531438255201
1593612444,7.334183290632539,3.9922946212086448
1620557808,7.4808617964846515,4.226881685665508
1852377689,7.688424819613592,3.869775601745888
3482208722,7.529674649566623,4.330702183546681
1440768299,6.504625106549462,4.290544650507835
802748205,7.6708691774639775,4.150728032568416
2739925272,7.056409718273621,4.045065985345674
2146308400,8.106679973357874,4.150213918751904
3870273492,6.83400546987981,4.228064371667579
1631350938,7.300088331454756,4.195281862600113
3949374636,,
1313957126,7.691658755394635,4.234192901962966
1091857727,7.744968531731979,4.18627128017905
983504031,7.569991314897641,4.707144131128121
2351609522,7.028875814304928,4.299455470981408
746461855,7.285261812920032,4.293729759528923
1447464089,7.861154629369066,4.228284490094033
3538085126,8.908880235148882,5.208953112849313
373574366,7.559759223077681,4.440014381955087
1710493410,6.820860592657499,4.136242970391023
1204359507,7.759731254822752,4.338970343813763
1217141098,8.336316236303446,4.260303861752446
1011497669,6.895904241731031,4.203661191418236
3670092995,7.723568443879701,3.883046177367657
609583468,6.785982875075162,4.107910732687934
4264683889,7.278956148562257,4.046003161122735
360427065,7.339500619817012,4.032719465723721
2422503990,7.236259823470619,4.329149891975206
908607262,7.5804641661637024,4.078971100505114
3354511550,7.0344680537050275,4.062267303599879
4060589852,7.0180036494344495,4.14052585264943
678139191,11.065835492844709,4.751534638149451
782651188,7.578275581495725,4.32515059669208
972336786,7.902649577491034,4.335772594533838
344766746,7.473984030697753,4.083209150974861
594496588,7.692984430641907,4.091077760226842
388650152,7.495721151787566,4.318441604048537
1017092387,7.648436676212742,4.1120908069160365
326891280,6.782660819422773,4.119130102251641
3327313154,7.549161023084017,4.3088463458234925
826730657,7.053016733221907,4.272435778175482
909152050,7.686274163838363,4.26214866886896
3548675539,6.930997861861294,4.1309089045306955
2860715826,7.8045540150566595,4.43467185430154
3501955380,7.268696933780713,4.231985571942135
1901910719,7.5947543504461725,3.9340553166179135
389182564,6.731653656474801,4.175564274903904
2333670705,7.521870002007728,4.440699865000272
2200670875,7.819771476352452,4.334260526376436
3221624404,6.347459181127895,4.133944128441457
1814037649,6.775604934629332,3.888830883073082
861649027,7.62922485029115,4.2371042244987605
1221640483,6.894825439077764,4.0972284864261646
584328521,6.826670099494683,4.180942864584774
4177765106,7.829204013165594,4.10909891789112
3840308617,7.426262466841401,4.090948897741291
292946269,7.2225982132047255,4.176362573198173
2593612027,7.778486092873041,4.388263209706026
3194463561,7.482451464619772,4.19670821058524
985910486,7.653852089103877,4.563531910858611
876444031,7.764807421650513,4.321029620470836
677581716,8.675900498721994,4.312778498929495
2688141773,8.010669129420968,4.126776724988703
31361606,8.078620319713435,4.530726100183097
756380264,7.731149140285913,4.363509446478052
749654008,7.326705943416417,4.372177255049413
2490635263,7.582536052014452,4.1423131878437705
1705895007,7.605976163992012,4.351108741858652
1200684014,7.78925386821609,4.30396809059543
3321448562,,
1310206420,6.432252237242582,4.066159592227642
78982423,7.534030102782439,4.302579467946471
2745152671,7.712471161496276,4.229417578728175
2108841974,7.528935942843712,4.554596919391802
3666908232,8.209959549652453,4.496576999817565
487664430,5.165610021889839,
55710183,8.026880469923874,4.041111035264814
3644730316,7.5296891322207715,4.017564375347021
550810566,6.394436494262379,4.2501756487252305
1240942354,7.969545546776472,4.477815823961265
3704894948,7.340771976689398,4.177497330387688
2182362214,6.600710469074802,4.1079666858053665
612700286,7.094914952813226,4.0338470379018005
1185574887,6.395088794359726,4.039647643769509
1823231434,7.007673300293092,3.769731655253191
845422206,7.490232357724939,4.0980883081442965
1830789740,7.03848616627452,4.078330974352001
2551635949,6.514434822239294,4.160074974087993
335003211,7.53041332943275,4.228334966785264
3345297865,8.200644298252941,4.2242908128062515
3123429468,7.410041918831244,4.240813094123285
355612286,7.600892371318627,4.293729325664703
1604268733,7.570062880507302,4.665263189113251
4269306166,7.660838534980422,4.122020235519347
2398605805,7.285448662050765,4.410772015050307
211169351,7.52538178714843,3.9588857902504944
3032863642,7.888063621315526,4.378726458857878
2537779643,7.517400862131847,4.149809577642908
1730231179,7.477958024462786,4.078311746457926
924815264,6.986087544947713,4.260954001282823
2271737742,7.116831539183822,4.243008542241506
1908959165,7.314208532221011,4.178499728829863
1997401992,7.2391396788443325,4.220152182144684
3104080596,6.183088602335092,3.7177716103364853
1781205887,7.919444646779544,4.23791883942142
429608771,7.382556037942442,4.019264241443688
1236117854,8.122031696619425,4.293999750368114
3117409134,7.042086295786678,3.939809614393425
779151395,7.648691496648788,4.331385660718109
131655018,7.433992080861707,4.195123895445203
3539567950,7.502365901920711,4.302337540170511
1977306864,6.474219094785942,4.081119746395945
3544869608,6.9013681489140835,4.125100415789335
610158411,7.908808339807299,4.396692605177073
3172989359,8.010231219895369,4.223769352955724
1111014310,7.54341242166012,4.508000530039996
401879401,7.037135516465019,4.5159514914245875
3885398873,7.601832041987055,4.26167820665688
3915422918,8.080759607419493,4.45714793343719
195168692,6.988839055224949,4.067717937609646
3807715038,8.042060490830977,4.397775619808116
2823833643,8.112226274233146,4.332386571401644
1467419170,4.414202402274282,3.385444734284551
3923883359,7.910478081883277,4.4947332280674095
1781775187,7.266449406128714,4.266925980565637
1804076739,7.502367678669135,4.255920327916727
681935372,7.727267462482839,4.485562239121527
3569165538,7.240732708008718,4.263461999033709
248585929,7.146130031957996,4.250165179503562
618085604,6.996603630754837,4.447301656439484
2822781649,7.56170145049146,4.106753602213058
3323308438,7.4488395735552,4.060526122258256
2762202970,8.117045193362575,4.377854543432234
661770582,7.8306152898569685,4.469084558127985
36895554,8.134221211873662,4.401546374669115
696727241,7.824155543058427,4.9672049916379555
2258551019,7.43619092249628,4.140600540905861
2487099305,,
485017822,7.885277321017854,4.254992317851781
2671429330,8.063712731543578,4.2418377807440235
438637277,8.48638152991261,4.506964420308643
4093356685,7.719432135104969,4.174387993973805
673480448,7.641070611419363,4.425201018513102
2726208310,6.6590612104360005,4.33656961079127
1536441148,7.31488625156299,3.96164730935166
2670354621,7.018555446520412,4.149655353425803
808687263,8.33695832205336,4.398340170193305
3474248854,6.9545546749235045,4.14636001367332
138434806,7.207309804645948,4.180398481865436
4187598678,8.379249667954788,4.408736676489747
2318003050,8.15434976789129,4.200161533439334
3964606343,,
3194237272,7.853482773049501,4.266168697712525
1094939473,7.7628773956164645,4.5574590994452935
2285120424,7.40484687949965,4.389053866249157
1910420386,7.8615690008382275,4.38383120054665
3678218578,7.482609189247593,4.193345500459952
4160147836,7.772324827829916,4.345313666559901
443632695,7.364328879933107,4.251984675505637
3621702873,7.776784440263463,4.378871352410729
666666729,8.497091123190671,4.390634753138213
1547173705,7.794590765478713,3.975754554896184
3756388677,7.770917106413797,4.272779458181393
1687224870,7.936556876601652,4.2621175843355905
410808047,7.823845601926688,4.245190036349224
1786222403,8.22679735981829,4.591174622680158
2585124211,7.779270540563415,4.391916747776076
1697816442,7.910543606731858,4.862128528667623
433029449,8.21962535535055,4.679784763884841
1081730904,7.625139536521586,4.545683874645851
1786758517,7.807331217099923,4.141361336493291
2533255886,7.749948169921861,4.3128194810021405
467305309,7.138001999579645,4.075500505909177
4061437282,7.94381250836565,4.569281638293375
1887252222,8.598580614378651,4.32888386107649
1201047966,8.154536945998833,4.305331846970229
443652258,7.942378138753615,4.053670727878755
335104664,7.900956810806236,4.18826965106794
3818082974,7.860832026873922,4.350777488583004
3724047858,7.9258176406503,4.1413277660552685
2051099070,7.7754841168370055,4.419853782766707
574930953,6.550516089200321,4.050470896390346
1484543503,7.718989625636683,4.33867905895878
734794291,6.985986909792198,4.205924375077952
624076698,7.877384964523028,4.192094705718817
4276974103,7.657915268495956,4.372669544692859
1799875502,7.821671508413438,4.476428152272388
3769010696,6.987674647613135,4.056420914201011
3724155829,7.387644812762193,4.223597892397519
4160502168,7.873746440914194,4.6726627962254685
1934623281,8.16131854339925,4.37567592012069
103652366,8.388820046742625,4.631688098098359
1752698697,7.229872633280247,4.103095379443726
2026754591,9.025355003385167,4.660100388712194
2166835733,8.15150172617389,4.411757737073432
1348459455,7.689131558822555,4.314418502996847
2932569616,7.255742010539186,4.0439112471975225
4016765342,8.018423778282756,4.35483037109407
890147203,8.14893420534922,4.069279267088662
3445089839,6.221670013292463,4.214367793491666
307804547,7.818805615643511,4.306227082364489
3926498329,7.784610728835388,4.398510250979041
3346107281,7.315417816626467,4.198073468471573
2675724304,6.818079563829791,4.314904196548934
2816126335,7.135242691225046,4.147522284749915
3516454823,8.219101249476466,5.044587335723853
646773252,7.853602040484485,4.465351571059295
2404418579,7.785832563193978,4.218944023120114
2175676858,7.340198446801088,4.276011725821335
2017765808,7.489774722350605,4.2691916983646205
4117238293,7.516026483500516,4.3858258334350655
221853583,7.260370250254323,4.109024796426068
4242587695,7.799137308143732,4.539245637231645
3901605230,8.224045030531396,4.380153949940384
3866325191,7.63066498027171,4.363199160349845
835121147,6.718714416673946,4.024199549134077
3147576269,7.52687660886145,4.2448508915182765
3749102689,7.5959174897777215,4.424796393347743
3606976091,7.809992168920725,4.453601352168482
3876784770,8.245325649222135,4.2060058265181155
894197507,7.876466257778108,4.052966451338491
2886590951,7.385871393821256,4.563100173868902
4040716945,7.055072145620314,4.284153117391075
2338019591,6.293148071313049,4.011502032700013
2706712860,7.434380996009683,4.168859255827824
1351409340,8.034559963930729,4.424592511694083
1735338986,7.532517024602347,4.270831076376604
3410573615,7.860258056462705,4.361540744546015
3317140614,6.812962522667989,
3993637691,7.547485316573414,4.147580417424207
420900014,7.477002113488677,4.374716475809737
856706691,7.243090142163182,4.139065741905039
1819013777,7.196083370370046,4.107884075665216
447775004,7.8496856868537535,4.241778495250165
322458406,7.961721261282588,4.229432705959926
1630775946,7.841047002230235,4.307954143687288
3371160733,7.490066286239835,4.357400437977119
3010264843,8.025631640246957,3.972632838092351
2852081635,7.192820656597356,4.278916911627474
115784129,7.678715205275868,3.908151695590344
392818846,8.248969281328637,4.216905303107465
3870295870,7.824813352979867,4.112243527539672
3925151495,7.775599043398136,4.207681978561585
1030193285,8.207311993925595,4.027403395359243
865678636,7.303574825267441,4.356147674010896
2457761447,7.598020679469198,4.235390465788928
3637736036,6.131687165720119,4.8991931855120425
2033463791,7.870339482069613,4.374485285615598
2047595784,7.601158148923475,3.99696803128808
2321665294,7.453213084329452,4.205705967589497
1915807892,7.7769605633714605,4.519106249858009
3608113928,6.7535995156645034,4.501554759907619
3836020010,7.696176227195233,4.305431774162088
1157233457,6.576677847859952,4.487773130612413
3474496151,7.7928522245130045,4.19010744335867
486306438,8.036902628531202,4.403649205218212
3655426254,8.085040932991548,4.101770496966503
793702653,7.745836190572436,4.218410641034843
4239005932,8.289351061433068,4.500452644386658
982522394,8.163013886361542,4.418022170915661
3128815857,7.7743639292899696,4.315077691872931
1612290284,7.981149884565198,4.17905532194449
920823026,8.00099415840799,4.55742128223692
2990984557,6.998247676699345,4.355500890546461
1453109530,7.902260671415808,4.462943460370458
119126177,8.133666797747303,4.3382236051657825
2319274290,7.793786286029808,4.155625215488072
4026910516,8.121983601664553,4.442087078976073
3138616935,7.7731488241523845,4.347386245263478
2622330033,,
1992060521,8.080963768461867,4.503750078899592
2308648032,7.512322165998169,4.2137942778590505
158779019,6.572013690235542,4.085781771819266
595113616,7.853888456186527,4.310068831182697
1569761975,7.404406843846864,3.9833379218024363
56162563,7.831971397871836,4.191503047404837
3685268115,6.959829798633238,4.019037080074083
299894413,7.091321767053848,4.475417541791649
1214132906,7.8672593461750715,4.297316802342844
3761349403,6.541561642177518,4.083754990486663
3730474103,7.739637301846319,4.278003430384074
2988053796,8.326999132344069,4.3638134368755175
1616242378,7.824180861595989,4.345726661261044
3123810007,8.012026028634352,4.20269098396584
764315034,7.231187469469289,4.430048793770507
1602583606,8.137777852200447,4.340255628922378
2925300630,7.83384469991415,4.305090381423636
3696718394,7.676365940804597,4.123206216752688
2175309663,6.811520827280313,4.426975732947853
2397937510,7.303207110106132,3.852037518974312
210534092,7.531025097341795,4.033907221817897
1991567562,7.666284304482399,5.00215855745372
3095311898,7.986131163476294,4.445904749052219
2626581416,7.288667660609744,4.196228924238151
2588125611,7.719275766967955,4.335127487682085
4216533717,7.333399428232338,4.103158592536794
1584150953,7.54633309154635,4.210176204859348
1930702369,7.296748167684619,4.24285401126436
1924109233,7.373641952296907,4.242996340152858
2705533334,8.371948117708213,4.558268779977418
1795409854,7.841856392326665,4.856228871790446
2464767924,7.534807637467839,4.241535732843223
1216701855,7.277797620323877,4.382118008543012
402577805,8.069658223031762,
902534154,6.758841424803727,4.387005392914255
1228855311,7.65461968953171,4.338211525909806
3906575236,7.599720098131708,4.289685749474905
1403873511,7.851007328691285,4.444930458497487
3498010347,7.518133927755246,4.258545301568656
60021964,8.270073532228896,4.308091888088321
3807880204,8.133122388722363,4.1898967411933095
3245954075,7.792159164877211,4.144111250055626
1046353426,7.009191636221321,4.119550461250914
476252579,7.930628294699239,3.9820953128021386
974108074,7.1726260917818445,4.219305381367714
1827965364,7.891507753062047,4.2551475103872285
1190308761,7.770629113146011,4.067828739836832
2928085046,6.116578395421925,4.116609752147157
2939479952,7.627039394994588,3.9196906706256303
4190603704,7.7476445379010315,3.89487071904387
1743802575,7.111309965175682,4.3425739253619495
3827457731,8.044374779042428,4.2024230364365085
2884386695,7.501201637276428,4.431878097734547
2465300344,7.216882063822198,4.1175357391217275
1860819350,6.50423493513215,4.17622137450578
2423596559,7.829474470555321,4.229437266563117
462702505,9.376817414953749,4.314134415789609
1638715823,7.928138749107643,4.15613373442286
3331201553,,
3225665554,7.5006226285909845,4.287478397608287
3837482902,6.972122741471464,4.2104087219905475
3342182273,7.3057340493176435,4.258437836535848
2242628840,7.582253485069214,4.342309550024078
661364701,7.854633754911625,4.520047449869921
4065001465,7.437259095009214,4.483143360550436
2906198493,7.681824845899875,4.216214889098217
698185794,7.802096291605164,4.214835274224776
2256834144,8.10553623856258,4.496941999853435
4240185446,8.063255159345948,4.417008819581136
3290096905,6.82593456427577,4.263001682149548
1861299663,6.546289450114543,4.096116429439588
1162141764,7.055057719862512,4.26375359710964
3227202635,8.016166278768871,4.995217946384378
360338543,7.661603251221889,4.419268971120159
809074299,7.452527498525477,4.375262203524569
2171240541,7.052885146465026,4.124461394374151
1834939056,,
3931419723,7.787584161010361,4.217447595411627
3332328549,7.680388471364938,4.510862087089552
440314957,7.683774686010448,4.286381430520673
3931956861,8.380440259870598,5.372999638312534
2311595124,7.947542871806725,4.3670669643682825
3744667754,8.225259595763209,4.253249409465827
3530244209,7.784833445633943,4.407647260383645
1502224855,6.385326843481799,4.567409841047579
2824066679,6.835015338208779,4.49140086889945
2795844072,7.805382085971751,4.232280571349448
2385983560,7.727968485224237,4.233938086677219
3511452762,7.171599847332782,5.348840979451218
2172281415,7.537786466213481,3.9646948308280616
296947353,7.864378251263218,4.289398162613879
1804310687,7.524608908248194,4.567665273380088
3482761158,,
1915723430,8.171595741755498,4.437935538607488
3279245901,7.59312112333333,4.58548817788719
903529086,8.044032933115055,4.694651473567169
287967180,7.097491575318418,4.770826668503309
277985884,8.400281367150544,4.1072782206567515
1513930399,7.451793752346971,4.17961812142781
2375649228,6.543359057695084,5.05099707286309
1924569075,8.353173535486771,4.283568661137209
374130224,,
419535935,7.827581459980143,4.529648967536729
1607889954,8.14809304014363,4.589858863795675
2996472019,8.619065658593525,4.412688559534996
964422005,7.413479172876095,4.658551060890316
3945053428,8.002484689498823,4.620486475371841
3809989470,8.026758851666328,4.492966039090863
3373396339,7.710676264592472,4.56680586245888
3831608525,6.294777534849482,4.358481372192229
657998684,8.257247050053374,4.363733415038152
3748226758,7.702087415816778,3.8546075262742074
924632425,6.393524391317907,4.165081040865124
488302404,6.8459621046697245,4.1433387426256
1081366850,7.590093111984014,4.5626736993948525
1410948099,7.799733139117043,4.407737799660289
182017409,6.609804621572143,4.3757570488520035
3052691308,7.550945594724372,4.46672548390814
2428446542,7.484337359808295,4.31429422621399
2254317902,7.271883076915907,4.580780009374245
1547321683,8.084068845098313,5.034833007142157
1649501759,8.168564437695247,4.682182776611316
3565014343,8.38512640806153,4.39190229845088
986035435,7.963241853435855,4.32116652757546
3319985890,7.32468123415734,4.880379245893719
583203611,7.372796333623587,5.451860972389386
3176046588,7.947474132822639,4.278014666558532
1222568744,7.659328108301483,5.095722559306976
3888585994,7.650647992514421,4.0767730246179985
3275217080,7.675133452769485,4.424598015161963
1996891106,7.933521183010144,4.817884682758891
2766838213,7.849040036282041,4.42700743785328
4122649464,7.867783008384035,4.473518162403832
4231164226,8.262036268121618,
1020132225,7.72904904375996,4.295245522303959
3171575673,7.6044538248046445,4.4374292289720545
1638126951,8.587155428612267,5.218784471915652
2529143538,8.39723709368617,4.41787923735735
3039910629,8.013065842238507,4.674517459688292
662466380,7.954470097495277,4.387095051797331
2895974122,7.712153177375094,4.656737024338369
1564801354,8.105738200497878,4.459066918670176
1560233178,7.6688634190460725,4.290730137556353
2748843731,7.4931639344717516,4.555191541304502
571955453,6.758305853710442,4.2974155050702505
707016535,7.213805723987408,
51217255,8.06025732419624,4.551751016510421
367320913,6.086610809812057,4.53967369832473
2322119606,7.844016112372549,4.3832757415875365
25811472,7.780173847886129,4.35944441682318
1968175551,6.313206534741858,4.3959606517213095
2485879167,7.56801135297871,4.474041327344416
3214822644,7.790838860009179,5.189232754517804
1819473619,7.90724391216419,4.377084230789862
1084860562,7.436899488614999,3.909897713437144
2085520575,8.447086436961467,4.549955838696101
1924149526,7.726948994409196,4.102944618954897
2625914260,8.38116776391131,
1384982728,7.723091578996355,
2336714673,7.0849830413819515,4.458393595074097
2194652555,7.57581731102162,4.244078678536639
3906186680,7.1803257149690545,4.398740353519602
3351164964,7.746219446730553,4.266603399920844
3481634232,7.720339990021483,4.337053920142131
2824389829,8.059610232024225,4.521913797700068
628391776,8.12769028119663,4.537291920130483
1782265789,8.177211281728274,4.277691263771757
3260871738,7.142900962905863,4.209414383664678
3753452353,8.189470464486815,4.376132493599563
731048453,7.896485072994073,5.002059657659927
162526644,7.92660753154542,5.017042180482192
2074348568,8.502088568717406,5.139152638519873
4136155069,8.307052773876558,4.494033369689218
3459140306,6.890383122469516,4.218516186785151
4238772277,7.975917775463165,4.242926112246419
3743427092,7.562404603567776,3.926199816835913
2001714085,8.028385199101244,4.392223583703218
3190862186,7.9710238960667645,4.301056530605965
941151156,8.309300748887516,4.3807324840363
2311827557,7.929606504160014,4.364710255302694
2748158536,7.584825421419936,3.933443157605292
3822559318,7.787124325110864,4.52118019386528
3253387239,7.41203510803732,4.4195147211605885
3719615756,7.321333346788564,4.032366834494639
1448457386,7.987868177773469,4.280698925727536
952845911,7.52485362136367,4.2947616744215384
2333937949,7.4904636773891955,4.128126612393299
2828263690,7.9254618629651405,5.34432905814543
1901159589,7.520810275265114,4.367820642574605
2390107820,8.054588091895733,4.411106228200802
93800202,7.918579949079135,4.629628088238297
1570413707,7.360204450450159,
2167615125,7.822237521883227,4.279661739430444
2918766267,7.842660433982755,4.325853711400173
3620213387,7.953971706482109,4.371417046082207
2729807028,8.190570730287105,4.430124372566105
2253200176,8.387375641070642,4.51687088619356
868703738,7.340729955675666,4.16049058248185
29811890,8.015212879079117,4.455563831892325
1942822174,8.336673904519856,4.481360331929381
2933854864,8.177530142456732,4.612475315542636
2799972108,7.9528514382978335,4.469641772267658
337120853,8.424109212793052,4.52667698590912
409133707,7.693071871952184,4.132203621000624
3443753647,7.800054823197968,4.820553771144281
3209198339,7.888501035707157,4.376298655746515
1649551035,9.469540468318744,6.418698747801492
3438308617,8.0244661643536,4.373417338134555
4205323727,7.644396599413741,4.998935250314882
1531930180,7.5641475751250615,4.477576766541878
834809108,7.632979480827791,4.089538486152179
1885577882,6.131754680759984,3.9820556988936753
199809850,6.603954057436118,4.0400591600082
1050116930,7.553016394297607,4.307907299445634
3014879953,8.143107538206836,4.278706798563852
334468298,8.020715402547955,4.151327910773101
3221434093,7.5832263970701455,4.151236962113554
4268231041,7.511325332116313,3.952188176658953
2355359789,7.816023620931529,
3533959599,7.375587136576901,4.335345111206639
2272230240,7.674495448697531,4.3656407388190335
1417920839,7.756491507369398,4.257812473434948
4196502261,7.279200579236099,4.246726306831577
2880229752,7.739173353640301,4.305813999679117
1679688116,6.8683933452114285,4.066940436564011
1077126454,,
1001970838,6.304997520913768,4.191616512261512
52306425,7.59225017977347,4.073159739617957
3289273628,8.045200543500608,4.451111473339577
533823633,7.571222213029969,4.18586671185813
3917353122,8.039990944405158,4.271343776438958
3082686752,7.638411356302103,4.18294685327591
3806576780,7.559521597649041,4.266832735448287
2564511370,7.208610047281928,3.950915101802298
3573560794,7.402073870431027,4.34850433538266
2625808132,7.576077887075057,4.452537259513386
894864165,7.743834069681843,4.254519067988597
1000881804,7.957713947496189,4.3251627569035485
2588900615,7.279962775547485,4.062636752530932
1826680116,7.908079161837387,4.470767578222323
1076565274,8.024070085296138,4.319054093414598
3419043004,7.438714662835221,4.226152284060569
2626352434,,
2161418201,7.941111852572987,4.459996051155087
2093758775,7.453024244099802,4.373762221258789
1342685465,7.45555304842249,4.340160334707678
2691009321,8.355877089371912,4.399674658894905
2367528097,7.880190011723835,4.03707922898075
3745413288,8.15273753268235,4.32685987657414
2885180167,7.449840122796459,4.0472645822756
225017631,7.205298934805493,4.456331740820623
794058926,7.9531282421547616,4.1839652429271
1161831083,7.366942375271264,4.376067925494747
2919917027,8.1837508026265,4.529159686869034
3601751755,9.695744046909043,4.325860544957109
1433666289,7.730953457493423,4.268156515275296
2884173160,7.731514728370447,4.304048319560848
808262395,6.025947662129839,3.8409031546031023
1110356321,7.635225239337072,4.514406503765803
3930136784,,
154667058,6.842162350615669,3.925683331751702
4100540491,7.317905996004912,4.157059019622162
375475352,7.724748858361,
4095893651,7.9209357903962685,4.38386845466319
870991794,,
385564988,7.86990656526178,5.072187260744007
2420532406,8.054718848408294,4.589005759475162
1566869901,7.596903095651824,4.293628495494321
3891584278,6.959879657445011,4.158460282504372
713088600,6.6586803996892625,3.788601729490743
1391684772,7.575531542056382,4.367569415759724
3486713588,5.826069120895164,4.720895086469555
1196527465,8.473828061812295,4.541335871026483
49408975,7.925059136547148,4.980783152821092
163259093,8.043676540828876,4.3425733012912175
1280157702,7.008586714088683,4.125480345321866
1204013299,7.426475178427369,4.42608457564721
2066354189,7.903889439424276,4.5479246994361775
661613686,7.828415634394209,4.526345109756723
898340201,7.678639046906849,4.332072218468146
1342487188,7.176342288795616,4.7953965466926585
1944147637,8.204146173880327,4.207560410543842
2808974219,8.110157035884784,4.21347387930787
970890500,6.7599818617333955,4.494007018711943
3731824395,7.844999794719847,4.079510911646113
3675945478,7.900276797123669,4.3593035429978295
2429770946,,
1485100276,8.125076179528298,4.351223980633305
619635668,7.995353350361936,4.4443630426594884
2664902924,4.24105641342263,4.808547277659986
192413932,8.130505464184965,4.185891060806546
2108937486,7.922038814099665,4.948672160748539
864032752,3.607279173405576,3.8074633983730517
97005004,8.051876474457632,4.4383348286627
1254730664,7.6716423679979595,4.282119868979193
1687315516,7.90042087996489,4.46674147351399
495793681,8.346569019477435,4.896993166969048
1479578650,8.237050881231443,4.352144741162802
3782270648,7.65698389235221,4.42883615869341
113335479,7.526015349348217,4.2193629031760596
65198031,7.639859753031626,4.2373206959919445
1511417686,,
2347753317,6.325080563164926,5.014710086617968
2657079253,7.876440424348074,4.14013470522282
674306142,7.909408349900154,4.232753371624118
3539717209,6.810396747502874,3.925264669556079
812909443,8.044183887392647,
3410508529,8.344956498044978,4.226222771400439
978316517,6.950648988574116,4.44159204368898
2152052186,7.256400651872962,5.3125967993309455
2147091664,,
2543780112,7.4853011045420255,3.981884229972595
1512563087,7.2704082981905,4.463950140696734
2604857252,7.218756472992296,4.541223295116546
1334116930,6.305601038902207,4.229640649290508
1161373229,7.8341754796552525,4.3463152585422575
1101490424,8.145196299978455,4.378409430091866
1472207263,7.624663886164864,4.193084946393001
4199436321,7.5641653651156515,4.334636477133261
2614145086,7.057474938166743,4.201319857963885
1637723952,6.527764114263756,4.203707430582427
3691492943,8.203623959223819,5.078407820493515
3321849919,7.8791416680237445,4.181047009600314
2235019065,8.075692358692526,4.345006976086051
2070099435,6.730744456598144,4.002846500842145
340803193,7.488858446329072,4.126085435387366
2876352000,8.164401546198473,4.4463871529344745
3093541482,7.22494539499946,4.335780107027675
2180976537,7.800874723489351,4.471456204803848
2170880573,8.133060793656608,4.317799528313468
447184381,6.973349718695689,4.795022907377817
3458965699,6.662319549085556,4.063144495880438
4069824072,8.04481143491759,4.274914429936755
2074860152,7.174277135656361,4.299884850721324
4290234295,8.41427882500952,4.460266977828326
4198853043,7.817190875482054,4.2405543063813775
1150278162,7.620312764787916,4.3168569659859815
1786969075,7.6525830957839025,4.407092849765016
2657764686,7.637814632447417,4.327582651694545
3140512536,6.832467715883765,4.220443658590271
2978762615,7.549013533867765,4.339045690876216
1097398405,6.88888815667939,4.509815552584906
3271604994,8.343860978855796,
3970800099,7.774525615363518,4.075520631639265
1489422464,6.941440945583323,4.3119601424669005
2830121192,7.999632223113299,4.497427493166745
3262225790,7.0166471452471635,4.1038209033336726
86226939,7.730895792405113,4.384022442402188
2719078954,7.954191388212154,4.369416179415516
718830447,7.257789420317728,4.3240416023311035
4215014897,6.749397126023129,4.220483121175223
708998859,8.30695842457013,4.521308550182443
3607981599,6.777998218882323,4.103795311121881
1000393599,8.138474020102603,4.0355498362953535
2239217267,8.0492388429545,4.255408328415394
754671892,7.377228258218308,4.101756593034502
3410682651,7.299758848892009,4.34628195226214
3722539437,6.349723047060568,4.448567457118998
3620165734,6.881921067671333,4.099372126465642
2048917421,6.7198739279478525,3.8974296650646156
2340561949,7.584877498417881,4.486830520952581
451261789,8.279374187549527,4.4267544193089625
1228891697,7.50436340970775,4.342781997055978
1838048191,8.090236140837723,4.348044729575613
2319442352,7.88793468227051,4.298823154889528
1307181116,7.775450491611177,4.2647698770397735
2180688285,7.4759979890853145,4.964905415496459
1177503761,7.197149697367649,4.36945941547616
2711538206,8.145599100531962,4.49600011130268
1346910582,8.159529265600195,4.5778436484551746
233205461,7.985366480862658,4.287967230491308
3683182920,8.240812629395744,4.405547755929803
3450122487,8.095896207604147,4.290210814310815
1446259968,8.122160643328417,4.340148964427173
372100986,7.672391765571582,4.672480533959469
4292903812,7.0584512329374025,4.08462974836992
3359871584,8.256679465209693,4.356065207649389
1317462,7.517526950955879,4.328743792458806
977404127,7.751842533045644,4.1953880697208
4006534625,7.445115820111502,4.230838080201405
1525589082,8.890365596666031,4.576358471354392
348711479,7.974238327855505,4.130867157720382
3545637731,7.530325264473684,4.078665726624916
3647998632,7.284304116054367,4.386244594717746
121697273,7.778218975410934,4.450614917297497
232853819,7.60040896655503,4.381599794707096
4113794425,7.866620228346952,4.52014654710419
4118326689,8.280032080640101,5.0288042334475005
3381441522,7.832382494044591,4.340008613328528
2022868892,8.540867268584591,4.657508350590958
3892575145,7.161995434344323,4.211221536627982
263354790,7.41606564707267,4.041353077436402
3445216767,7.436077398345582,4.255496942370536
1785444398,6.7722066312770375,4.084945420010518
1547584703,7.696329677126819,4.2142935942172395
2361299150,,
74920331,7.850590939567725,4.477004453128343
3917125611,6.962911951029411,4.330805736790164
3340851327,8.238728293228192,4.516214156241112
2814825506,7.2098696954707355,4.368557971095055
253771324,8.409872627663905,4.318825984776859
2280234873,7.634343994255865,4.189326514865986
624204289,7.752666782642344,4.563389097546979
3346511370,8.229292087020525,4.575131566441321
527463413,7.944297637555777,4.224493035723249
3552163094,8.182469670019659,4.4066710903113195
872953625,7.76992148068963,4.39329724575063
2450905343,6.331226445653783,3.9422498524254688
1812622069,7.637388145453769,4.4362299773320775
43606631,7.148996586410495,4.308022187292462
2620895813,7.81133354769154,4.4068541613840635
1365145510,7.892282310853895,4.406163546802516
2129564650,7.596130596576853,3.958444420367049
851427152,8.031127949502839,4.181031217917213
3506213723,7.3752345038706,4.287507408673457
2981829638,7.615843717035082,4.447934687412364
2726043986,6.826903403532288,4.759999291880947
4107507507,8.02035554461109,4.3399029560531
716537879,8.000674853938142,5.037788095251506
860920010,6.936602793286948,4.192235971927589
537502840,7.879433204091579,4.401539217078352
2037552598,7.417855951857184,5.121299572950249
3809027065,7.114841553734634,4.308569690631011
1250648840,6.718986549963234,3.952390374117676
2498589740,6.900213645947808,4.122042649807193
255246595,6.756563260853516,4.087010110111033
860165209,7.872646431005265,4.455838330058028
2894537898,6.742891936743152,4.101600100205442
3869583798,7.273082926935828,4.012994210689428
2151592349,7.871658008958287,4.019208885086398
680441334,7.961538853789456,4.437853278909819
1120459625,7.725221407175037,4.202378808158441
2776193382,7.970428323399854,4.434164457731733
1673549883,8.137506060952726,4.320298196116321
818654763,7.746048787945208,4.249604948745266
2319858717,8.105690899947497,4.601531732260739
1357417369,7.694672331932591,4.487683249013651
2165388202,7.958756195209706,4.402312909583439
272468530,5.78977028555135,4.704327868876629
1172262944,7.838981719836725,4.557404984418802
2446607895,7.661715383484574,4.156567916267508
11407866,8.063943192395183,4.414133583550814
3349861642,8.238960902611025,4.301797020549513
1039797417,6.8944135576071695,4.388732754885459
199547104,6.542335021691577,4.03813830598739
3847306693,8.073262258511427,4.352863242317313
1303893979,7.082278957809946,4.321648735078796
3234328642,,
510706202,7.833410878093482,4.326400723190289
2649991749,8.166475474044386,4.479635341742904
3552602299,,
3770031954,8.316419313759072,4.240335324454529
2710058273,7.884204906298031,4.439656007050132
2060298621,6.129657864310632,4.057577799695281
2896375520,7.944064656510215,4.058534336292044
606185341,7.887290288612772,4.0619715214700305
2202346713,7.492579381388546,4.2502127284914115
911677944,7.763735777143099,4.099234873946595
2184988827,6.696704580769765,4.393448273230026
3732485344,7.274918306907406,4.2513373774035115
2610067614,7.672404755398887,4.560030849018456
3891810238,8.06011825563809,4.238210387968982
2105801105,7.56095589535264,4.332580390024973
3117043986,8.099586213863246,4.169260916746822
1748232481,7.362710817253984,4.350519650209418
2714001943,7.609343844967114,4.447399998679954
2057058534,7.963032627364041,4.4452456392369895
1877783147,7.889124895166608,4.2943682625907265
3793444603,7.74622004764494,4.5315258047084015
2658232795,7.715602625415816,4.2784426791336045
1922557027,8.23718273660622,4.254811986132921
4284483827,7.710989892822197,4.16061745013416
320127697,7.425851528890235,4.474280709457318
906347615,8.456171944899033,4.381860516998137
2804514247,7.512970691948778,4.278536798720208
3747270459,8.133481395660022,4.499042664453317
189913356,8.512704717291856,4.5888570342567085
2259039644,7.777895798887876,4.295992216122903
2424990755,6.5958841860204,4.828227194072719
494764211,8.07185765916022,4.2200759376437444
1572161461,7.8148507668216665,4.5346624758328105
1145936325,8.016078692378821,4.266263751060149
3814863545,7.902145438974607,4.087208484971915
80982198,8.304710514785873,4.40676926265237
1222330281,8.246628284745134,5.329868395744346
2933325835,8.473474923966425,4.36517834811073
3539345395,,
3090659941,8.257877683892673,5.077817205349008
1744430207,8.722289435076775,5.172722165099965
2691116331,6.964051108398561,4.0512959448852595
3392963865,7.432147030615678,4.059342671563505
3245755395,8.173066604593595,4.144881577288788
2994983988,7.319624847335724,4.379055532419761
1779232530,7.890462169831698,4.459403296305055
1382465428,7.210816996797569,4.3392995717075955
2110496117,7.722772870577791,4.263255083078337
578652819,6.239025112071223,4.569587119550012
1660839245,7.72261157596817,4.224229420221435
1043634177,7.03929499744178,4.211348061252307
2240499373,8.165068123165012,4.1415517606751875
3598760125,7.935971438351103,4.439284401164468
3182049011,8.075708605225625,4.6204595500235
1764158413,7.648613616902308,4.453181071312106
2647545200,7.885694203435396,4.6478365388062075
2877714252,6.095062082190902,3.9555850150487495
624155263,6.161112815750503,3.9221628637079675
3972288841,7.552956005074307,4.57938562280063
192271174,7.122820390932776,4.37188956523356
3386202055,7.095967156583822,4.245775454401
1467713509,7.669667298792795,4.438506844951738
1998578790,7.400738843000209,4.350273611633337
3920704580,6.752336003652624,4.391706758654539
2670840190,6.50896361572397,4.035162379967383
3813030131,7.234704289905828,4.214680248824571
2112415953,7.9563950958997465,4.732355309608576
568769650,7.668708399194488,4.329720017497115
25354225,7.088203031152141,4.513222565405964
3150163478,8.299057994993785,4.720830881939379
3255836650,7.560641441206087,4.094680591048111
631348709,8.046735668887363,4.23263343450677
4099417558,6.608726361014892,
3138342343,8.1081329078551,4.747126327843202
473767958,7.3135469337346555,4.7387687067
11574123,8.19098998900626,4.684835475474925
1870893305,6.729324873618745,4.044483768172234
1615516059,7.552259242450301,4.202211848689742
1152449741,7.882096800751414,4.304090123292804
2100052286,7.566490835978451,4.541350812517755
2249226316,7.003837955199443,4.420212970320906
3376877661,7.671657500433419,4.352520639538307
415148142,7.397056728115501,4.210991655844743
787911250,8.20794986192598,4.2990839816325686
2499963942,6.704542035981257,4.166725219586875
3373021317,7.819313860478526,4.565859855561722
306816217,7.849603104653424,4.3821398426499485
1651940244,,
2935256495,8.320200428277294,4.4930892747368425
975856179,6.7852829148074445,4.237136631229844
526023406,7.593128177627742,4.230467078087794
646981992,7.848907959679994,4.534660849318164
3549674509,8.37794176560543,4.25870027567038
4093108110,6.727002823151941,3.9423282366358716
336426329,7.0381545235308165,4.087628513799022
1299596535,7.78102377269169,4.3881678536529405
3930335526,7.803760898433029,4.540684289811763
3692156343,8.03499980921363,4.523478759216075
2470886822,8.253000186276296,4.54867143858226
1137076695,7.445322136154415,4.204022822673392
1068261111,7.873411125838191,4.306837198821281
3076915122,8.09481529915163,4.372160633596818
3711850368,6.965625332474467,4.093566026542208
3185171421,8.33966497087683,4.679752970799557
1516788178,7.901574901009453,4.262353482705748
835001493,7.570930408129479,4.379399186593291
3846816171,7.865655259159589,4.383920896759743
4133213633,7.813808988281215,4.583665806857692
375434957,7.807901853498454,4.386461477158134
1496827612,8.12925806061034,4.25886051774139
962036104,7.380739184899494,4.274092396362399
2718695342,6.885361946316135,4.626364556925166
858211894,,
1873729948,7.354657053350917,4.087398271126727
23295301,,
1481550494,7.01025244734404,3.861226561900975
1614363829,7.66975019025741,4.216796024051739
2982184070,7.273356607592545,4.283370579724871
754064811,7.6536895479743565,4.377975786276466
1513736265,8.210340867725833,4.621690917638516
2047559103,6.751875434674357,3.750098793140429
831081379,7.828078596857549,4.413508674146405
130118047,8.098460606103101,4.364752210702639
1671345251,8.214260725034245,4.3756897372740875
881641391,7.447858485164406,4.369024553105314
3758103185,7.074822262642961,4.705247334253715
4174857942,8.171905740961536,4.512001843951703
3712060241,8.179858014741988,4.302864273349634
1605617010,7.324605858153143,4.071627583508459
905292781,7.775018646047705,4.984735182038335
1207361199,8.35652191417861,4.6397963205226205
2589790495,7.045228417120049,3.9586695621885366
486404664,7.744465447717714,4.232596193929979
3524638841,7.702357633640086,4.479184430583792
699288066,8.141137891099337,4.484207448907729
1238240598,7.36432587734253,4.148738805993687
361460013,7.097278243577063,4.182472234405181
2715820110,8.433178291520093,4.239559778497338
2544376434,7.6048163737177825,4.546163998492678
283366029,8.372594047021964,4.494746805511656
62582335,,
2117857991,7.415778302872067,4.699071445288873
77390767,6.781293862912662,
2893679025,7.705439472146865,5.050005869675804
2425606479,7.595593371985186,4.43024388317546
620265516,7.3245992978403995,4.085680535026831
3815131512,7.711992561699491,4.280231768396371
2263443077,8.186315206092083,4.2818657994071785
803514179,7.693194680178053,4.510267012312551
2269734277,8.579556335619362,5.456220008094419
2586296094,7.407296570084333,4.407937995949811
1037644062,6.914230419897392,4.127100563485782
3914722336,8.037863162387472,4.215082461836913
3902996821,7.049324039485414,4.380308348382346
629271662,7.740825612099488,4.347979345228799
3245338991,7.512601700348753,4.093277905013065
1521763392,7.654736629409369,4.240950044997918
4172833860,8.056553982427365,4.527532441794515
579934409,8.399524883483867,4.4357490600849765
37329051,8.373254955746605,4.630679232016729
3112586807,7.226026223123345,4.167538497131619
1905979097,7.381881308794812,4.242921825759225
3851803705,8.11091936904123,4.333968548923912
1512440794,8.09906697968093,4.573644054281446
3073794839,,
2758762405,6.395898132709495,3.8815513276185034
1594198178,7.508059010122712,4.083068847049011
1592697722,8.147620340745078,5.024630169900031
4080403633,7.823868509078154,4.894292052621991
507224785,6.360990350381613,4.650069335049705
2403464508,7.462767914913847,4.987503862774772
4020664673,7.718842623222651,4.370317999009641
831211165,7.8375783308771005,3.975520792543513
3498378981,6.991144390372612,4.225515690502214
3133368442,7.67978360711345,4.180618246175525
2901356997,7.3267292189589215,4.120302168164838
3867546625,7.3401923264604685,4.6680437642214665
1613166374,8.12792828198394,4.567302521415168
3022646611,7.792075686866645,4.287413217974869
3882431387,7.966554758514566,4.366079963726903
3859141450,7.133305722236757,4.258924100052634
3212763876,8.037408247693264,4.343568300333974
1854364375,8.115910020750931,4.321152344831931
2967555571,7.846984845891551,4.551500323997555
947782339,6.919825120567539,4.213945166307514
3909015218,8.161280637362058,4.39468387235831
471230479,7.57406065747198,4.605916394944862
1084225445,6.858699642466287,4.360294022813247
1164794273,7.282575135963813,4.264987718470532
1394077291,7.953154957255471,4.495391140473131
562992781,7.234494521861417,4.414001708762592
292969238,7.116943307589184,4.266704277077456
1299713973,7.435504031021588,4.300223425848308
823277717,8.798321530448808,4.370896877803547
1654523276,7.962976975635461,4.237130945719667
1125207511,7.816441361247264,4.644350693495845
522131828,,
3467479455,7.653504872149154,4.501057736210045
759622826,8.373237161873769,4.581126445986978
3625162682,7.349201114629646,4.482445174253119
3410668296,8.091055310841098,4.273261706245011
3428149887,7.5009846114596685,4.445544929971747
2017344284,7.332812059991523,4.364199335074717
3566300931,6.774282380004119,4.295290582244907
3675176980,7.692312392495489,4.134974813082074
1457842729,3.888093462111993,4.104390620368188
2003542642,,
2511291760,7.775624522737677,4.554030657231154
4208420410,8.441345815454998,4.693461807157144
1378634377,7.814579942225517,4.480297377951435
32938469,7.463478117755569,4.551080933815094
4033561173,7.1371289218697385,
706517651,7.811041700507593,4.9135534432588654
499092343,7.353495535468632,
733780371,8.137524857671359,4.502031546079566
2470516380,7.975092253006131,
1904603550,8.058984122516863,4.962248657713182
3010354631,7.002258352738091,4.2032747194704045
3055237322,7.950258214628876,5.074488867918083
1585331466,8.342152837237538,4.137309664123537
2871739930,8.328247564414031,4.394133084719384
1044438549,7.425268221886413,4.416485832138265
2323472643,7.212841991575269,
2753998487,7.522917247550326,4.543091959111031
273547252,7.6471175584865545,4.4305598853854145
3249817543,7.069701599579616,4.275432501609294
2139026534,7.406802779996457,4.4086713168415335
1438348583,7.259917915356239,4.497301709333708
533698126,,
2462036439,8.195322412761229,4.791615661224896
1340072536,8.088441849640695,5.1919549763494475
2192302358,7.3438814648840784,4.36186116708651
100527940,7.803319951849426,4.833462490283237
3561979823,7.922062267168894,4.402013674453927
3340124957,8.179772678255336,4.472957824655495
176129790,7.387960964743192,4.219902555250946
194293030,8.398859797157362,4.253396786728886
950661655,7.833494780851938,4.248749339668972
2305221381,12.252720316930636,4.009192953998847
4193918219,7.8360070443409695,4.3283204811838
219325366,7.375849232580858,4.7771192974985155
2402029124,6.915028029614553,4.458654201442454
1965701522,8.002749046174825,4.627311298043332
517593246,7.03312974887605,4.268068781225851
3236504015,7.034857755541977,4.125362782657399
1836756700,7.9327639162552455,4.3843276383499274
105914514,6.789313714137629,4.258064189803396
2225237681,7.140893060110281,3.6706610943569067
3567315418,7.679415234823057,4.581359813981469
1876155559,8.089001166231073,4.181631423912224
254383703,7.00066714700215,4.284429241448031
1007995238,7.569350765251332,4.448775023105387
307169010,8.27271300470613,4.3123723884073755
500214245,8.211058315320225,4.4879020800013985
3213518740,8.2252883697083,4.435851714536175
84407714,7.8277007905570795,4.324882280691571
725744795,6.868117552704002,4.493697329574118
4031942322,8.231180908702507,4.316939800838245
3492490140,7.887591752031147,5.005388509293093
1630871538,6.478851436879712,4.657123839977265
1412450749,7.836187314546056,4.64996464952463
1293529777,8.110900428416892,4.311125929356616
4090691856,6.879484356319744,4.100531882649096
4144391965,7.368561699982158,4.3280545162073665
1057423710,6.919142646326881,4.154980786522609
3778541583,7.783142729257932,4.2708218020630335
1065666069,7.285310450352761,3.736155501058811
2646855369,7.989989271013276,4.2028865064697385
276761217,7.595037959315978,4.354156441534631
52835891,8.371725608175238,4.474856320943581
1070737504,7.719322173917257,4.226845755624979
4184549693,,
1198356813,7.51521914116445,4.268288142342851
3762475569,7.998666004401813,4.318190274323379
2934644075,8.54653716248422,4.56245972650826
362293270,7.987638640634329,4.48802132743037
1738235220,7.55080504927901,4.394679163075177
2780566236,8.102909290455896,4.641692285545545
2944925114,7.835253013447081,5.174192704500778
1296243384,6.653224293937856,4.074728582927064
3880233477,7.3340444075576885,3.9795782984806927
1697787695,8.830914309172309,4.579646033669906
1400509715,8.0401320137466,4.509461875130886
1860870575,8.009746423692475,4.385469988738674
3921457149,7.215149998543664,3.987315164634127
3670726676,6.659127148633336,4.1247948825158405
2112189288,7.015285852519638,4.213329356876342
1857834970,8.11722776297417,5.2840316093143205
4106746357,8.154410222785522,4.416806882116399
3443950251,7.122688134412006,4.093355384790851
482294424,7.153030738221918,4.154444665851391
1453143940,7.80530092231109,4.329526334229429
3830031504,7.854505184721396,4.45256812038019
2639722173,8.072289667879575,4.387787210124196
4063155703,7.982457648825,4.4114196320125645
3470445476,7.382217252976215,5.1239411289641055
1120275692,7.738239719688537,4.327202093943274
3932933674,8.04169285864735,4.104866318100631
2689188662,7.633211900632975,4.43436288612616
3743186010,7.712329517227368,4.434910587815623
1621617031,7.309343165949017,4.171923080858339
1169616649,8.005469334847351,4.617650268060948
2791148092,8.049935721341615,4.78182590510802
198051119,7.780719422307475,4.39212907852112
417075525,7.819847436360439,3.976090299921108
2906762579,,
919679140,7.668202587218981,4.307293252946585
1695950181,8.372792859246557,4.6371703228226595
3035602262,6.856108657024434,4.216484074930621
3090132303,7.28530682480693,4.130006500248794
443900734,7.994264560991081,4.469807628140548
3856077977,6.668930543279943,4.040299184381034
2518846638,8.357269930024568,5.160056104673538
880296671,7.703897496223274,4.2639766444108895
363441871,7.570765734403918,4.212627423261413
4163093414,8.035179768400944,4.56519479098293
1477683629,8.685856901611578,4.6713305489448365
2741286919,7.878003806577375,4.2982158802465324
2897082725,7.066638605253074,4.164468801273793
3985888022,7.511219959877117,4.161401261656649
1133357643,8.112774993184463,4.715086004414096
1235977088,8.190858457187831,4.3467614317473915
688334597,8.161483014275769,4.292127128261824
1829191843,7.336518417980389,4.565579401030614
4137147732,7.956067864284272,4.297043803941302
1134044888,8.041836279597133,4.463510213870907
3535052608,8.462718460803838,4.3983395056467485
2404507707,7.251281560038197,4.413241904308659
4190952364,7.065299703055392,3.976949440298697
2970389523,8.06773537798093,4.311980403953369
2435041096,7.528349429607228,4.302553457781841
863570233,6.878727800518087,4.164013174711739
3220670955,6.90030914652807,4.426464377762734
1469221931,7.700183681761832,4.0952208015914415
71851847,8.31602782401702,4.518652127019195
3816691265,7.843353610589306,4.463590714641019
1636587618,7.996713329221433,5.119462294753653
2449123338,7.150579979620194,4.443780509636983
8454119,7.826054347013093,4.307334531845091
3192540230,7.409911849897279,4.301770240858599
2286509730,7.844536617506125,4.564005317916443
3950621480,7.669723546368944,
2758144993,8.683403821389868,4.565959934977302
1137996270,8.222002413474502,4.555700111992406
4083828352,8.249384384045126,4.6231074739803
1654119012,6.384325968180262,3.9555097038833167
4040147816,7.970854711338119,4.1436501576076115
235478560,7.061887130408776,4.145461305554852
3978744570,7.4855850255116305,4.233358578173626
4269796936,8.634997188068786,4.683647018377242
3264624310,7.579880660059257,4.343616458432346
1494969836,7.564890166974613,4.3492542374708645
2392768937,7.2313787953772435,4.373607962635819
1586254402,6.979475455099268,4.23742048739056
1590131354,7.677258390458567,4.367309951083574
3470362520,7.809707263920878,4.301050879711743
3614947229,7.2140433642354145,4.21875321215334
597625120,8.16116589323425,4.375529509059556
1533767893,6.881646096798807,4.150590813945891
765502775,7.859460207155623,4.571274429442427
465465726,7.945681493088358,4.381496300661272
1466472141,7.680577079480254,4.172465138261828
310631091,7.895923109518731,3.928562913097981
3572235922,7.553486596557209,5.005540675679547
2180799847,8.520775225530821,4.281132519718008
4259136159,7.322668893818088,3.9748077921016565
443334800,7.010670224886218,4.415236344085036
2408914693,8.172948344444396,4.4932742220442945
2991801804,7.589290512532635,4.001810597930833
2710418039,8.149351814279221,5.025722855488433
2645905397,7.814397983251559,
1761473096,6.607046801681377,3.8262910160966994
1858784998,7.8305875502358155,4.094354821132818
2207352563,6.030052113303906,4.677033031204142
906771173,,
1708583305,6.960448464764527,4.06798097259904
3726776317,6.681910255697118,4.248148414485798
2680509132,8.05531004735151,4.55863987865708
3219790231,7.816348823548747,4.094989637913934
250211156,7.518287977214976,4.456683916575878
4285804772,7.8687237858796095,4.345318801963354
1459501611,8.100084389180358,4.402620756481242
2933490015,7.6786306315893125,4.082136663095128
3298815936,8.272165891610387,4.493126445168918
2171168019,7.5526667036572475,4.175237525158874
741738961,8.457717786900401,4.238398742587298
107578676,8.273362273637098,4.996054478462507
669437295,8.42598830827539,4.590408298812367
4083814481,7.894186201582354,4.260741461564926
349934174,6.68888388319827,4.357924356872806
1580563603,7.109077896714372,4.454060196631542
2939120682,7.874057129762859,4.592185043700991
4187823334,7.663480079669183,4.251648103290904
1648798153,7.6814638042817585,4.203093383227769
3635306093,6.743756465522589,3.9209937423445114
1139941451,7.403096294453985,4.357624722300906
699682516,7.093886276445279,4.103675108764018
536638696,7.440292641994825,3.9518812226410835
1440643572,7.81460143441347,4.396383704845668
2709385105,7.965183668360466,4.538956257985179
523278137,8.606136054732385,4.532740952035733
1767985023,8.535785029404149,4.4633042691041185
3996598573,7.071164894271943,4.217619375339098
3236644272,7.708352190426803,4.8118191839014495
342333582,6.321837773810325,4.197817383081083
4039829353,7.741254744346506,4.305528420373936
4196412787,8.031420553650053,4.243940950557678
2851798559,,
3744541693,8.458981167719553,4.686280265070967
3218515872,7.314217841532199,4.236928439560297
1471046861,,
1789695979,7.784696614564783,4.371078573596663
3733778000,7.8640473624214495,4.517890367821679
1794800030,7.192511004996414,4.158831835916706
4113417726,7.708378408393024,4.3149610813381285
2112119995,8.111713757679222,4.171330701160628
782547571,8.320884398156497,4.458582216215735
2209414761,7.251783665250678,4.180577878021069
2262929710,7.6724964205267,4.328724749238665
2435244873,8.070475888453686,4.37076444321885
926616751,7.217475257867802,4.93120041804859
3374628517,7.630411762736381,4.352954441657798
4285301913,7.901855441262378,4.346503614147341
1161329133,8.308713901197695,4.649953375107054
265721632,7.2044028067534285,4.095103695321265
2979786632,7.379634715496023,4.360910540819781
448304956,7.415223602824732,4.258527186256729
524958008,7.875121317135785,4.122446911273206
3081556774,6.863852907379782,4.127375003886095
1607063270,7.733011836454822,4.569965803623391
4172321775,8.205407475085206,4.157231791191056
3176914833,8.335044610155084,4.605188174159173
4182146714,7.056418449672176,4.178659156176296
3165713481,7.833197384427855,4.154980708544482
768254884,6.842733849366714,4.169925196218721
1579351358,7.31127949988761,4.298535276877185
2180081033,7.590421909626469,4.329330702068889
1279886614,7.765846971256559,4.887120046203202
1304389731,7.3780778532927265,4.077704771673777
3216964316,6.356243992121046,4.217430433963546
3337257001,6.497694251729926,6.280961262339012
3338094212,8.166235859710765,4.371063739685246
736568905,7.7877936608758205,
4196310650,7.947201374314452,4.3920816424066045
2818302209,7.835488689716913,4.4457405461580395
1457648056,7.416986602734978,4.400587392236276
3451752350,8.099546105616172,4.1594008916418135
1393778620,7.751689574851938,4.342103222291772
3030572467,8.383907090114564,4.192238849587213
2742726803,6.886072036030235,3.934556645787344
2507776631,7.478625509032192,4.495389914686695
2097242394,6.936897290013573,
2625488221,7.394896802631193,4.438037173944512
2344269626,7.406362622141671,4.2354079699584
3535898260,8.024420590473838,4.458747246487517
893070403,7.524213289970268,4.468153288940541
1892704317,8.034273277774563,4.124055951899301
2539774514,7.2732336351048525,4.172998470684339
1184389633,8.086250270410854,4.207718672361088
765941980,7.878308406368999,4.510947465159402
1048162151,7.976699818099266,4.351482193575491
3694822252,7.9471915002525,4.479226495857482
1736791488,7.8628515131220595,4.386835094352351
762034957,7.9929475314375145,4.62417075541355
1753282419,8.153241833232858,4.374452826459736
37835493,7.644397838902256,4.383188547527391
2058693392,6.940394902214366,4.093014221182544
3777345255,7.5897550396818545,4.254545615636047
1337936015,8.292538030173047,4.539219497753709
3447842173,7.057348416540816,4.146614930459699
2365721251,7.6778835762397035,4.2425703397993795
2010454025,7.841456402899164,4.166561441138679
3917203499,7.419580604636667,4.147190238704646
2422512134,7.83972302865884,4.187144688850552
3744723479,7.982136569849526,4.395398931511276
248138276,6.9790259624341715,4.157121434831674
2851612661,8.258936011166856,4.327187496731794
496203414,7.360378256621207,4.327838525161952
2740569399,7.041387366682739,4.164673599637851
1156073272,8.027050331505578,4.553628235633495
1643725238,7.172819578809356,4.392797729585838
1476023122,7.715100972267697,4.288910679953946
3377759088,7.868304844807221,4.421497228683476
2248403809,7.781889468478805,4.314776068692676
1852239521,7.731502659941559,4.374941952082903
676758900,7.553766529767374,4.0903654189320084
1841154314,8.012548731463966,4.570663870201489
3778234840,6.786511879309128,4.525046059950851
1510691965,7.449344213069605,4.497403313310621
3091757174,7.075973286090052,4.08612705775049
3716972371,7.234788018372438,4.472330271952367
228519096,6.7982553166897075,4.552411690114741
766617571,8.129440992839548,4.428103808702808
4232585168,8.158737169489378,4.525864999610862
3060404940,7.985250376987673,4.273248124527653
1960268000,7.8166289848692525,3.9160880856766394
4085341874,7.453721088102137,4.296000682975238
500081009,8.00465846432531,4.361726964738958
1039936647,6.6393138349895295,4.085090203729745
3880738222,7.645711375907618,4.461159804325605
1790488894,8.052960282703387,4.372703151177657
2289849916,7.854211657331628,3.951759333566944
1506723543,3.510738976741413,4.063631868992087
379170502,6.832027587100556,
405373926,8.411121513779825,4.244087431798359
1569318720,6.921279995365628,4.375237106075185
2023285198,7.538638348021216,4.0734183614111465
1332795634,8.331806768345768,4.383147689147927
432187454,7.902716340815133,4.152719525531278
3092187032,7.303525534603884,4.4781551115986105
1773584299,7.897587988212809,4.43384615626555
1778227059,8.009881095777919,4.487077208186286
1742732745,8.308351635572281,4.366208154675357
2154725318,6.658822083587268,4.064156502304185
771616981,8.324353563450847,4.475120463141807
3706183788,7.47239265545095,4.147742202756964
460925240,6.920532717420759,4.288671742757119
3277181789,7.953125600258825,4.372279818425971
2000585278,7.934100554101334,4.128628686109552
1485727346,7.723402384065566,4.496926188652419
190100766,7.24703110925994,4.132473813636322
3495559578,7.692871184797282,4.261219151763893
566745642,7.038860637290996,4.200243911037981
3800855923,7.472831591916527,4.194444785689296
261887422,8.075091365801647,4.338801574734433
2087996196,7.239717618550351,4.2445498671443005
1105526680,7.964073190652723,4.277384103237298
915599319,7.113340372588333,4.853620423497104
3266753211,8.4987975434232,4.311268503675559
3343129791,8.096176399453187,4.341475006937232
1696518862,6.116144622597133,4.167475210839198
3288745244,7.007066650814492,4.368850316155168
2762662297,7.968999909197026,4.168275800995842
3241674953,7.82764646650756,4.288218626637466
3293621097,8.102475193099876,4.491419124374017
1653206368,7.028813007605457,4.630950827546504
1656931768,7.599106533882654,4.965041305528982
1762102677,7.642530240674699,4.404531310785096
2929280193,7.792725342630261,4.482988934796229
2755175939,8.293227681187819,4.681645585462757
1735315447,7.263807032827694,4.175475738658122
2781760374,6.440750492967104,4.30488646395342
1636295669,8.413461952941912,4.417273183623948
951581315,7.950778685938816,4.398597277572788
2103228157,8.130978830640926,4.5752326488911805
1446589628,8.167820036587447,4.732461275288454
3735452556,6.337375542001868,4.9369297444149485
3957619959,8.16174641633717,
2179545776,4.06406288542082,4.277005527881627
2180316189,8.238232924454303,5.223484937703611
3235320003,7.702751553576832,4.635113358629238
3185151244,8.162795363296086,4.479117258741235
1308201745,8.354961116572467,5.250421744647533
1025031408,8.039897044478442,4.371570179674742
3148192122,6.663466289049467,4.555310729038643
965145125,7.90628130913816,4.280671752237616
3867430894,7.221313767765586,4.325304778138668
309129555,7.770968951560268,4.401924598263187
498628252,6.355434901965651,4.0940859870314315
3661330789,8.080946446683056,4.479535048562761
470135601,8.409229574269148,
3189003672,,
300988508,7.902754381486551,
2622601913,7.796789746476359,4.958029126419167
636218109,8.125489388268345,
1492693407,7.5491954661618506,4.558905851820187
3497670658,8.087456779820279,
316324995,8.587504529642281,
1027389114,8.82005477766809,4.661336256566649
2486269820,8.204021731201225,4.21909841246852
1170788175,8.461752452997223,4.1775492422616
2721211800,7.617566794727172,4.1967763479283615
747098283,6.443481732048514,4.455767835928159
3995554858,8.448164314341794,4.482881248489281
3247943782,7.596339936815933,4.062482388473632
2454545162,7.953522449018344,5.946858970869454
2131488178,7.682763739043256,4.265157679992262
3763213896,6.804244223058149,4.433402582792243
351109165,7.813452712787543,4.329092522380416
2694518755,8.039004286686634,4.478581634755965
2222241318,7.627383910505556,4.3568587502158085
1220374725,7.983047474216737,4.207072329469607
2864018454,7.4228344704824885,4.05400364186359
396928608,7.479543738315672,4.195066367232364
725712542,7.732627946596472,4.371608980660498
4288368085,7.723505280308607,4.407062452528118
2437115295,7.550999776832772,4.275363147703591
2972126748,7.644063844737965,4.314912636279242
3439727076,6.89410061831978,4.240045716087284
1791979458,,
867458668,7.8797373807095665,4.197565764061908
634597131,6.515005684509488,4.323970680954836
915920148,7.92012720432831,4.56819414137601
194324018,6.735796583234826,4.107033121717383
2785454369,7.725199979259614,4.309498518452838
3038035275,7.442911147968676,4.375284218111832
1386561348,8.064214556379241,4.247045088675944
1150591062,7.871566320965041,4.3720653998855745
3746502009,7.9617694809349,4.167962810121826
2613113832,7.845799020060103,4.325099554317334
2906925573,8.156834527552096,4.312847968010867
408837402,7.604824617226561,4.475925468250397
1023701836,7.94865608658236,4.406334994564576
1197045954,6.825630647394797,4.379920827125618
2247752771,7.217452164393658,4.3277320574782685
2404916865,7.73115232871901,
4137052624,8.21451592443758,4.495944561347898
3059148008,8.211101072546594,4.430356663154634
3231527178,7.545942224654253,5.195567415371082
1531348005,6.6113337950469315,4.429373723983942
3234586495,7.6900412871852515,5.177654388593527
3605497536,7.7276825241975144,4.337803517327177
978838797,,
1779531630,7.990381947711227,4.404021486190337
1989985299,7.846057135795085,4.264590618259065
969649154,7.842932079306452,4.322682691152497
377178190,8.008672905573746,4.419131541082245
2295699564,7.922243939836367,4.265731377362123
3982145425,7.5569236260789205,4.107594279494442
714036765,7.97083092159459,4.491880587471828
2840008346,7.107617859850729,4.029462395958984
2905849066,8.517855734116424,4.69536969835972
3439662539,,
2433433960,8.103065064268733,4.081648393739537
1991951207,7.301052091040665,4.174990908371145
2791617373,7.7966309764522155,4.242247593002502
3808965674,6.744114434524739,4.297386494395804
2293300734,8.101292572345093,4.42329432783446
4099736023,7.701323597199068,4.881231448356699
16684978,8.122893285497724,4.610937917950857
2788824854,6.810170299146027,4.377157287204288
1908390739,7.532804583968959,4.233974018381687
2469426313,7.669526708874378,4.17123342593615
1120521402,8.231484463657587,4.4637917610675935
3604691191,7.874911181885323,4.285886967027206
2556918590,7.657430573483365,4.229066666996121
4067048825,6.839583452662646,4.250572379679229
1238756309,7.168506954434543,4.2424465488666
3091738725,7.546181528536523,4.31049096548608
3703469018,7.455154448785258,4.3135780426086
3653965527,8.25354137858299,4.368152489287631
1413282375,7.862411920102904,4.4720457790656845
2240703148,7.140259712133561,4.317267400059258
3016118416,7.879173343639689,4.350919248933344
1113295648,7.885870725553009,4.209030027018556
352505908,7.6187586223773565,4.148374858976812
530789110,7.548573099441416,4.166405708720283
984757368,8.149393066661933,4.521484982199349
3250922962,7.1834853891486645,4.249646206560851
3100094802,8.336303458863897,4.489936915513056
2832458131,7.53987382195853,4.3489354751717615
2734016600,7.586751938400434,4.339308557255278
3511384247,7.721652819732093,4.468395115797935
383103459,7.956180019082734,4.322849306576711
2739408373,8.150253203212356,4.103160073654082
2249335715,7.349399983649776,
3818720350,7.243806848298819,4.256021519797662
4083266820,7.151195580382425,4.251269438844581
1303822344,8.165945299375444,4.396017424406849
3109977781,7.353284112147838,3.980166968454752
1592786106,7.537232918685704,4.649026266799033
2943493898,7.64191403055255,4.2241571936974465
3615907583,8.141314859722737,5.066293800763086
2555837927,7.896519937797238,4.454037945640873
3297348664,7.6892549661768195,4.493601126291452
2947976933,7.042297116307339,3.849277086912171
233932345,8.38665091125072,4.221554475966517
2070724014,7.019297526263097,4.143852074956195
2654954754,7.382292332869258,4.194018670463918
1402618672,7.414132023026608,4.834754156172447
413107749,7.79579126436284,4.346500464730288
3669543341,6.436371488283081,3.858726143461215
956032422,6.423499046583023,4.238888515486227
324718088,8.593257296503866,4.679226665400815
375686109,7.659987525304533,4.330177439452848
1248515966,8.268139265319762,4.323143556994049
2718945982,7.880004538198531,4.4568399833274155
1859900144,7.640549217470174,4.0739226006657
2305446143,7.899320324759002,4.315792716552167
4288775453,7.528838179514636,4.177901157501431
2672167232,,
281446151,7.947585439625793,4.49305179479633
746172812,7.915813024043766,4.9261389673019425
2650375172,7.514230400759106,4.313291246018203
3539468896,,
3066751024,7.6640797992223275,4.377013848508865
2133389205,6.982034415656627,4.0662461274084905
978955855,7.149850987614079,4.463601763072676
108828000,7.5505067014932,4.471864961912302
3531047767,6.553965330832656,4.254128418410296
2332175727,,
3370689672,7.666022774145351,
847041732,,
361728233,7.68067397138488,
4081542820,,
482239832,7.937747280088681,4.907303279286778
3463353736,6.794785533343535,
3175244541,6.90786192715477,
2723385487,7.226530547724061,
619623685,6.510096837676847,
2967570405,7.535058709236482,
3207921706,7.98400604185026,
27876862,7.519720684891867,
2647862856,7.936107147753327,
3239156026,6.0637404422963685,
2231031108,8.59929320322393,
585579170,7.75498534958971,
2038321583,7.3414283451158715,
3190586154,8.412871122796687,
1939119029,7.224748988752985,4.534393717285699
1012530688,4.737916138959143,4.963379353380624
3726299659,7.457217832529021,
1919055552,8.619345236339282,4.537601621837512
3810009389,7.927316761653832,
3671045126,7.978100049987776,
,,
