A00008326,BAS2,57.050384 ,41.081669 ,55.125974 ,40.435821 ,61.651595 ,47.565453 ,71.740329 ,71.620243
A00062351,BAS1,34.829905 ,19.989757 ,36.999316 ,21.047309 ,37.491268 ,25.997078 ,43.753965 ,37.458675
A00018030,FLU1,76.821207 ,39.805884 ,75.873035 ,40.407292 ,84.780452 ,51.800054 ,106.729618 ,72.786011
A00062353,TRT,,,,,,,,
A00027159,FLU1,71.562775 ,33.997686 ,70.757246 ,34.628239 ,76.987187 ,44.770135 ,92.627045 ,62.082133
A00062361,BAS1,102.504104 ,56.705405 ,99.770572 ,55.898626 ,112.058910 ,72.322974 ,136.181387 ,102.490475
A00027167,FLU1,-42.512439 ,-35.115800 ,-42.569870 ,-35.595887 ,10.872346 ,9.765028 ,7.759726 ,37.657097
A00062368,BAS1,52.480454 ,26.758634 ,49.905708 ,25.948434 ,55.493729 ,34.119137 ,67.009146 ,46.582985
A00027439,FLU1,,,,,,,,
A00062369,BAS1,71.368237 ,36.190054 ,68.696238 ,34.800391 ,73.272968 ,45.886287 ,89.633293 ,64.522924
A00028185,BAS2,43.049532 ,32.208894 ,42.329301 ,31.692116 ,47.609943 ,38.609235 ,54.049090 ,57.965393
A00062411,BAS1,69.992654 ,36.831535 ,69.181957 ,36.734608 ,73.153580 ,45.917290 ,87.592105 ,65.652340
A00028339,BAS2,31.657837 ,27.670464 ,30.117820 ,26.692076 ,38.615372 ,33.952524 ,43.482290 ,51.990532
A00062416,BAS1,58.769242 ,33.296412 ,58.388362 ,32.416797 ,62.342829 ,42.061791 ,78.358793 ,58.990850
A00028352,BAS2,41.707344 ,28.530916 ,42.647139 ,27.924244 ,46.869618 ,34.857766 ,55.610688 ,51.893579
A00062797,BAS1,67.404930 ,37.407117 ,69.972010 ,38.830635 ,76.912799 ,49.655696 ,94.240278 ,70.515814
A00028753,BAS2,61.879012 ,34.211241 ,60.489534 ,34.324631 ,68.250593 ,44.769685 ,82.802157 ,64.484957
A00062809,BAS1,63.890673 ,37.882012 ,64.191884 ,37.910631 ,68.645876 ,45.685097 ,79.559678 ,66.598819
A00028754,BAS2,42.395426 ,30.083402 ,40.067158 ,29.354678 ,45.565733 ,35.962773 ,52.469234 ,54.417266
A00062917,BAS1,72.163921 ,35.062874 ,70.749629 ,35.136631 ,76.404977 ,44.848851 ,90.477295 ,62.797382
A00030947,BAS2,54.132057 ,34.601204 ,65.131639 ,41.290970 ,63.413163 ,48.936737 ,82.969722 ,66.220128
A00062923,BAS1,40.520656 ,31.703185 ,42.090424 ,32.453413 ,46.896224 ,39.275681 ,53.987688 ,59.327457
A00030989,BAS2,64.998462 ,47.682678 ,64.414542 ,47.653950 ,73.055382 ,57.233913 ,84.496577 ,87.408501
A00062926,BAS1,52.976077 ,39.344570 ,51.502098 ,38.604525 ,58.639067 ,44.795048 ,67.382613 ,68.308147
A00031219,BAS2,86.959057 ,53.983170 ,85.152325 ,54.010041 ,92.460707 ,63.804124 ,108.677563 ,94.249045
A00062928,BAS1,44.521936 ,39.213261 ,43.538409 ,37.892837 ,50.493598 ,45.224916 ,56.764503 ,69.946902
A00031452,BAS2,42.925275 ,23.885973 ,41.102499 ,24.598511 ,45.021302 ,33.049622 ,54.345449 ,46.677013
A00062929,BAS1,68.217551 ,41.604794 ,66.317544 ,42.061982 ,76.539918 ,53.051997 ,90.239813 ,76.668184
A00031794,BAS2,51.333285 ,33.635041 ,50.679757 ,33.344133 ,56.275784 ,40.140495 ,65.712535 ,58.511378
A00062934,BAS1,49.459626 ,30.883477 ,49.660897 ,31.253078 ,54.239641 ,38.512735 ,63.947698 ,56.656471
A00031881,FLU1,51.743132 ,24.018900 ,51.422274 ,24.096043 ,57.125961 ,33.951563 ,69.136658 ,47.440746
A00062937,BAS1,47.185134 ,40.568006 ,47.667141 ,41.224977 ,53.146046 ,46.207702 ,59.663024 ,72.534266
A00032875,BAS2,79.493247 ,47.498523 ,79.514808 ,47.838449 ,84.043484 ,55.121107 ,98.310904 ,81.663004
A00062942,BAS1,52.967077 ,37.654869 ,52.003481 ,37.095173 ,57.331011 ,44.614536 ,65.485978 ,66.672998
A00033673,BAS2,39.482566 ,29.533305 ,40.516282 ,29.825677 ,44.139850 ,34.783368 ,51.975248 ,51.778922
A00062982,BAS1,51.421129 ,33.577058 ,50.108194 ,33.535392 ,57.184540 ,40.616594 ,65.826467 ,59.155624
A00033714,FLU1,20.850622 ,-1.143941 ,44.890238 ,18.756082 ,30.492058 ,18.698096 ,35.174777 ,19.332809
A00062983,BAS1,64.519278 ,30.360335 ,64.942970 ,30.866686 ,73.542866 ,42.700710 ,90.945087 ,58.939114
A00033747,BAS2,67.769881 ,37.601967 ,66.918199 ,38.007750 ,71.278542 ,47.211294 ,83.712512 ,68.068105
A00062989,BAS1,80.744265 ,45.233594 ,80.744042 ,45.191806 ,86.601899 ,55.313181 ,102.478304 ,80.713760
A00034193,BAS2,60.871727 ,38.317255 ,59.821044 ,38.945135 ,65.792661 ,47.074331 ,78.179954 ,69.168696
A00062996,BAS1,65.313775 ,28.950376 ,64.503586 ,28.925986 ,68.777749 ,38.281133 ,84.225861 ,51.826939
A00034350,FLU1,67.689875 ,39.357290 ,66.527875 ,39.282990 ,74.038689 ,48.512549 ,86.614708 ,71.737988
A00062997,BAS1,74.541592 ,41.014791 ,71.979196 ,44.221149 ,82.298800 ,60.854988 ,109.266044 ,81.363721
A00034854,BAS2,53.633206 ,31.960450 ,52.987452 ,31.423662 ,57.190644 ,39.203946 ,66.334058 ,57.263568
A00063000,BAS1,26.759737 ,12.482619 ,26.763996 ,11.980307 ,34.965912 ,22.745988 ,45.602990 ,26.746419
A00035072,BAS2,59.112796 ,27.367946 ,57.933565 ,26.747104 ,62.935686 ,36.424533 ,75.693557 ,50.675442
A00063003,BAS1,52.167126 ,24.614169 ,49.860228 ,23.559617 ,57.028494 ,36.509402 ,71.009969 ,50.622721
A00035291,FLU1,66.527429 ,33.324315 ,65.848256 ,33.309344 ,73.102499 ,43.440604 ,89.169815 ,61.424902
A00063006,BAS1,82.815710 ,44.610626 ,82.532032 ,45.011082 ,90.486490 ,55.256467 ,108.751951 ,79.379924
A00035292,FLU1,57.403991 ,26.431444 ,54.406327 ,25.683289 ,61.386917 ,35.906535 ,73.950444 ,49.303718
A00063008,BAS1,63.508079 ,39.580394 ,63.812888 ,40.208528 ,69.468372 ,49.210974 ,86.485945 ,71.880387
A00035364,FLU1,55.527972 ,23.467400 ,54.842473 ,23.550267 ,59.413076 ,33.595316 ,73.239574 ,45.331188
A00063031,BAS1,67.892637 ,38.506454 ,67.439840 ,38.553069 ,70.713411 ,46.535758 ,84.364178 ,67.651944
A00035377,FLU1,69.672165 ,34.077035 ,69.585029 ,33.897525 ,73.357132 ,43.094036 ,88.752933 ,59.943684
A00063103,BAS1,67.831097 ,28.747281 ,66.845822 ,28.617467 ,70.966296 ,38.870868 ,83.991599 ,53.039799
A00035561,FLU1,75.836523 ,38.102123 ,77.635656 ,38.313492 ,81.357519 ,51.345014 ,99.962593 ,72.147824
A00063110,BAS1,40.487406 ,35.228178 ,41.110336 ,32.344425 ,46.200940 ,39.943474 ,53.269311 ,60.023873
A00035827,BAS2,60.254305 ,32.210162 ,59.090012 ,32.004597 ,65.061997 ,41.402011 ,77.318270 ,58.726165
A00063326,BAS1,39.295959 ,22.841630 ,39.759460 ,23.025876 ,45.196858 ,30.899916 ,53.402328 ,44.561574
A00035840,BAS2,57.977468 ,28.163282 ,57.328998 ,28.381806 ,59.678030 ,35.712613 ,72.878780 ,50.766958
A00063327,BAS1,97.999840 ,45.881864 ,85.516528 ,36.415746 ,111.438171 ,72.473325 ,142.095805 ,96.740594
A00035940,FLU1,49.549901 ,19.440814 ,50.579685 ,20.844408 ,49.513284 ,27.928560 ,60.099218 ,36.753490
A00063329,BAS1,82.806131 ,44.581699 ,85.024736 ,44.748283 ,90.274098 ,59.224703 ,111.615421 ,84.911199
A00035945,FLU1,63.600268 ,34.877212 ,63.448962 ,34.059125 ,68.792259 ,44.916494 ,83.717450 ,64.895738
A00063368,BAS1,40.745805 ,23.635891 ,42.966986 ,25.774956 ,46.776835 ,33.449972 ,57.599891 ,48.193779
A00037112,BAS2,45.736699 ,30.629801 ,46.235051 ,30.836536 ,50.015921 ,36.420749 ,58.976017 ,54.494799
A00063383,BAS1,107.043627 ,68.243383 ,54.392155 ,29.321599 ,103.404101 ,81.910931 ,127.799480 ,113.351457
A00037126,BAS2,60.134747 ,28.753738 ,59.978973 ,29.308301 ,65.927966 ,39.791486 ,80.987071 ,56.651113
A00063424,BAS1,61.522514 ,35.759741 ,62.524761 ,37.427990 ,71.766909 ,45.902945 ,86.455017 ,66.784587
A00037229,BAS2,82.799910 ,65.718718 ,51.670545 ,34.610085 ,93.913990 ,82.516829 ,116.943766 ,122.598644
A00063425,BAS1,80.054364 ,56.368689 ,79.039253 ,56.118422 ,89.152770 ,66.331625 ,108.201062 ,102.304708
A00037267,BAS2,42.621019 ,27.173876 ,42.178824 ,27.189509 ,48.391106 ,33.678431 ,56.397966 ,49.037359
A00063450,BAS1,55.294481 ,32.583484 ,57.318824 ,34.093936 ,58.183752 ,39.879379 ,68.929826 ,57.657706
A00037457,BAS2,37.172534 ,26.565823 ,36.596386 ,26.449154 ,42.281932 ,33.355233 ,47.979608 ,47.879353
A00063455,BAS1,36.621465 ,18.014645 ,37.012716 ,18.452912 ,39.008895 ,25.684178 ,47.317764 ,34.640994
A00037511,BAS2,53.340756 ,28.498889 ,53.020995 ,28.599392 ,57.339602 ,36.935949 ,69.413941 ,51.790185
A00063458,BAS1,27.594193 ,25.285507 ,27.454727 ,24.170060 ,36.157304 ,30.990127 ,42.032438 ,45.531927
A00037522,BAS2,31.941117 ,24.886940 ,32.215492 ,24.914700 ,38.401868 ,31.711577 ,43.859907 ,47.239621
A00063470,BAS1,32.435303 ,23.299999 ,30.552804 ,22.719051 ,38.585580 ,30.482850 ,45.276815 ,44.080174
A00037817,BAS2,60.350279 ,43.398045 ,60.053929 ,43.118062 ,66.259448 ,50.488723 ,78.169454 ,75.400415
A00063473,BAS1,43.110129 ,35.980566 ,43.822036 ,36.659499 ,48.279507 ,40.697460 ,54.881393 ,62.962575
A00037848,BAS2,48.257470 ,28.458840 ,47.648220 ,28.251497 ,51.154344 ,35.102839 ,62.775274 ,51.653447
A00063479,BAS1,59.811343 ,36.041748 ,59.870016 ,36.510073 ,63.052243 ,44.392031 ,76.388047 ,62.538403
A00038414,BAS2,47.601115 ,32.980531 ,47.120409 ,33.409273 ,51.410498 ,38.554554 ,59.168410 ,56.552348
A00063481,BAS1,66.081578 ,45.754956 ,65.491564 ,45.034935 ,70.565988 ,52.430164 ,84.746616 ,79.332118
A00038424,BAS2,43.233720 ,31.411422 ,41.787908 ,31.311773 ,46.051465 ,36.493696 ,53.263890 ,55.140038
A00063589,BAS1,61.328087 ,30.840676 ,61.250556 ,30.953462 ,67.289787 ,42.006564 ,80.314633 ,59.519896
A00038623,BAS2,46.928705 ,34.075047 ,46.938924 ,34.195337 ,52.609664 ,40.625484 ,60.668650 ,61.586049
A00064053,BAS1,55.049061 ,37.135088 ,53.684966 ,36.792202 ,59.132638 ,43.904014 ,68.805882 ,64.674296
A00038642,BAS2,34.145677 ,17.160398 ,33.528932 ,17.029799 ,46.479583 ,29.834195 ,55.187599 ,42.070722
A00064058,BAS1,54.408750 ,44.789913 ,54.701699 ,44.922924 ,60.665398 ,50.034680 ,69.024542 ,76.284467
A00038806,BAS2,75.447346 ,59.786151 ,74.369014 ,59.473734 ,83.667324 ,67.665502 ,97.302022 ,103.186767
A00064061,BAS1,55.595384 ,38.742127 ,55.335403 ,38.922271 ,61.770978 ,47.179586 ,72.455557 ,68.434738
A00039277,BAS2,58.972321 ,29.927330 ,58.190429 ,29.584676 ,62.611180 ,39.632340 ,74.211896 ,55.174354
A00064081,BAS1,71.598946 ,50.679348 ,71.466463 ,50.666310 ,77.617372 ,58.836750 ,89.178647 ,88.556610
A00039353,BAS2,54.755732 ,38.719657 ,53.459315 ,37.222102 ,58.635667 ,44.396627 ,68.908631 ,67.488159
A00064323,BAS1,54.245982 ,46.682621 ,45.842093 ,40.843338 ,60.703544 ,53.688867 ,70.229002 ,82.116818
A00039391,BAS2,61.713788 ,37.409874 ,61.057793 ,36.755050 ,67.374512 ,45.459000 ,79.026342 ,67.048559
A00064328,FLU1,,,,,,,,
A00039488,BAS2,47.707073 ,21.728606 ,51.710483 ,26.264076 ,52.761466 ,35.326912 ,63.713925 ,45.561023
A00064415,BAS1,49.806224 ,32.733306 ,50.181939 ,32.636683 ,56.411748 ,41.259281 ,65.987870 ,61.698231
A00039560,BAS2,67.644145 ,33.446100 ,68.032167 ,34.424382 ,74.494802 ,43.298848 ,92.601622 ,60.008199
A00064416,BAS1,71.175181 ,34.710563 ,70.125720 ,34.696895 ,73.100560 ,43.832361 ,86.933599 ,61.860326
A00039593,BAS2,40.741369 ,28.672804 ,38.618646 ,27.580530 ,44.973981 ,34.555927 ,52.730263 ,50.053218
A00064418,FLU2,,,,,,,,
A00039685,BAS2,37.575733 ,27.723560 ,37.524448 ,28.272901 ,42.228757 ,33.998718 ,48.203776 ,50.757290
A00064503,BAS1,71.388710 ,49.448495 ,71.320933 ,49.924105 ,76.549579 ,58.825990 ,90.770307 ,88.657412
A00039758,BAS2,38.925609 ,27.238140 ,38.021465 ,26.808591 ,46.070671 ,36.274074 ,53.589655 ,50.333017
A00064505,BAS1,50.449319 ,29.543169 ,51.261468 ,29.139270 ,55.905022 ,38.597774 ,67.320031 ,54.978365
A00039820,BAS2,56.714870 ,46.507463 ,55.534524 ,46.342849 ,62.518784 ,52.732163 ,72.015885 ,81.393761
A00064507,BAS1,92.554613 ,59.331930 ,74.808196 ,44.818367 ,96.109831 ,74.152394 ,120.249212 ,105.214991
A00039846,BAS2,57.470725 ,42.169221 ,57.267601 ,42.036646 ,62.972649 ,48.630740 ,73.324282 ,72.871375
A00064580,BAS1,54.464514 ,34.254485 ,56.624283 ,36.438663 ,63.022660 ,47.773069 ,76.971762 ,70.023625
A00039943,FLU2,51.619221 ,28.772642 ,51.319778 ,28.426367 ,57.298505 ,38.152060 ,68.490313 ,54.474583
A00064596,BAS1,81.763025 ,45.599952 ,89.729348 ,51.341407 ,89.664865 ,60.238897 ,108.749191 ,84.588943
A00039951,BAS2,39.947406 ,19.787006 ,38.997252 ,20.657257 ,42.723881 ,27.615088 ,50.925389 ,37.700097
A00065178,BAS1,57.654467 ,34.632987 ,71.927565 ,42.090286 ,73.047710 ,55.917168 ,88.612001 ,75.376830
A00039975,BAS2,19.442351 ,15.767344 ,19.376995 ,15.769223 ,26.663917 ,21.564893 ,30.309773 ,32.019261
A00065185,FLU2,92.904798 ,47.802925 ,92.104199 ,48.497578 ,100.707598 ,60.945163 ,118.757312 ,86.678643
A00040117,FLU1,86.891727 ,39.490664 ,82.795746 ,37.309680 ,95.107836 ,63.200703 ,116.318924 ,84.712041
A00065197,BAS1,50.349185 ,32.052398 ,51.963656 ,33.104346 ,54.287966 ,39.289173 ,62.870416 ,58.497174
A00040225,BAS2,23.372713 ,18.004193 ,23.676628 ,18.068431 ,29.037622 ,24.970219 ,33.454779 ,34.439202
A00065250,BAS1,76.751588 ,42.515394 ,76.318886 ,42.644207 ,82.030167 ,52.629760 ,98.951864 ,76.402251
A00040285,BAS2,48.413648 ,34.617214 ,48.401255 ,33.577518 ,53.851928 ,40.418002 ,62.818815 ,59.682738
A00065263,BAS1,75.620117 ,38.289126 ,72.649175 ,38.019220 ,80.813403 ,48.987947 ,97.529272 ,69.175095
A00040286,BAS2,30.888718 ,22.610414 ,29.673299 ,22.427118 ,37.289851 ,30.503143 ,42.784267 ,44.235487
A00065302,BAS1,42.751760 ,26.750447 ,43.471144 ,27.021128 ,50.596409 ,35.542151 ,60.866783 ,52.181915
A00040311,BAS2,47.149360 ,32.845857 ,45.193428 ,32.037432 ,52.229358 ,39.238243 ,61.282414 ,57.484511
A00065379,BAS1,41.034551 ,20.436177 ,39.266426 ,22.443201 ,48.909916 ,31.402864 ,60.592270 ,42.013677
A00040312,BAS2,24.040308 ,17.307850 ,23.448687 ,17.130397 ,28.510436 ,23.956574 ,33.813743 ,33.130674
A00065478,BAS1,56.032155 ,40.684663 ,55.588891 ,39.738006 ,63.091947 ,48.364349 ,75.041789 ,73.199633
A00040383,BAS2,63.555530 ,51.964964 ,62.189405 ,51.245066 ,70.083470 ,58.082215 ,80.916282 ,90.457623
A00065480,BAS1,52.662065 ,41.987185 ,52.361957 ,41.911917 ,58.318985 ,47.945178 ,67.091080 ,75.171924
A00040556,FLU1,-53.257631 ,-57.589167 ,50.654743 ,28.070048 ,65.184574 ,66.540936 ,24.146959 ,47.942217
A00065487,BAS1,57.219606 ,33.737561 ,57.145879 ,33.965841 ,61.497382 ,41.347745 ,71.243501 ,60.061017
A00040580,BAS2,48.042095 ,43.516605 ,46.618014 ,42.744265 ,54.200941 ,48.642306 ,60.185833 ,76.353656
A00065565,BAS1,35.747205 ,26.766422 ,34.681001 ,26.215033 ,40.364997 ,32.078637 ,45.912774 ,46.731875
A00040604,BAS2,48.870151 ,36.253536 ,47.331708 ,35.796270 ,53.963737 ,41.956256 ,62.018539 ,62.933674
A00065572,BAS1,47.100941 ,21.776615 ,40.695143 ,21.443260 ,49.923806 ,30.658596 ,62.108746 ,40.844852
A00040628,BAS2,65.644117 ,37.188874 ,64.351774 ,36.793688 ,68.476024 ,46.075092 ,80.707023 ,66.831904
A00065574,BAS1,47.408116 ,27.724963 ,46.882171 ,27.850222 ,51.197398 ,35.563485 ,60.376087 ,51.353160
A00040798,BAS1,64.761361 ,27.919742 ,65.477974 ,28.437663 ,68.426887 ,38.467170 ,82.532156 ,52.244098
A00065617,BAS1,41.954491 ,22.537911 ,42.248104 ,22.730068 ,44.152693 ,29.156950 ,52.233455 ,41.032541
A00040800,BAS1,70.162125 ,36.375481 ,73.480042 ,37.890187 ,75.662175 ,46.614630 ,90.522568 ,66.946341
A00065717,BAS1,63.591637 ,42.304950 ,62.796535 ,42.153511 ,69.296911 ,50.156983 ,81.570379 ,74.511364
A00040815,BAS1,71.914987 ,38.404763 ,79.240849 ,44.426756 ,77.789774 ,52.242141 ,92.841065 ,73.994510
A00065722,BAS1,30.053814 ,22.956710 ,29.313252 ,22.592201 ,35.425494 ,28.613385 ,40.868154 ,42.507352
A00041540,BAS1,74.708512 ,42.133209 ,73.530836 ,41.750947 ,78.859071 ,51.872587 ,95.257633 ,76.044630
A00065743,BAS1,63.300466 ,32.115230 ,62.806743 ,32.428775 ,68.581659 ,41.588318 ,83.580518 ,57.883955
A00043240,TRT,75.005400 ,42.435053 ,73.344978 ,41.811446 ,78.641118 ,51.642545 ,94.371873 ,74.304856
A00065749,BAS1,40.485584 ,28.250902 ,36.407572 ,26.740794 ,43.611312 ,33.860529 ,50.472057 ,49.674114
A00043299,BAS1,60.254148 ,38.133085 ,59.740597 ,37.839570 ,65.122483 ,45.597372 ,76.872507 ,67.093996
A00065790,BAS1,46.300485 ,22.664448 ,44.948826 ,23.005661 ,48.893093 ,31.805794 ,58.332675 ,43.744233
A00043324,BAS1,64.781659 ,39.154440 ,64.973599 ,38.499788 ,70.835349 ,46.862380 ,85.786628 ,68.018404
A00065792,BAS1,70.394599 ,42.799610 ,69.939045 ,44.424833 ,79.712571 ,54.207290 ,94.091569 ,79.269914
A00043325,BAS1,21.613697 ,10.881614 ,21.056573 ,9.282899 ,31.679142 ,24.311098 ,38.373816 ,25.936835
A00065802,BAS1,56.294403 ,27.571539 ,51.614698 ,27.579359 ,56.894220 ,35.785621 ,69.987308 ,49.362417
A00043384,BAS1,50.112147 ,25.919680 ,49.259621 ,25.750096 ,54.761503 ,34.871130 ,64.405422 ,50.244057
A00065820,BAS1,72.354425 ,49.644298 ,67.335495 ,46.301214 ,79.543866 ,60.517067 ,94.623068 ,91.750766
A00043417,BAS1,51.692398 ,40.481105 ,49.871018 ,39.536045 ,58.023715 ,46.726707 ,65.845127 ,71.223473
A00065865,BAS1,41.584231 ,36.741179 ,39.139208 ,34.822918 ,50.156224 ,42.804450 ,57.651955 ,64.861445
A00043450,BAS1,61.866221 ,28.740671 ,61.764382 ,29.480449 ,66.811700 ,38.305765 ,80.849281 ,53.582148
A00065873,BAS1,44.061006 ,31.616721 ,43.143331 ,32.531027 ,47.787629 ,37.581524 ,56.290647 ,56.461568
A00043462,BAS1,64.519782 ,31.762715 ,63.019627 ,32.008933 ,67.555330 ,39.670600 ,81.597575 ,56.760443
A00065935,BAS1,52.991850 ,20.942700 ,42.870691 ,23.986187 ,57.445566 ,38.030472 ,73.521238 ,48.010641
A00043466,BAS1,70.230868 ,33.210806 ,74.480592 ,35.027514 ,74.273539 ,43.755667 ,89.226225 ,60.816616
A00065962,BAS1,57.939552 ,34.572764 ,58.398264 ,35.218154 ,59.908240 ,41.497963 ,70.782991 ,61.144345
A00043494,BAS1,70.102925 ,25.817656 ,75.639868 ,32.700262 ,74.541687 ,44.063062 ,92.630112 ,51.264158
A00065974,BAS1,80.347305 ,52.304141 ,79.079088 ,50.794905 ,86.190498 ,62.013516 ,103.664404 ,90.677908
A00043509,BAS1,47.480368 ,23.875948 ,46.562317 ,23.895329 ,49.637286 ,31.907446 ,60.090996 ,45.267031
A00065975,BAS1,58.306912 ,25.359592 ,56.348601 ,25.258956 ,59.888961 ,34.355312 ,70.816746 ,47.637103
A00043520,BAS1,55.575775 ,31.900450 ,55.197176 ,31.921745 ,61.469533 ,40.035698 ,72.278568 ,58.347347
A00065978,BAS1,58.880381 ,28.889078 ,56.946818 ,28.486847 ,61.246631 ,36.897022 ,73.997279 ,51.141053
A00043521,BAS1,46.622404 ,33.925751 ,45.476493 ,33.743899 ,51.181809 ,39.583613 ,58.957563 ,60.042205
A00065991,BAS1,70.155233 ,32.474830 ,67.842880 ,32.382471 ,71.858902 ,40.812174 ,86.299215 ,57.365140
A00043617,BAS1,42.701687 ,21.657426 ,43.449281 ,21.201914 ,46.403917 ,28.700075 ,56.997646 ,40.206870
A00065992,FLU1,89.698686 ,58.987219 ,92.075689 ,61.029290 ,100.581706 ,71.733871 ,118.645211 ,108.138083
A00043634,BAS1,39.837595 ,27.781387 ,40.424267 ,28.713085 ,42.517859 ,33.275172 ,49.230898 ,49.227312
A00065995,BAS1,58.632570 ,38.147445 ,57.588439 ,39.048467 ,62.001031 ,45.594829 ,71.631809 ,66.747403
A00043635,BAS1,38.233283 ,22.207795 ,35.546592 ,19.761228 ,41.534906 ,28.302681 ,50.359474 ,38.402825
A00066013,BAS1,50.462528 ,30.501801 ,49.471491 ,30.545423 ,57.968786 ,39.054567 ,68.940802 ,56.302597
A00043649,BAS1,60.878186 ,28.281802 ,58.251958 ,29.695309 ,65.198883 ,38.916853 ,79.504803 ,53.025773
A00066087,BAS1,47.764619 ,29.579597 ,46.698301 ,28.372260 ,51.490696 ,37.775727 ,60.614690 ,55.540252
A00043677,BAS1,56.408984 ,20.105511 ,51.313567 ,20.691794 ,56.850848 ,30.057015 ,69.823444 ,38.804499
A00066091,BAS1,16.604455 ,0.049174 ,40.870895 ,25.053899 ,30.729403 ,22.865045 ,34.619962 ,28.020544
A00043704,BAS1,42.800506 ,25.502575 ,41.936903 ,24.969766 ,47.849860 ,33.898322 ,56.686660 ,47.781969
A00066130,BAS1,50.595850 ,42.542788 ,51.394662 ,43.083159 ,57.000048 ,50.159061 ,64.664160 ,75.532778
A00043721,BAS1,72.643257 ,36.383717 ,71.155982 ,36.286211 ,75.183146 ,45.394273 ,90.443178 ,64.260644
A00066132,BAS1,61.043024 ,34.146289 ,60.563439 ,34.320226 ,66.679263 ,41.839170 ,81.086583 ,59.683730
A00043722,BAS1,49.469401 ,28.907921 ,47.848338 ,27.652273 ,53.228867 ,36.614623 ,63.775822 ,52.485901
A00066153,BAS1,51.984477 ,27.157286 ,49.993317 ,27.692676 ,64.375732 ,40.907433 ,78.025525 ,57.857874
A00043739,BAS1,78.456487 ,47.272856 ,77.980830 ,47.047707 ,82.973495 ,56.618390 ,98.131915 ,82.542135
A00066154,BAS1,57.923419 ,34.722458 ,57.579770 ,33.986931 ,63.173130 ,41.923862 ,77.003116 ,60.708849
A00043758,BAS1,64.903189 ,31.277982 ,64.431686 ,31.699478 ,68.673454 ,40.308499 ,82.857094 ,56.706884
A00066162,BAS1,46.825206 ,33.645033 ,46.793876 ,33.445785 ,52.036228 ,39.674740 ,60.175068 ,59.121333
A00043762,BAS1,,,,,,,,
A00066232,BAS1,45.328009 ,17.810355 ,44.315432 ,17.586908 ,49.308287 ,28.496759 ,61.056132 ,39.256288
A00043788,BAS1,75.887062 ,43.654548 ,75.740428 ,44.148826 ,82.773949 ,56.242546 ,102.394269 ,82.388123
A00066236,BAS1,43.492256 ,19.252546 ,42.298362 ,18.970603 ,44.999996 ,27.268616 ,54.408417 ,37.963880
A00043790,BAS1,60.424388 ,35.638073 ,60.472457 ,36.349753 ,64.967454 ,44.066664 ,75.393200 ,64.993547
A00066237,BAS1,65.622942 ,46.924584 ,65.728426 ,47.182732 ,71.369214 ,54.611949 ,83.078633 ,82.180588
A00043998,BAS1,46.339530 ,29.748235 ,45.585062 ,29.384133 ,50.726714 ,37.767788 ,59.178533 ,54.798725
A00066245,BAS1,59.912443 ,40.653095 ,59.518795 ,41.083773 ,65.290395 ,48.167992 ,75.972062 ,72.886454
A00044011,BAS1,70.079623 ,45.802697 ,69.161747 ,45.606396 ,74.202007 ,53.503488 ,87.596491 ,80.335591
A00066246,BAS1,52.324615 ,28.521984 ,52.466947 ,30.387828 ,60.209851 ,41.441070 ,74.067218 ,58.205566
A00044012,BAS1,71.363813 ,33.833775 ,70.758910 ,34.875190 ,74.791532 ,43.002098 ,90.404660 ,60.651656
A00066282,BAS1,63.972197 ,37.234956 ,61.756731 ,37.715964 ,68.698433 ,45.819450 ,83.419485 ,66.137270
A00044068,BAS1,44.287827 ,27.306749 ,42.540218 ,26.195844 ,47.628234 ,33.580906 ,56.193074 ,48.241507
A00066302,BAS1,48.663339 ,34.997601 ,45.957239 ,33.872637 ,53.870964 ,41.470953 ,62.421736 ,62.114965
A00044084,BAS1,49.887642 ,36.238398 ,51.108693 ,37.196596 ,57.803449 ,45.737417 ,64.960969 ,69.552913
A00066314,BAS1,76.975883 ,40.005584 ,76.771931 ,40.140493 ,83.463008 ,51.190579 ,102.608031 ,71.678639
A00044130,BAS1,58.510063 ,42.123622 ,58.111348 ,42.100586 ,64.511296 ,48.158404 ,74.664363 ,73.949535
A00066319,BAS1,78.772392 ,48.119900 ,66.414778 ,39.414966 ,79.962035 ,57.946691 ,97.249834 ,84.375108
A00044131,BAS1,62.114263 ,36.728143 ,61.741258 ,36.736377 ,71.020510 ,46.644793 ,84.038888 ,66.984930
A00066389,BAS1,44.841262 ,36.891879 ,44.785004 ,36.331821 ,49.203665 ,41.893682 ,57.069901 ,64.998766
A00044154,BAS1,54.911006 ,42.811297 ,54.379506 ,42.616478 ,59.581130 ,48.563199 ,68.165080 ,74.609069
A00066396,BAS1,47.941360 ,22.743040 ,46.619808 ,21.275290 ,50.656070 ,30.889083 ,60.159251 ,42.648449
A00044171,BAS1,62.970326 ,35.899107 ,62.903100 ,35.794986 ,66.677831 ,43.786654 ,78.332284 ,62.782513
A00066419,BAS1,66.174791 ,51.182404 ,64.993072 ,50.885221 ,70.514041 ,58.882700 ,81.392788 ,91.272847
A00044291,BAS1,49.024861 ,29.719910 ,46.780098 ,28.787980 ,52.903517 ,37.359525 ,60.554593 ,54.166676
A00066460,BAS1,33.279475 ,24.928600 ,32.815867 ,25.736462 ,37.638496 ,31.087569 ,42.910084 ,46.580698
A00044307,BAS1,51.097908 ,18.267006 ,48.472985 ,18.684800 ,52.870338 ,29.328974 ,65.685656 ,38.436220
A00066534,FLU2,68.662605 ,44.225270 ,72.249843 ,47.649813 ,75.889403 ,55.240322 ,89.463752 ,80.757699
A00044344,BAS1,48.079566 ,35.397598 ,46.776618 ,33.573610 ,54.662829 ,43.646930 ,64.071457 ,66.072966
A00066539,BAS1,41.244762 ,24.712652 ,41.570828 ,25.108680 ,47.026219 ,31.851256 ,55.711750 ,45.199175
A00044345,BAS1,63.191028 ,47.176838 ,62.222524 ,46.725943 ,69.927087 ,55.155544 ,80.740462 ,83.176897
A00066572,BAS1,60.911785 ,38.410519 ,61.249945 ,38.640971 ,66.123376 ,46.905567 ,77.347224 ,67.944794
A00044369,BAS1,32.931315 ,23.414116 ,33.027815 ,22.809677 ,40.759282 ,30.725922 ,47.547385 ,44.402964
A00066573,BAS1,59.657833 ,29.786044 ,72.266946 ,37.210783 ,71.484685 ,45.742362 ,88.352465 ,61.180358
A00044370,BAS1,62.430999 ,41.440664 ,62.643302 ,41.553037 ,67.449649 ,48.428264 ,79.444494 ,72.724150
A00066580,BAS1,82.562795 ,49.089521 ,83.950518 ,49.324021 ,91.334287 ,64.473121 ,113.115824 ,92.679728
A00044405,BAS1,33.858045 ,23.005434 ,34.063485 ,23.998025 ,37.829242 ,28.939919 ,44.423063 ,43.395773
A00066581,BAS1,61.976106 ,39.345431 ,60.136348 ,38.760841 ,69.493878 ,50.152722 ,87.642822 ,74.729232
A00044408,BAS1,23.315375 ,17.445586 ,22.454137 ,17.052876 ,26.859375 ,22.864895 ,31.248519 ,32.196499
A00066582,BAS1,67.660880 ,20.743330 ,69.941632 ,27.459891 ,72.501673 ,41.161198 ,90.509225 ,51.372838
A00044410,BAS1,39.399414 ,25.868907 ,41.036507 ,27.955252 ,44.567267 ,33.738556 ,51.451868 ,46.442205
A00066584,BAS1,45.321224 ,19.104058 ,44.758465 ,19.086340 ,48.886498 ,27.241169 ,58.780120 ,37.369381
A00044427,BAS1,49.635209 ,35.809868 ,49.447960 ,36.015547 ,53.778353 ,41.339073 ,62.720933 ,60.967818
A00066589,BAS1,61.685809 ,28.764266 ,60.314863 ,29.756664 ,66.063912 ,39.575071 ,81.359930 ,54.435185
A00045554,BAS1,48.834365 ,21.553023 ,48.110424 ,21.282047 ,51.441728 ,31.846579 ,63.226369 ,44.099659
A00066697,BAS1,106.454116 ,52.900000 ,79.938094 ,34.032737 ,112.658015 ,82.291411 ,151.204397 ,108.373003
A00045589,BAS1,32.836308 ,21.229723 ,29.893546 ,20.597557 ,37.669053 ,29.969179 ,43.817335 ,43.071730
A00066698,BAS1,60.153812 ,28.242099 ,74.431421 ,40.380282 ,80.717261 ,59.311139 ,92.197838 ,74.821494
A00045590,BAS1,57.420965 ,25.731667 ,56.787395 ,25.564726 ,61.468643 ,34.625010 ,74.099342 ,47.569322
A00066735,BAS1,66.418812 ,36.854739 ,67.493005 ,37.309817 ,72.840863 ,47.230563 ,87.162668 ,68.321822
A00050679,BAS1,33.641595 ,33.394418 ,33.722827 ,33.288696 ,42.304486 ,39.255633 ,47.447484 ,61.919279
A00066781,BAS1,46.701802 ,24.849893 ,46.650797 ,24.949948 ,51.430932 ,32.384534 ,60.876613 ,45.854647
A00050720,BAS1,49.907644 ,28.773852 ,50.766323 ,29.129818 ,54.404629 ,36.596031 ,65.239544 ,52.540811
A00066782,BAS1,45.572184 ,34.347159 ,45.345401 ,33.769885 ,50.940791 ,40.903177 ,60.220134 ,62.662815
A00050721,BAS1,59.716642 ,37.443840 ,59.342732 ,37.746871 ,63.060789 ,44.995019 ,74.762964 ,65.680066
A00066784,FLU1,77.782442 ,47.045018 ,73.888753 ,45.634159 ,84.952040 ,61.132896 ,101.085648 ,91.135002
A00050742,BAS1,38.338937 ,31.151979 ,38.031605 ,31.150969 ,43.926808 ,35.794887 ,50.197892 ,54.564619
A00066788,BAS1,82.010631 ,50.539183 ,82.748626 ,50.810787 ,86.606481 ,59.651493 ,108.291081 ,89.343836
A00050743,BAS1,71.362383 ,37.606853 ,71.041043 ,37.753614 ,75.152873 ,47.483678 ,89.749695 ,68.099491
A00066800,BAS1,66.997696 ,40.959514 ,68.087563 ,41.300605 ,73.421008 ,49.540686 ,87.700366 ,73.158319
A00050795,BAS1,40.581661 ,24.709466 ,40.228477 ,24.720035 ,46.293426 ,33.267154 ,54.961711 ,48.594255
A00066812,BAS1,59.858807 ,32.457211 ,59.868741 ,32.908836 ,64.178777 ,43.180411 ,78.377824 ,62.211063
A00050815,BAS1,29.840576 ,14.517832 ,29.563087 ,14.665138 ,31.212781 ,20.478601 ,38.084171 ,27.265635
A00066820,BAS1,28.402314 ,15.704565 ,27.443784 ,16.179830 ,32.366476 ,23.453028 ,37.873783 ,31.299091
A00050848,BAS1,61.587894 ,24.995905 ,60.201385 ,24.467603 ,67.503623 ,35.605724 ,82.355711 ,48.810177
A00066822,BAS1,58.954604 ,33.832211 ,60.129984 ,34.039220 ,62.294497 ,41.155843 ,74.318995 ,59.442132
A00050911,BAS1,49.315787 ,34.705504 ,48.254086 ,33.618234 ,56.433990 ,44.401755 ,67.375195 ,65.582179
A00066827,BAS1,66.873966 ,31.009038 ,64.855715 ,30.584329 ,67.402847 ,40.065542 ,80.833234 ,56.269110
A00050912,BAS1,39.655044 ,27.078600 ,39.935506 ,27.139663 ,43.621972 ,32.677292 ,50.179595 ,49.300936
A00066831,BAS1,40.703346 ,36.354447 ,39.713123 ,36.625835 ,46.095321 ,41.588406 ,51.443777 ,64.950023
A00050940,BAS1,53.210387 ,20.356799 ,51.097985 ,20.413035 ,53.343908 ,27.923026 ,65.537329 ,37.742039
A00066860,FLU2,103.852199 ,61.718522 ,95.919637 ,54.680128 ,115.241120 ,81.313139 ,142.591543 ,113.260004
A00050977,BAS1,35.535804 ,29.277528 ,35.622947 ,29.419766 ,40.222798 ,33.792374 ,44.394122 ,50.786444
A00066864,BAS1,51.542951 ,28.723776 ,50.397900 ,28.383647 ,55.029660 ,35.233569 ,66.256083 ,50.055662
A00051023,BAS1,55.792954 ,38.105582 ,55.939568 ,38.006831 ,60.704961 ,44.927835 ,70.731586 ,67.065226
A00066865,BAS1,87.374942 ,62.653607 ,85.879262 ,63.169930 ,92.939856 ,74.424610 ,110.527116 ,113.226399
A00051063,BAS1,60.335597 ,27.039413 ,60.244653 ,27.496619 ,63.683571 ,37.399188 ,75.443031 ,51.529932
A00066871,BAS1,50.729476 ,32.633746 ,50.300164 ,32.503404 ,54.508402 ,38.900518 ,64.668551 ,57.210136
A00051064,BAS1,49.544752 ,30.512396 ,49.536587 ,30.979249 ,55.066330 ,37.699643 ,66.141062 ,55.437934
A00066926,BAS1,39.555344 ,28.825866 ,38.578793 ,28.120448 ,44.048354 ,34.147139 ,50.222500 ,52.061416
A00051455,BAS1,35.007207 ,27.226074 ,34.876534 ,26.898690 ,38.478687 ,32.849731 ,43.618383 ,47.326248
A00067062,BAS1,62.566648 ,27.411266 ,61.884415 ,27.704318 ,67.736787 ,37.644494 ,84.007176 ,51.973903
A00051456,BAS1,53.174049 ,29.985889 ,53.322596 ,30.205915 ,57.100022 ,36.981924 ,67.885433 ,52.789213
A00067146,BAS1,76.573015 ,34.423119 ,94.238877 ,47.000765 ,81.773474 ,49.290605 ,102.812071 ,67.983363
A00051457,BAS1,41.818445 ,33.812443 ,41.905767 ,34.548252 ,49.762327 ,43.344824 ,56.547726 ,63.932903
A00067174,BAS1,25.549301 ,24.616816 ,25.718972 ,24.051831 ,35.754016 ,29.470230 ,41.129927 ,43.779166
A00051477,BAS1,39.404481 ,22.352306 ,37.143477 ,21.639840 ,44.383609 ,30.012897 ,53.195598 ,42.925343
A00072203,BAS1,62.214218 ,47.429795 ,61.475023 ,47.306904 ,68.824602 ,54.290242 ,79.970836 ,84.174529
A00051513,BAS1,54.485078 ,37.200582 ,54.392254 ,37.369794 ,60.571999 ,45.767348 ,70.217687 ,67.975941
A00073230,BAS1,48.439069 ,31.655863 ,48.643796 ,31.420022 ,52.888762 ,37.607116 ,62.479826 ,55.470523
A00051514,BAS1,56.031638 ,28.487327 ,55.312927 ,28.796297 ,60.142527 ,38.083990 ,72.478035 ,54.699549
A00073283,BAS1,52.142596 ,26.900673 ,50.574385 ,27.693391 ,54.234927 ,35.574151 ,65.055644 ,49.180690
A00051517,BAS1,44.449768 ,36.567341 ,47.932203 ,38.459297 ,51.296506 ,42.358627 ,59.249661 ,66.257843
A00073296,BAS1,45.326178 ,35.420152 ,43.930728 ,35.268477 ,48.905668 ,40.959000 ,57.241549 ,61.979275
A00051528,BAS1,32.835271 ,18.299311 ,30.868161 ,17.738575 ,36.770886 ,25.153495 ,43.158978 ,34.150023
A00073303,BAS1,88.877200 ,42.680469 ,88.350200 ,42.207437 ,94.690269 ,57.945017 ,117.359515 ,80.783286
A00051529,BAS1,45.474571 ,35.654747 ,45.248514 ,34.925860 ,51.487973 ,42.224115 ,59.542825 ,63.586246
A00073308,BAS1,28.150873 ,23.664978 ,28.695237 ,23.454414 ,31.708350 ,28.265537 ,36.461258 ,41.516772
A00051539,BAS1,49.062838 ,34.944252 ,49.046693 ,35.087500 ,53.961109 ,41.584246 ,60.924108 ,62.517478
A00073525,BAS1,53.357536 ,37.843887 ,50.306305 ,38.665382 ,60.452226 ,47.375887 ,71.806739 ,69.748488
A00051548,BAS1,53.723495 ,38.966571 ,47.707816 ,31.076562 ,58.961081 ,46.682589 ,69.906464 ,69.817468
A00073529,BAS1,42.232276 ,30.912930 ,42.507304 ,30.977202 ,49.559824 ,38.464825 ,56.650104 ,58.353202
A00051603,BAS1,54.601457 ,26.053941 ,54.765417 ,26.261761 ,60.392219 ,35.927417 ,73.821874 ,49.571041
A00073539,BAS1,76.920855 ,50.092933 ,76.016435 ,50.042799 ,85.284003 ,58.727817 ,102.631015 ,85.443403
A00051604,BAS1,39.921571 ,29.206206 ,39.050740 ,29.491913 ,45.198473 ,35.125913 ,51.403461 ,51.771017
A00073545,FLU2,75.555430 ,36.848815 ,73.342050 ,34.876908 ,85.876090 ,59.231116 ,108.961238 ,74.604293
A00051638,BAS1,64.415028 ,29.573890 ,63.439307 ,30.724040 ,67.181977 ,39.941667 ,80.523417 ,55.483180
A00073600,BAS1,49.894174 ,30.401580 ,47.946779 ,28.623200 ,53.497204 ,36.537221 ,64.553246 ,53.853773
A00051658,BAS1,68.481964 ,27.478548 ,66.594055 ,27.410769 ,77.732365 ,39.155757 ,98.749993 ,52.698087
A00073611,BAS1,37.957368 ,31.609590 ,36.479180 ,30.530265 ,42.587562 ,35.820600 ,49.039442 ,54.712814
A00051676,BAS1,47.964616 ,27.896249 ,46.791121 ,27.420059 ,52.290517 ,35.377987 ,62.007126 ,51.578585
A00073677,BAS1,47.796073 ,27.105899 ,44.444784 ,26.552027 ,51.757741 ,37.518266 ,63.998023 ,52.225990
A00051678,BAS1,33.569286 ,22.758602 ,31.753917 ,22.180760 ,35.765624 ,27.652982 ,42.160123 ,40.893266
A00073705,BAS1,35.579031 ,29.232888 ,35.845875 ,28.783623 ,41.906974 ,35.173971 ,49.086656 ,54.296711
A00051679,BAS1,46.869193 ,27.170292 ,49.010811 ,26.739607 ,51.201536 ,34.008894 ,61.676351 ,48.590299
A00073940,FLU1,30.077621 ,25.899377 ,29.282554 ,24.800882 ,35.189151 ,30.489736 ,38.937665 ,48.339526
A00051690,BAS1,71.839892 ,43.886305 ,71.406404 ,43.764008 ,78.676704 ,54.441848 ,92.306144 ,80.833917
A00073942,BAS1,55.569283 ,37.291938 ,56.128769 ,38.004622 ,61.832564 ,45.333882 ,73.676853 ,67.305380
A00051691,FLU1,93.706961 ,52.489965 ,99.784176 ,54.781842 ,102.749263 ,69.524346 ,122.125798 ,98.712221
A00073953,BAS1,35.879962 ,25.589271 ,35.732479 ,24.903493 ,40.064991 ,31.891675 ,47.026207 ,45.631026
A00051726,BAS1,57.465914 ,26.332083 ,57.115745 ,26.366228 ,60.921953 ,35.351276 ,73.309114 ,48.621325
A00073975,BAS1,73.326220 ,46.611340 ,74.094285 ,46.145744 ,81.264205 ,57.855144 ,95.982423 ,85.468897
A00051727,BAS1,45.404316 ,31.693171 ,48.286551 ,32.979874 ,54.160289 ,40.463418 ,63.498931 ,60.046549
A00074000,BAS1,43.411636 ,26.213435 ,43.371012 ,24.160554 ,47.063720 ,34.130951 ,57.044797 ,48.595180
A00051774,BAS1,29.988681 ,17.467032 ,31.729321 ,16.469861 ,36.156636 ,25.495467 ,43.786073 ,35.485297
A00074034,BAS1,90.426808 ,45.441364 ,72.885773 ,31.654248 ,91.060392 ,70.922689 ,113.051126 ,85.356625
A00051796,BAS1,21.489129 ,6.710533 ,23.566280 ,10.615835 ,35.906983 ,24.761446 ,44.694959 ,29.586060
A00074047,BAS1,22.293459 ,18.035872 ,16.689475 ,12.606071 ,31.002105 ,24.924736 ,36.967093 ,36.325625
A00051835,BAS1,53.770204 ,33.763781 ,40.973507 ,26.787330 ,58.340121 ,45.423588 ,72.672764 ,62.509704
A00074095,BAS1,46.392800 ,24.532206 ,45.720272 ,24.752282 ,51.601527 ,33.980620 ,62.222724 ,45.945524
A00051882,BAS1,52.624585 ,34.613586 ,51.684439 ,34.093652 ,56.304264 ,41.321513 ,65.520525 ,60.562428
A00074113,BAS1,47.915942 ,33.191360 ,47.923476 ,33.404144 ,54.986941 ,38.752374 ,64.661885 ,56.414029
A00051925,BAS1,58.460066 ,38.003121 ,57.633578 ,38.417671 ,64.458602 ,45.066758 ,76.455800 ,67.163380
A00074114,BAS1,63.651099 ,41.082020 ,62.772612 ,40.440622 ,69.240959 ,49.849414 ,83.053223 ,73.315464
A00051927,BAS1,47.277107 ,33.773649 ,44.243861 ,33.602217 ,51.285505 ,39.833457 ,60.109816 ,59.603232
A00074425,BAS1,49.024593 ,26.791391 ,46.557504 ,25.002198 ,53.334251 ,35.067375 ,63.816094 ,50.283787
A00052069,BAS1,71.873491 ,81.622404 ,77.080342 ,85.799722 ,90.910355 ,98.891771 ,108.771366 ,150.088700
A00074427,BAS1,114.646366 ,57.167341 ,113.555343 ,57.432707 ,121.387664 ,71.039841 ,145.994920 ,101.746066
A00052070,BAS1,33.782523 ,19.137440 ,32.742747 ,18.681618 ,39.392916 ,28.464145 ,46.301460 ,40.680900
A00074439,BAS1,52.915530 ,33.393724 ,53.914027 ,33.951937 ,59.380387 ,41.194612 ,70.335795 ,57.653187
A00052117,BAS1,65.008627 ,42.618253 ,65.549279 ,43.162917 ,70.671290 ,52.772963 ,81.687453 ,78.674612
A00074447,FLU2,75.734937 ,42.798224 ,75.125742 ,42.218515 ,81.730833 ,53.115225 ,100.612828 ,77.459157
A00052118,BAS1,50.133095 ,39.234298 ,51.328114 ,39.948955 ,54.132952 ,45.391546 ,61.763729 ,69.738086
A00074482,BAS1,51.801780 ,38.051717 ,59.525863 ,42.597069 ,68.812999 ,58.740716 ,84.557445 ,89.202410
A00052125,BAS1,55.358833 ,35.051598 ,54.769721 ,35.284249 ,59.190486 ,43.077982 ,68.053889 ,64.383274
A00074607,BAS1,64.069804 ,30.885008 ,79.878624 ,41.467968 ,80.551441 ,64.353180 ,101.105711 ,77.540804
A00052126,BAS1,42.265584 ,19.098981 ,42.505556 ,19.253910 ,46.827699 ,26.230245 ,57.181710 ,35.980970
A00074609,BAS1,48.040152 ,20.685059 ,47.966525 ,20.730713 ,48.282648 ,27.654891 ,59.716578 ,37.882575
A00052165,BAS1,78.027532 ,35.056503 ,92.990216 ,50.834459 ,93.650882 ,67.214745 ,123.572505 ,94.195777
A00074618,BAS1,37.362705 ,28.479243 ,35.503817 ,27.804512 ,41.535108 ,33.036476 ,48.438167 ,49.589979
A00052180,BAS1,65.087904 ,36.231127 ,65.666231 ,36.668467 ,69.835214 ,45.190343 ,83.396718 ,66.346393
A00074639,BAS1,50.513370 ,35.691003 ,48.566308 ,34.799248 ,55.846509 ,42.406955 ,64.207838 ,64.276807
A00052181,BAS1,65.937398 ,46.370818 ,66.745091 ,46.661097 ,72.630380 ,54.413241 ,83.997563 ,80.431424
A00074641,BAS1,40.807356 ,25.540967 ,40.764782 ,25.728791 ,45.701279 ,32.024954 ,54.016631 ,46.238050
A00052182,FLU2,58.805957 ,30.092648 ,66.287039 ,40.689282 ,64.658399 ,46.067042 ,80.840824 ,61.892369
A00074652,BAS1,40.799026 ,17.270094 ,42.932731 ,18.547285 ,46.548409 ,32.885140 ,59.243235 ,39.801284
A00052183,BAS1,52.796918 ,24.213256 ,52.146451 ,24.277881 ,56.168188 ,32.544310 ,69.068854 ,44.482787
A00074657,BAS1,64.087893 ,45.947003 ,63.446171 ,45.862977 ,70.580906 ,53.749568 ,82.346842 ,79.439549
A00052197,BAS1,46.760766 ,25.266989 ,46.104449 ,25.430585 ,51.449284 ,34.795627 ,61.841675 ,50.616806
A00074687,BAS1,39.205110 ,22.475312 ,38.292419 ,22.214159 ,44.209366 ,30.468123 ,52.609985 ,43.717393
A00052214,BAS1,45.649748 ,38.180958 ,45.651837 ,38.191630 ,51.997584 ,43.792260 ,59.420271 ,66.711040
A00074688,BAS1,53.982755 ,32.240605 ,54.721698 ,32.627735 ,59.053079 ,40.108671 ,71.707883 ,57.539553
A00052234,BAS1,38.087793 ,19.783529 ,36.867246 ,17.832833 ,40.394537 ,26.773173 ,48.951580 ,35.806437
A00074701,BAS1,43.938654 ,30.992454 ,43.656153 ,30.594715 ,48.441221 ,36.582389 ,56.471643 ,55.103793
A00052235,BAS1,54.023791 ,24.893304 ,52.900949 ,24.815151 ,60.728028 ,34.160718 ,74.081530 ,46.737097
A00074709,BAS1,36.012268 ,20.992742 ,35.764099 ,20.591801 ,43.942912 ,32.589642 ,51.857514 ,43.666292
A00052237,FLU1,58.941282 ,34.163975 ,60.508401 ,35.690067 ,62.274579 ,44.306383 ,75.766566 ,63.384413
A00074711,BAS1,46.217465 ,34.168227 ,46.411778 ,31.741827 ,54.901508 ,43.407579 ,64.732311 ,64.202415
A00052307,BAS1,44.905041 ,16.430770 ,42.380769 ,17.244199 ,48.963075 ,29.004532 ,61.119131 ,37.438463
A00074768,BAS1,37.908350 ,26.298720 ,37.939600 ,26.463233 ,43.676897 ,33.380355 ,51.395140 ,49.055956
A00052319,BAS1,54.765252 ,40.091367 ,54.894593 ,40.369393 ,59.124124 ,45.212112 ,67.364835 ,68.306287
A00074769,BAS1,43.881883 ,31.274644 ,40.283709 ,28.267283 ,48.874194 ,36.816656 ,56.695772 ,53.063500
A00052340,BAS1,55.004279 ,32.551350 ,53.537884 ,33.159073 ,62.794136 ,40.835752 ,73.869354 ,58.416072
A00074780,BAS1,62.432493 ,31.110580 ,63.773902 ,32.552752 ,64.615907 ,40.692507 ,77.344661 ,58.027437
A00052461,BAS1,49.985619 ,28.279904 ,47.299048 ,27.179800 ,54.674112 ,37.132748 ,65.257943 ,51.863916
A00074784,BAS1,36.775314 ,23.986108 ,36.650666 ,23.793002 ,41.871679 ,31.664159 ,50.610915 ,44.540855
A00052499,BAS1,28.819062 ,26.161763 ,26.629901 ,21.467363 ,45.038967 ,39.127490 ,54.056344 ,54.624985
A00074787,BAS1,53.764301 ,40.459487 ,53.671732 ,41.718161 ,62.210748 ,48.938240 ,72.660361 ,74.441967
A00052500,BAS1,32.701178 ,17.341688 ,30.281045 ,17.015681 ,36.457240 ,26.050652 ,42.682344 ,36.137290
A00074793,BAS1,33.368732 ,20.979755 ,33.525019 ,20.919205 ,37.475878 ,27.847381 ,43.733905 ,40.487370
A00052502,BAS1,64.808033 ,37.592777 ,63.081574 ,37.178420 ,70.566622 ,46.801159 ,83.725657 ,68.898866
A00074794,BAS1,43.031256 ,27.003753 ,42.880131 ,27.150276 ,48.568851 ,34.567106 ,58.582164 ,50.494704
A00052560,BAS1,57.734979 ,30.436116 ,59.189245 ,30.926673 ,64.077383 ,39.908176 ,79.129070 ,54.341791
A00074795,BAS1,49.209775 ,29.402612 ,49.501169 ,29.431806 ,55.670469 ,40.025867 ,67.870674 ,60.224176
A00052577,BAS2,58.101631 ,32.474009 ,57.297392 ,33.105718 ,62.189425 ,42.017969 ,73.457817 ,59.564871
A00074800,BAS1,49.937333 ,33.979503 ,50.069738 ,33.728440 ,53.920527 ,41.042556 ,62.988873 ,61.548652
A00052612,BAS1,72.743204 ,39.871708 ,71.459592 ,39.637938 ,76.989184 ,48.912180 ,93.616454 ,71.156865
A00074802,BAS1,47.742891 ,36.626478 ,46.394022 ,36.743952 ,55.545413 ,42.959246 ,65.001233 ,65.201857
A00052613,BAS1,66.476332 ,37.272493 ,65.712045 ,37.084065 ,70.662518 ,46.864586 ,88.181710 ,68.514501
A00074808,BAS1,41.933613 ,35.793819 ,42.252862 ,35.990735 ,47.266922 ,40.294134 ,53.506203 ,63.881368
A00052614,BAS1,88.504684 ,40.790856 ,87.058670 ,41.148396 ,93.566089 ,53.425852 ,112.851697 ,74.858969
A00074836,BAS1,36.679138 ,32.284484 ,35.915329 ,31.609927 ,41.899944 ,36.688183 ,46.954247 ,57.151155
A00052639,BAS1,48.035327 ,31.591248 ,46.584639 ,30.910172 ,53.329356 ,39.453006 ,62.417245 ,57.526959
A00074942,BAS1,47.712095 ,27.919679 ,47.302885 ,28.065482 ,53.138190 ,37.029799 ,61.639622 ,52.291871
A00053171,FLU1,58.099905 ,47.061516 ,57.632661 ,46.717350 ,65.006942 ,53.878790 ,74.766972 ,82.905041
A00074952,BAS1,80.331578 ,41.514800 ,78.679765 ,41.858003 ,85.345353 ,52.518455 ,101.339949 ,74.516388
A00053202,BAS1,56.315629 ,36.004682 ,55.624624 ,36.038986 ,59.266267 ,42.438095 ,68.857035 ,62.824703
A00074953,BAS1,67.186387 ,36.306517 ,67.151324 ,36.391119 ,72.897562 ,46.499186 ,86.791021 ,67.410091
A00053203,BAS1,85.279536 ,43.197340 ,81.987338 ,43.111249 ,90.881736 ,54.120283 ,108.613739 ,75.412547
A00074956,BAS1,47.544641 ,32.952574 ,46.306523 ,33.589489 ,55.405797 ,39.940318 ,64.256609 ,59.010966
A00053320,BAS1,79.257435 ,31.900974 ,76.459834 ,31.604145 ,83.889826 ,43.728063 ,101.648403 ,58.308495
A00074959,FLU1,32.573060 ,19.465203 ,33.606734 ,20.291328 ,41.131270 ,29.190466 ,47.684105 ,41.122756
A00053369,BAS1,39.219324 ,29.799877 ,39.198860 ,29.883015 ,42.815388 ,34.551229 ,49.875923 ,53.436766
A00074962,BAS1,49.417445 ,30.690908 ,50.391225 ,31.764544 ,55.075887 ,40.217586 ,64.523170 ,59.076306
A00053390,BAS1,62.435801 ,33.313554 ,61.012240 ,33.619891 ,67.520704 ,43.180734 ,81.075014 ,61.300540
A00074969,BAS1,43.342771 ,26.383672 ,54.648230 ,32.566892 ,51.316188 ,35.837243 ,62.069769 ,51.669248
A00053455,BAS1,63.818932 ,33.111689 ,62.760062 ,32.928194 ,69.363891 ,41.844848 ,83.507660 ,59.459229
A00074975,BAS1,24.592139 ,19.597582 ,26.042961 ,20.307554 ,32.445974 ,26.431215 ,38.407909 ,37.541233
A00053456,BAS1,40.918873 ,35.735893 ,41.726034 ,35.932450 ,45.855270 ,40.047554 ,51.330095 ,60.831376
A00074977,BAS1,67.269924 ,38.311784 ,66.541672 ,38.025250 ,71.669229 ,47.379408 ,84.778306 ,67.596267
A00053473,BAS1,39.437172 ,19.556123 ,40.960727 ,19.996278 ,43.359656 ,27.959520 ,51.949787 ,38.413318
A00074985,BAS1,48.989708 ,27.392251 ,48.391243 ,27.096205 ,52.187362 ,34.023947 ,62.395330 ,48.548215
A00053474,BAS1,67.059058 ,30.157164 ,66.262929 ,30.515506 ,70.810965 ,39.565642 ,85.925369 ,54.905733
A00074989,BAS1,41.769288 ,34.197260 ,41.188158 ,34.001784 ,47.697084 ,40.098979 ,53.925407 ,61.671095
A00053475,BAS1,46.307398 ,27.772344 ,47.374212 ,28.109007 ,50.864342 ,35.152254 ,59.438275 ,50.542639
A00075150,BAS1,92.332399 ,51.515910 ,89.897146 ,51.385785 ,100.693956 ,66.936412 ,125.774852 ,98.177154
A00053490,BAS1,82.812753 ,36.723908 ,80.322503 ,37.235985 ,86.381073 ,50.126669 ,107.121470 ,68.977023
A00075151,BAS1,75.986890 ,51.649719 ,64.169912 ,42.479803 ,86.694535 ,67.972727 ,104.322583 ,98.293443
A00053546,BAS1,54.412031 ,23.331589 ,53.247909 ,23.565122 ,56.741020 ,32.393633 ,69.082221 ,44.278649
A00075156,BAS1,59.709410 ,45.206285 ,59.158045 ,45.457581 ,64.646476 ,52.381852 ,73.984592 ,80.334450
A00053576,BAS1,69.748612 ,36.081703 ,68.429781 ,37.289988 ,72.311019 ,44.709563 ,87.327540 ,63.665302
A00075193,BAS1,42.687995 ,36.284661 ,41.707573 ,35.790930 ,47.624548 ,40.867028 ,53.739248 ,63.233310
A00053577,BAS1,59.289388 ,29.952926 ,56.909954 ,31.277011 ,62.003971 ,40.230583 ,74.554050 ,57.269461
A00075210,BAS1,32.426950 ,18.230835 ,31.348016 ,17.473538 ,37.949171 ,25.898148 ,45.000914 ,34.131550
A00053578,BAS1,60.460949 ,42.222941 ,60.091292 ,42.108384 ,66.787810 ,50.316091 ,78.542823 ,74.264593
A00075220,BAS1,35.465249 ,26.938532 ,35.595633 ,26.919829 ,41.222515 ,33.356684 ,47.890779 ,49.383561
A00053625,BAS1,40.954559 ,31.555329 ,40.732104 ,31.636307 ,45.449993 ,36.853333 ,52.132962 ,56.457665
A00075229,BAS1,34.300857 ,23.466525 ,33.153966 ,21.175566 ,40.602523 ,31.189490 ,49.027893 ,44.528228
A00053626,BAS1,33.960458 ,29.336911 ,34.924963 ,28.629292 ,39.549241 ,33.703045 ,44.991136 ,51.429015
A00075267,BAS1,39.027078 ,20.271631 ,38.823876 ,19.986846 ,42.003326 ,28.776627 ,50.474933 ,41.298610
A00053627,BAS1,48.581290 ,31.243494 ,48.073445 ,31.365546 ,52.243622 ,38.054264 ,61.004740 ,56.146897
A00075269,BAS1,61.566488 ,35.962266 ,59.473926 ,35.794113 ,65.190986 ,44.653461 ,77.460626 ,65.040767
A00053744,BAS1,49.776536 ,23.033363 ,48.531822 ,22.804211 ,52.176075 ,31.983370 ,62.378095 ,44.026259
A00075361,BAS1,65.168593 ,39.387051 ,74.321257 ,46.768289 ,72.339683 ,51.807192 ,87.103777 ,77.115580
A00053850,BAS1,93.893812 ,43.385743 ,95.083503 ,44.893310 ,101.210591 ,55.583777 ,125.933309 ,77.172627
A00075372,BAS1,77.285453 ,46.088499 ,73.620115 ,43.827216 ,84.264666 ,57.376387 ,101.967588 ,82.723600
A00053851,BAS1,61.960080 ,35.173699 ,62.742138 ,35.589536 ,66.623838 ,43.396009 ,77.812225 ,62.668347
A00075377,BAS1,74.493042 ,33.837029 ,61.349553 ,28.087912 ,62.696969 ,41.968210 ,83.966355 ,49.422861
A00053854,BAS1,62.927933 ,32.359771 ,60.198314 ,32.257513 ,63.365960 ,40.990216 ,78.244689 ,58.317761
A00075407,BAS1,33.289863 ,25.975582 ,33.087666 ,25.670388 ,39.013254 ,31.147989 ,44.366108 ,47.161703
A00053873,BAS1,90.209004 ,56.896106 ,75.737396 ,41.956988 ,97.773019 ,75.886326 ,121.686134 ,103.283609
A00075412,BAS1,55.472749 ,25.169836 ,53.489153 ,24.565980 ,59.593056 ,36.468217 ,73.179628 ,50.334749
A00053874,BAS1,34.186740 ,30.836178 ,33.665664 ,30.561563 ,39.742685 ,36.483560 ,44.395054 ,55.531215
A00075432,BAS1,47.906474 ,29.343871 ,50.328560 ,31.788444 ,52.425828 ,36.498896 ,62.333855 ,52.797438
A00053901,BAS1,62.629540 ,36.569395 ,62.183903 ,37.628332 ,68.244933 ,44.767575 ,81.653315 ,65.412052
A00075651,BAS1,46.865337 ,27.920140 ,47.443010 ,27.783982 ,49.751729 ,34.361483 ,59.021761 ,50.022288
A00053902,BAS1,72.358985 ,47.306387 ,69.866262 ,46.763634 ,79.558338 ,57.497215 ,92.167220 ,84.727458
A00075653,BAS1,71.140383 ,44.118283 ,69.663254 ,44.046530 ,76.882623 ,52.453546 ,89.907577 ,77.505597
A00053927,BAS1,43.863757 ,27.672089 ,42.161278 ,28.064085 ,49.113745 ,34.975244 ,58.171976 ,51.703242
A00075660,BAS1,70.074899 ,37.097483 ,70.580830 ,37.380612 ,75.829353 ,48.066882 ,88.541692 ,68.014828
A00053949,BAS1,31.122199 ,21.580105 ,30.708987 ,21.598666 ,37.197270 ,27.434221 ,43.333556 ,39.480232
A00075674,BAS1,39.855269 ,23.799751 ,40.303080 ,23.750160 ,45.510051 ,32.141180 ,54.317038 ,45.215591
A00054019,BAS1,45.607069 ,25.295882 ,46.655023 ,25.766007 ,50.322083 ,33.237405 ,59.854503 ,48.250029
A00075678,BAS1,41.182391 ,27.398949 ,39.689491 ,26.515667 ,46.403279 ,33.021226 ,53.836942 ,47.972542
A00054038,BAS1,37.271598 ,28.433169 ,34.497225 ,26.576137 ,41.121138 ,33.552045 ,47.488909 ,49.486799
A00075721,BAS1,50.088081 ,31.732483 ,48.935999 ,31.817296 ,54.318841 ,39.102562 ,62.369553 ,58.235428
A00054153,BAS1,40.633783 ,17.744589 ,40.456032 ,17.947431 ,46.332011 ,27.055898 ,56.741025 ,35.198486
A00075729,BAS1,57.102419 ,34.426680 ,46.919224 ,29.622235 ,62.755782 ,46.611103 ,74.383796 ,66.837702
A00054173,BAS1,64.448944 ,38.937905 ,63.663557 ,39.916157 ,67.791047 ,47.389497 ,78.789890 ,69.918871
A00075732,BAS1,35.207028 ,19.115481 ,35.033353 ,18.874645 ,38.232549 ,25.764470 ,44.489278 ,36.213629
A00054206,BAS1,74.555083 ,45.268771 ,72.075454 ,41.573641 ,80.659785 ,58.167008 ,97.968630 ,81.968605
A00075735,BAS1,70.375621 ,41.682191 ,69.659225 ,41.612107 ,74.693818 ,50.239715 ,87.612252 ,71.658453
A00054358,BAS1,64.803442 ,43.673038 ,63.125367 ,43.451819 ,70.782862 ,52.449001 ,83.904772 ,76.989288
A00075737,BAS1,58.975427 ,22.568264 ,59.152956 ,23.026358 ,63.429277 ,32.045480 ,76.938354 ,42.233371
A00054441,BAS1,113.014069 ,55.936631 ,111.436407 ,55.549331 ,120.881963 ,70.667008 ,,
A00075738,BAS1,52.735271 ,21.362211 ,51.549605 ,21.405763 ,55.941058 ,31.152046 ,67.653364 ,41.894785
A00054482,BAS1,52.807714 ,41.942767 ,52.279070 ,41.506746 ,57.008303 ,47.736053 ,65.897330 ,72.576129
A00075741,BAS1,54.570556 ,31.783071 ,53.326229 ,31.691000 ,61.703894 ,41.383515 ,72.278873 ,58.692184
A00054504,BAS1,71.304192 ,35.385523 ,71.433721 ,35.651487 ,73.308369 ,43.073763 ,87.380108 ,61.657498
A00075744,BAS1,60.955739 ,25.872486 ,58.166218 ,24.897651 ,63.492860 ,36.207466 ,78.530764 ,48.865575
A00054533,BAS1,69.569015 ,34.940239 ,69.556440 ,35.145045 ,72.781058 ,45.431758 ,86.445126 ,64.923284
A00075745,BAS1,73.558590 ,33.144445 ,71.708140 ,31.817402 ,75.688784 ,42.355953 ,93.812924 ,57.560361
A00054534,BAS1,66.009763 ,33.480001 ,65.687450 ,34.005654 ,69.662172 ,42.842708 ,84.121691 ,61.069530
A00075746,BAS1,91.754745 ,38.608686 ,92.153685 ,40.480795 ,100.711830 ,53.761605 ,125.457115 ,73.791147
A00054578,BAS1,78.930543 ,41.516686 ,77.931184 ,41.726143 ,84.355542 ,53.425031 ,103.751792 ,76.277721
A00075757,BAS1,37.898785 ,18.019855 ,35.728005 ,19.153903 ,43.578511 ,29.598220 ,52.034133 ,40.354342
A00054581,BAS1,95.356009 ,36.183878 ,81.644944 ,34.866450 ,95.686906 ,65.726707 ,124.311799 ,80.592646
A00075806,BAS1,59.409432 ,37.155150 ,59.057616 ,37.366102 ,64.453957 ,44.180581 ,75.268929 ,64.935484
A00054621,BAS1,48.547203 ,34.338293 ,47.083090 ,33.754685 ,52.498121 ,40.400906 ,60.357073 ,59.615908
A00075895,BAS1,53.538783 ,36.025548 ,50.379240 ,33.908024 ,60.777069 ,44.266226 ,71.452432 ,65.256882
A00054857,BAS1,71.320772 ,34.421725 ,70.142567 ,35.074445 ,75.779820 ,43.836315 ,90.969359 ,61.063377
A00075898,BAS1,41.398140 ,22.435756 ,41.014671 ,22.231979 ,46.384850 ,30.108195 ,54.726498 ,41.422895
A00054895,BAS2,49.314431 ,35.101237 ,49.229584 ,35.646316 ,54.689165 ,41.612094 ,62.747342 ,61.963104
A00075964,BAS1,61.391550 ,37.575832 ,61.744378 ,37.908112 ,66.669726 ,45.394320 ,78.044067 ,66.257435
A00054929,BAS1,42.115854 ,32.343610 ,40.562861 ,32.317836 ,46.567784 ,38.102546 ,54.420998 ,57.791196
A00076380,BAS1,60.155546 ,34.725813 ,59.503969 ,35.121605 ,64.371472 ,42.808412 ,75.431556 ,61.632342
A00055061,BAS1,58.411609 ,38.056434 ,57.901303 ,37.774906 ,63.070451 ,44.891201 ,74.296357 ,66.881737
A00076381,BAS1,45.249608 ,25.789214 ,44.937225 ,25.907157 ,49.702959 ,32.793468 ,58.535004 ,47.243453
A00055076,FLU1,73.523782 ,41.649819 ,72.255610 ,40.383456 ,77.725254 ,51.092561 ,95.076994 ,73.777782
A00076546,BAS1,43.897630 ,27.975863 ,42.431085 ,27.100646 ,46.830345 ,33.803883 ,54.668947 ,48.542089
A00055121,BAS1,49.881710 ,22.904797 ,54.461272 ,24.696555 ,51.061867 ,32.595400 ,63.431597 ,44.299594
A00076559,BAS1,66.602649 ,47.868823 ,65.161126 ,47.140306 ,78.725827 ,56.387221 ,93.315635 ,82.530210
A00055122,BAS1,68.423880 ,25.918115 ,65.679719 ,25.480009 ,72.693030 ,42.012716 ,91.215399 ,51.883948
A00076568,FLU1,56.201530 ,28.420017 ,77.007481 ,45.092188 ,76.788561 ,56.311495 ,100.048708 ,82.276270
A00055215,BAS1,69.745509 ,40.841336 ,69.256079 ,40.569541 ,72.913842 ,49.137554 ,86.600760 ,72.150814
A00076574,BAS1,79.193433 ,37.054044 ,86.021127 ,39.086574 ,83.539390 ,52.501035 ,104.214981 ,70.773739
A00055262,FLU2,62.007751 ,33.805190 ,61.343469 ,33.721534 ,69.534410 ,44.042163 ,83.377476 ,62.700727
A00076586,BAS1,48.011534 ,33.435442 ,47.342103 ,33.258308 ,51.971305 ,39.342420 ,60.451622 ,58.947259
A00055267,FLU2,,,,,,,,
A00076594,BAS1,65.236006 ,43.641532 ,63.305828 ,44.027551 ,67.797396 ,52.197268 ,82.183677 ,78.500944
A00055332,BAS1,42.029046 ,22.691334 ,41.566661 ,22.719172 ,45.958498 ,30.564748 ,55.774184 ,42.631742
A00076595,BAS1,51.370455 ,29.611274 ,50.809054 ,29.507983 ,53.772370 ,37.098486 ,65.544516 ,53.226047
A00055352,BAS1,42.255020 ,27.446864 ,40.644011 ,26.466031 ,47.231960 ,34.010316 ,55.850852 ,49.960162
A00076600,BAS1,59.486159 ,44.091795 ,58.872159 ,44.075205 ,66.462215 ,51.466466 ,76.572654 ,76.532900
A00055446,BAS1,63.794300 ,30.320393 ,62.659378 ,30.062541 ,66.146999 ,39.619943 ,80.989145 ,55.520415
A00076744,BAS1,62.980250 ,34.754653 ,64.642567 ,35.155101 ,69.880034 ,43.959790 ,82.888173 ,63.291119
A00055462,BAS1,55.146643 ,32.276173 ,55.076801 ,30.365173 ,61.486639 ,41.038774 ,73.620731 ,58.219155
A00076746,FLU1,48.887958 ,36.264499 ,49.139374 ,36.874558 ,59.620618 ,45.558209 ,69.811422 ,68.719301
A00055542,BAS1,75.068700 ,32.222762 ,73.178837 ,32.405001 ,79.064649 ,43.134524 ,94.839550 ,59.347624
A00076751,BAS1,57.770172 ,40.907210 ,57.456398 ,42.029645 ,67.222767 ,53.071178 ,80.034270 ,79.437368
A00055612,BAS1,90.358551 ,43.145702 ,89.264770 ,43.455820 ,96.481706 ,54.442426 ,119.548910 ,75.271254
A00076755,BAS1,44.697007 ,25.262149 ,43.813873 ,25.143106 ,48.677820 ,33.674449 ,56.230835 ,47.835731
A00055624,FLU1,62.457867 ,40.887525 ,62.223775 ,41.124513 ,68.561676 ,48.956962 ,82.145615 ,72.561467
A00076759,BAS1,91.019253 ,62.434898 ,87.940609 ,49.412838 ,106.560605 ,77.285064 ,130.025129 ,114.020228
A00055693,FLU2,89.612773 ,42.824199 ,71.126490 ,35.617595 ,84.166305 ,58.438524 ,104.088209 ,74.571191
A00076764,BAS1,39.962224 ,31.965438 ,40.852643 ,32.416227 ,44.321476 ,36.763602 ,51.693072 ,56.775647
A00055727,BAS1,82.862895 ,47.938700 ,81.830551 ,48.108343 ,91.667018 ,64.239228 ,114.422102 ,90.194332
A00076775,BAS1,48.002904 ,31.478499 ,44.311538 ,30.062377 ,51.350336 ,39.760557 ,61.368078 ,57.317311
A00055728,BAS1,77.745401 ,49.270881 ,80.963746 ,48.909248 ,87.356409 ,61.109107 ,102.724165 ,89.971332
A00076798,BAS1,51.702041 ,33.054612 ,51.310219 ,32.871165 ,56.414203 ,40.811163 ,68.210777 ,58.625216
A00055738,BAS1,62.064163 ,28.791384 ,61.364976 ,28.882565 ,64.132191 ,37.910741 ,76.875781 ,52.711636
A00076863,BAS1,97.302195 ,54.588421 ,95.832340 ,54.615176 ,105.757685 ,65.236030 ,126.247423 ,93.716324
A00055763,BAS1,57.792019 ,31.533326 ,58.184058 ,31.623724 ,62.370333 ,39.734611 ,74.635369 ,57.296113
A00076941,BAS1,-9.789425 ,-33.909563 ,42.247243 ,25.774948 ,87.187527 ,77.671429 ,80.693441 ,89.333099
A00055765,BAS1,76.232763 ,33.495503 ,77.555947 ,35.184217 ,82.047503 ,48.742886 ,103.701131 ,69.766885
A00077088,BAS1,43.739250 ,23.125799 ,41.976696 ,22.609492 ,45.887439 ,30.384821 ,54.122084 ,42.336861
A00055832,FLU1,98.721836 ,51.902936 ,98.924091 ,52.774974 ,105.572731 ,64.220723 ,127.692060 ,92.406990
A00077091,BAS1,47.238124 ,22.779867 ,48.009390 ,24.133539 ,51.906004 ,31.720573 ,62.753271 ,43.248971
A00055866,TRT,77.753642 ,41.739669 ,78.211279 ,42.430825 ,82.492865 ,52.251612 ,99.400618 ,74.868035
A00077095,BAS1,56.975218 ,42.582875 ,55.986179 ,43.136052 ,61.619479 ,49.300143 ,70.837463 ,74.105462
A00055867,BAS1,56.324719 ,27.062570 ,56.560308 ,27.523437 ,61.857059 ,37.024708 ,74.397578 ,52.014664
A00077099,BAS1,31.650620 ,17.485125 ,32.433753 ,17.337251 ,38.723322 ,29.371544 ,45.750942 ,41.138477
A00055903,BAS1,95.113857 ,47.241085 ,93.847928 ,47.599212 ,100.320385 ,58.790230 ,121.942146 ,82.799144
A00077109,BAS1,72.487115 ,41.049505 ,76.400986 ,40.972250 ,81.363062 ,52.224270 ,97.417185 ,74.260192
A00055906,BAS1,66.011497 ,35.037943 ,64.482793 ,35.465264 ,71.382900 ,46.244768 ,86.194139 ,65.196190
A00077111,BAS1,46.432891 ,29.404217 ,44.501606 ,28.581144 ,59.536081 ,44.504265 ,72.373862 ,66.135855
A00055907,BAS1,80.652897 ,58.520734 ,71.723511 ,53.022868 ,89.936681 ,70.418003 ,105.641747 ,111.234815
A00077134,BAS1,40.561996 ,21.666887 ,40.411382 ,21.921600 ,46.752605 ,29.780051 ,55.811274 ,41.420766
A00055908,BAS1,87.352520 ,49.208781 ,87.231805 ,49.326590 ,93.967929 ,60.686816 ,114.291111 ,86.501653
A00077144,BAS1,45.532719 ,34.642792 ,46.349665 ,35.938889 ,52.390706 ,40.724903 ,61.586724 ,60.822740
A00055920,FLU1,82.387134 ,49.441869 ,77.101070 ,47.011022 ,85.431685 ,59.432482 ,103.105337 ,87.309440
A00077181,BAS1,34.896971 ,29.372080 ,34.893110 ,29.395434 ,39.902005 ,35.007585 ,45.326626 ,53.238942
A00055921,FLU1,67.866656 ,31.820103 ,67.015183 ,31.305466 ,75.392736 ,49.601893 ,92.316962 ,74.313195
A00077182,BAS1,54.249679 ,29.054460 ,56.034748 ,30.235965 ,56.486355 ,36.115830 ,68.116496 ,51.656600
A00055946,FLU1,80.196008 ,57.292529 ,66.165528 ,45.769717 ,92.254328 ,80.157719 ,107.212068 ,115.380074
A00077183,BAS1,36.391271 ,19.147523 ,35.633745 ,19.787646 ,39.271686 ,27.435389 ,47.310612 ,38.757009
A00055962,BAS1,68.850842 ,45.434473 ,68.452647 ,45.748671 ,74.850066 ,54.239192 ,87.452095 ,80.939496
A00077184,BAS1,50.654171 ,33.005946 ,50.651552 ,33.693411 ,57.712104 ,41.998808 ,67.349050 ,61.620593
A00056020,FLU1,71.229357 ,33.371317 ,70.996270 ,34.911500 ,79.263923 ,49.532065 ,96.034501 ,68.452956
A00077188,BAS1,23.834588 ,15.472940 ,23.010499 ,15.016071 ,26.606237 ,20.668580 ,30.971387 ,30.513014
A00056022,BAS1,100.883044 ,58.198228 ,95.532041 ,55.819922 ,115.203811 ,76.922530 ,,
A00077192,BAS1,39.280560 ,23.236303 ,37.760727 ,22.211030 ,45.993510 ,32.545583 ,56.094161 ,44.897925
A00056097,BAS1,47.601664 ,24.904695 ,47.232071 ,25.099960 ,50.241681 ,32.043222 ,59.130180 ,45.649678
A00077199,BAS1,62.012611 ,17.088205 ,58.572866 ,22.592801 ,62.201565 ,35.162739 ,76.900198 ,43.196914
A00056098,BAS2,74.871904 ,32.235897 ,73.034856 ,32.450594 ,79.772927 ,42.597538 ,97.328347 ,58.781860
A00077201,BAS1,85.603089 ,51.963865 ,85.398977 ,52.423825 ,94.205005 ,62.656048 ,110.914707 ,92.798294
A00056099,BAS2,46.084992 ,19.708455 ,45.451824 ,19.964631 ,49.212491 ,28.428695 ,59.002203 ,37.592593
A00077203,BAS1,50.612783 ,24.710532 ,47.412410 ,22.372605 ,55.289434 ,34.588201 ,67.498456 ,45.951994
A00056138,BAS1,56.307115 ,28.111278 ,59.460392 ,32.926242 ,61.112240 ,38.459296 ,73.450017 ,54.055588
A00077204,BAS1,32.983557 ,20.942043 ,34.320024 ,21.166501 ,38.158440 ,26.881269 ,44.880706 ,38.910737
A00056164,BAS1,36.570887 ,26.941705 ,35.416486 ,26.602601 ,43.269570 ,34.158573 ,51.735102 ,49.501699
A00077213,BAS1,53.799769 ,39.083153 ,53.808721 ,39.478861 ,58.343527 ,45.397213 ,68.796884 ,68.725703
A00056198,BAS1,114.759078 ,74.921527 ,101.724749 ,56.205601 ,114.603086 ,89.927302 ,137.427755 ,122.964491
A00077252,BAS1,42.038704 ,24.898539 ,41.612499 ,24.991422 ,45.888113 ,31.563655 ,53.712153 ,44.391228
A00056295,FLU1,57.846291 ,30.973491 ,56.758372 ,30.874756 ,62.335659 ,40.819569 ,77.913409 ,58.813083
A00077304,BAS1,57.994814 ,34.029359 ,58.919558 ,35.238483 ,62.633547 ,41.378030 ,75.690278 ,59.485259
A00056306,BAS1,64.554846 ,31.966677 ,62.951711 ,34.244098 ,64.620948 ,42.487484 ,80.101149 ,58.655581
A00077311,FLU1,38.054205 ,25.370980 ,39.201097 ,26.138600 ,47.613975 ,36.698259 ,57.857371 ,53.528511
A00056307,FLU1,84.162794 ,42.337050 ,85.686956 ,42.109591 ,92.671756 ,55.961967 ,109.552852 ,79.878632
A00077391,BAS1,53.832976 ,30.511460 ,54.578062 ,31.932987 ,60.615356 ,42.575168 ,71.192846 ,60.873658
A00056372,BAS1,54.991598 ,49.838453 ,54.617990 ,49.719853 ,61.383721 ,56.975603 ,69.524499 ,87.593051
A00077395,BAS1,61.461513 ,29.003634 ,59.966095 ,28.085820 ,66.994810 ,40.112410 ,81.848770 ,55.055012
A00056419,BAS1,-36.328442 ,-55.599873 ,53.323821 ,37.582584 ,45.880168 ,44.879408 ,38.248437 ,61.095753
A00077397,FLU1,67.154700 ,39.731237 ,69.549795 ,41.442739 ,78.275248 ,51.627646 ,95.839427 ,77.559501
A00056420,FLU1,71.945550 ,38.903521 ,71.200024 ,39.562534 ,75.773946 ,50.825392 ,95.772314 ,71.820116
A00077412,BAS1,92.497725 ,45.197139 ,93.888506 ,46.493948 ,99.136040 ,57.234323 ,119.382453 ,80.001022
A00056452,BAS1,60.712551 ,33.986034 ,59.263626 ,34.916569 ,64.821552 ,42.357278 ,77.341072 ,61.741304
A00077413,BAS1,63.652482 ,37.408540 ,63.723125 ,38.405847 ,68.893001 ,47.477288 ,80.995776 ,68.999651
A00056453,BAS1,58.374052 ,35.237476 ,57.370677 ,35.421338 ,64.280558 ,43.734598 ,76.508054 ,64.235433
A00077453,BAS1,67.577745 ,39.967207 ,67.400398 ,40.477666 ,73.196588 ,49.057351 ,86.661851 ,71.713106
A00056605,BAS1,67.361976 ,39.840228 ,64.520130 ,38.888624 ,71.156645 ,46.912681 ,89.759291 ,76.714467
A00077528,BAS1,50.036919 ,36.743087 ,50.635092 ,35.988844 ,56.825931 ,44.105320 ,65.041554 ,67.487723
A00056679,FLU1,68.656484 ,40.182727 ,69.397858 ,40.794912 ,76.379675 ,53.763610 ,94.931294 ,75.750727
A00077556,BAS1,44.695114 ,36.535396 ,44.095796 ,35.261854 ,49.354199 ,41.215594 ,57.705711 ,63.515569
A00056746,BAS1,79.401067 ,49.033936 ,77.590743 ,48.745848 ,91.619932 ,60.561400 ,111.933854 ,90.622758
A00077573,BAS1,64.914747 ,38.890898 ,63.884790 ,39.015595 ,70.361515 ,47.646757 ,80.230851 ,68.941355
A00056830,FLU2,71.501943 ,39.234813 ,71.213702 ,39.746344 ,77.134297 ,50.656643 ,91.095110 ,73.309989
A00077574,BAS1,71.074014 ,43.032120 ,71.008735 ,43.788253 ,77.359821 ,56.894697 ,93.140650 ,83.343605
A00056898,BAS1,43.055264 ,23.484334 ,43.272900 ,23.561593 ,47.301674 ,30.712660 ,55.566391 ,44.218081
A00077577,BAS1,85.730279 ,54.876761 ,85.146219 ,54.709381 ,91.901412 ,64.357230 ,112.401515 ,97.665497
A00056919,BAS1,49.811778 ,28.739334 ,50.487135 ,29.028094 ,52.427004 ,35.281372 ,62.187860 ,51.890389
A00077585,BAS1,50.687164 ,42.165901 ,51.111316 ,42.324453 ,58.737023 ,50.858117 ,66.079414 ,75.870109
A00056949,BAS1,63.585722 ,39.972790 ,62.942402 ,40.140182 ,71.496482 ,49.847766 ,82.847650 ,75.010571
A00077622,BAS1,44.006366 ,33.760542 ,44.658783 ,33.888595 ,50.495849 ,39.751124 ,58.228950 ,59.670628
A00057005,BAS1,69.711217 ,36.861567 ,70.063936 ,37.559144 ,73.612320 ,46.679279 ,88.676321 ,66.478172
A00077637,BAS1,34.635891 ,19.678616 ,34.084982 ,19.599364 ,41.855919 ,28.200521 ,49.658997 ,39.769626
A00057076,FLU1,57.364001 ,32.884648 ,83.257868 ,49.670620 ,69.885285 ,50.767276 ,84.445564 ,73.142253
A00077638,TRT,,,,,,,,
A00057182,BAS1,67.695180 ,41.284323 ,67.564275 ,41.586187 ,72.231838 ,49.078635 ,85.261738 ,72.250853
A00077668,BAS1,72.033568 ,36.442138 ,74.832437 ,38.548672 ,77.569416 ,49.180170 ,91.240035 ,71.227842
A00057183,BAS1,52.948498 ,31.718630 ,58.372884 ,35.387169 ,58.250791 ,40.845408 ,69.286591 ,60.526952
A00077733,BAS1,73.478257 ,48.752065 ,73.218498 ,48.682027 ,78.998750 ,57.340652 ,92.987123 ,85.641258
A00057203,BAS1,65.272490 ,28.622076 ,64.745062 ,29.215756 ,70.160193 ,40.262325 ,85.294639 ,56.301679
A00077734,BAS1,83.963866 ,54.921056 ,82.788634 ,48.877666 ,92.962483 ,72.082987 ,113.657384 ,103.274923
A00057235,BAS1,75.258572 ,38.898660 ,74.800801 ,40.590019 ,76.053613 ,49.178291 ,92.594588 ,70.210494
A00077753,BAS1,-47.979385 ,-43.774652 ,-48.501308 ,-44.149341 ,9.969084 ,10.382484 ,8.158155 ,37.821302
A00057372,BAS1,56.590572 ,23.264872 ,56.201161 ,23.397664 ,60.048990 ,31.963501 ,74.120884 ,42.958473
A00077755,BAS1,71.553448 ,31.623009 ,70.541290 ,32.251254 ,75.347822 ,43.630413 ,92.757943 ,60.201831
A00057405,BAS1,84.352701 ,36.740900 ,83.530927 ,36.897981 ,88.784909 ,47.880824 ,109.009735 ,65.573466
A00077758,BAS1,44.420561 ,23.830090 ,42.666146 ,23.480849 ,48.549940 ,32.647478 ,56.577970 ,45.449490
A00057406,BAS1,72.892987 ,47.873248 ,68.808362 ,45.505509 ,77.949608 ,58.459193 ,96.901674 ,86.437461
A00078238,BAS1,55.163937 ,30.587622 ,54.394426 ,30.538299 ,59.717169 ,39.549402 ,71.356169 ,57.327254
A00057444,BAS1,74.931819 ,45.783532 ,73.350992 ,44.654187 ,78.857055 ,54.437329 ,93.061629 ,80.548691
A00078262,BAS1,41.494727 ,30.670465 ,42.323956 ,30.352696 ,47.468268 ,37.444247 ,54.702971 ,56.715386
A00057445,BAS1,46.175445 ,34.788152 ,45.179565 ,34.472261 ,51.384265 ,41.094602 ,58.193869 ,62.953227
A00078823,BAS1,37.404831 ,26.163785 ,38.023648 ,26.064949 ,41.297077 ,32.019297 ,48.119550 ,49.080554
A00057480,BAS1,64.740824 ,35.529822 ,68.154105 ,36.984273 ,69.755492 ,45.076884 ,82.392449 ,65.350027
A00079292,BAS1,60.043785 ,39.160300 ,59.598584 ,38.762627 ,63.712851 ,46.322812 ,74.674563 ,68.987500
A00057725,BAS1,26.457760 ,3.570899 ,64.512263 ,36.311522 ,57.820751 ,45.430733 ,67.404437 ,58.747327
A00079301,BAS1,41.129026 ,27.117192 ,39.336727 ,28.209535 ,46.332196 ,33.819063 ,53.588146 ,48.495274
A00057726,TRT,,,,,,,,
A00079302,BAS1,50.323854 ,25.080632 ,49.827103 ,25.006976 ,55.844684 ,34.887539 ,68.825040 ,47.945618
A00057786,BAS1,74.001867 ,37.935731 ,72.696149 ,37.488089 ,78.143636 ,47.384982 ,95.193808 ,67.227243
A00079334,BAS1,29.431418 ,25.040811 ,29.627875 ,25.184246 ,36.173901 ,32.202581 ,40.832867 ,49.672480
A00057808,BAS1,77.523286 ,47.348469 ,75.723346 ,47.479286 ,80.431879 ,56.288587 ,95.983533 ,83.791672
A00079337,BAS1,68.281538 ,35.384933 ,67.929213 ,35.725325 ,72.942341 ,45.597070 ,86.832322 ,65.327969
A00057809,BAS1,68.366108 ,48.366019 ,67.057242 ,47.204891 ,79.806235 ,57.101343 ,93.655571 ,89.522662
A00079353,BAS1,63.048559 ,33.454443 ,62.032287 ,33.743387 ,66.943916 ,42.147658 ,81.263742 ,59.676134
A00057862,BAS1,87.112266 ,45.884721 ,85.664983 ,45.522644 ,92.139902 ,56.916398 ,110.873699 ,80.370044
A00079422,BAS1,50.289240 ,33.502118 ,48.446067 ,32.094605 ,56.151194 ,40.206175 ,66.355924 ,60.841123
A00057863,BAS1,63.104061 ,20.264018 ,61.250776 ,37.406161 ,104.605468 ,89.690061 ,106.830138 ,90.281801
A00079710,BAS1,85.865316 ,42.526082 ,82.807934 ,41.469012 ,92.506231 ,59.161832 ,111.218990 ,82.409496
A00057965,BAS1,57.029034 ,23.954896 ,55.971866 ,23.859194 ,62.378277 ,34.154476 ,77.369143 ,47.209054
A00079715,BAS1,,,,,,,,
A00057967,BAS1,77.139562 ,40.575764 ,74.605540 ,38.498768 ,82.822374 ,52.042539 ,99.216613 ,74.311431
A00079724,BAS1,33.071303 ,20.181003 ,35.108638 ,20.841766 ,43.623045 ,30.572134 ,52.009316 ,41.042498
A00058004,BAS1,74.976926 ,46.287152 ,79.520836 ,50.399151 ,86.085958 ,60.954974 ,102.090744 ,89.780030
A00079730,BAS1,32.869614 ,28.846418 ,33.614821 ,29.495284 ,38.333729 ,34.470849 ,42.828469 ,51.671449
A00058053,BAS1,87.499512 ,40.379650 ,87.017224 ,40.799524 ,92.159362 ,51.655354 ,111.207853 ,72.010516
A00079747,BAS1,58.854324 ,37.926490 ,57.313113 ,37.633729 ,62.678724 ,45.398151 ,73.171491 ,68.452808
A00058060,BAS1,88.138538 ,45.410090 ,95.083125 ,47.160099 ,96.842850 ,63.582124 ,122.125234 ,87.229339
A00079775,BAS1,43.952554 ,23.934484 ,44.353408 ,24.486493 ,49.710940 ,33.638649 ,59.987971 ,47.945348
A00058061,BAS1,78.321874 ,41.063729 ,77.309662 ,41.254336 ,88.471600 ,52.052416 ,108.997338 ,74.901891
A00079776,BAS1,59.779053 ,32.682933 ,60.556571 ,32.888799 ,65.243387 ,42.196973 ,78.288957 ,59.897910
A00058130,BAS1,39.072549 ,30.271203 ,37.578503 ,29.613018 ,45.067215 ,37.442370 ,51.183039 ,51.959939
A00079777,BAS1,55.439639 ,30.840439 ,54.107608 ,30.637752 ,60.585986 ,39.645895 ,72.744244 ,56.400993
A00058145,BAS1,63.419727 ,45.337572 ,64.726594 ,47.284362 ,70.202597 ,55.106275 ,83.784008 ,80.093997
A00079818,BAS1,79.674665 ,51.115930 ,80.056145 ,51.900491 ,86.306451 ,59.918098 ,101.840830 ,88.880658
A00058214,BAS1,70.601693 ,38.265417 ,70.488943 ,38.736485 ,75.675514 ,47.139677 ,91.315083 ,67.412470
A00079850,BAS1,41.624238 ,29.489201 ,41.972107 ,29.931364 ,48.488258 ,35.840284 ,56.650686 ,52.737498
A00058215,BAS1,98.634922 ,57.479356 ,107.803738 ,66.195379 ,107.889275 ,79.744595 ,132.514666 ,112.303014
A00079907,BAS1,39.311709 ,21.574827 ,42.607468 ,21.519458 ,50.209355 ,34.025368 ,60.603867 ,46.198052
A00058229,BAS1,50.433710 ,20.721594 ,45.019646 ,17.340715 ,56.511508 ,36.240341 ,71.182759 ,45.245935
A00079931,BAS1,122.417308 ,84.928856 ,89.507287 ,57.250262 ,128.834954 ,99.273343 ,162.842239 ,150.102405
A00058318,BAS1,39.889625 ,36.608655 ,39.851475 ,36.491178 ,46.130485 ,41.584179 ,51.804417 ,63.974885
A00079977,BAS1,44.629618 ,24.149551 ,43.737304 ,24.254619 ,46.897455 ,30.125042 ,56.429491 ,42.811007
A00058436,BAS1,41.970597 ,35.507710 ,44.327205 ,33.608163 ,51.202844 ,41.344894 ,60.249062 ,63.558748
A00080052,BAS1,45.246083 ,30.208958 ,44.642614 ,29.978231 ,49.651852 ,36.105488 ,57.128161 ,52.918439
A00058503,BAS1,56.545558 ,34.828759 ,55.724490 ,34.341610 ,61.420955 ,42.640237 ,71.993170 ,62.784634
A00080327,BAS1,81.709015 ,45.909849 ,80.478519 ,45.140178 ,89.194533 ,59.178286 ,107.515685 ,84.080391
A00058515,BAS1,70.166843 ,46.828622 ,72.482406 ,43.529654 ,83.479294 ,61.372513 ,,
A00080428,BAS1,77.878070 ,57.754075 ,76.842865 ,57.497170 ,84.264462 ,65.402872 ,,
A00058516,BAS1,77.637979 ,46.944129 ,80.018272 ,51.854798 ,85.052501 ,59.295080 ,103.184336 ,88.760390
A00080447,BAS1,74.970948 ,44.354576 ,73.211540 ,45.208564 ,78.147299 ,54.381124 ,91.308854 ,79.963436
A00058537,BAS1,54.224081 ,35.419026 ,51.899891 ,34.508036 ,58.829291 ,43.085559 ,67.738617 ,63.750182
A00080452,BAS1,60.985230 ,20.285407 ,57.958574 ,20.216615 ,64.736155 ,34.490192 ,86.547137 ,43.250203
A00058552,BAS1,70.256130 ,33.822321 ,69.058873 ,33.708469 ,73.898949 ,44.065439 ,88.832584 ,61.865984
A00080453,BAS1,52.121236 ,34.812636 ,47.429647 ,32.301743 ,57.998248 ,44.969352 ,67.341729 ,67.157327
A00058570,BAS1,78.764718 ,51.872520 ,76.288693 ,55.251979 ,87.114040 ,66.315306 ,,
A00080535,BAS1,57.093630 ,42.071643 ,56.959040 ,42.469685 ,61.846498 ,48.469462 ,71.240711 ,73.826716
A00058621,BAS1,89.879500 ,50.594852 ,88.114402 ,50.132113 ,93.991319 ,60.368407 ,114.552740 ,87.591948
A00080811,BAS1,38.479048 ,18.646329 ,38.487090 ,19.040716 ,46.456368 ,28.626333 ,55.250087 ,38.285292
A00058644,BAS1,46.601935 ,39.834233 ,46.559502 ,40.370858 ,52.665525 ,45.434864 ,60.161387 ,70.385773
A00080818,BAS1,79.503652 ,41.563939 ,82.914414 ,40.682636 ,85.414494 ,56.314068 ,105.682481 ,78.680661
A00058667,BAS1,72.147420 ,44.617741 ,72.235177 ,45.203685 ,77.857360 ,54.703943 ,91.683630 ,81.068721
A00080819,BAS1,41.558603 ,26.624564 ,39.783104 ,26.060007 ,45.936819 ,33.040490 ,53.857958 ,48.506515
A00058685,BAS1,69.904594 ,34.313168 ,68.972309 ,34.389789 ,73.776611 ,43.724316 ,89.064092 ,61.751905
A00080901,BAS1,49.637380 ,39.194426 ,50.277375 ,39.542008 ,57.838096 ,48.186493 ,66.204228 ,73.687446
A00058951,BAS1,78.883453 ,43.698994 ,77.341084 ,44.376839 ,84.453498 ,53.905371 ,99.790641 ,79.246265
A00080932,BAS1,36.977017 ,17.080139 ,35.221939 ,14.058678 ,40.973116 ,27.565155 ,,
A00058952,BAS1,44.138228 ,25.463929 ,45.040276 ,25.726772 ,48.226829 ,33.213345 ,56.725683 ,47.492953
A00080942,BAS1,42.552314 ,26.286400 ,43.733251 ,26.226335 ,47.307461 ,34.962105 ,58.764910 ,50.230941
A00058998,BAS1,34.226873 ,19.148616 ,48.930155 ,33.130298 ,45.698013 ,34.257754 ,55.052581 ,48.209857
A00081064,BAS1,103.582493 ,67.247882 ,101.402067 ,57.974653 ,124.828164 ,105.223482 ,152.960116 ,147.665169
A00058999,BAS1,58.156755 ,31.080479 ,57.249257 ,30.914805 ,60.058744 ,38.915722 ,71.540975 ,55.693798
A00081065,BAS1,52.023979 ,27.023464 ,85.796951 ,49.728910 ,72.053598 ,55.753454 ,90.109224 ,77.181890
A00059074,BAS1,45.533565 ,22.221747 ,45.014268 ,22.274947 ,47.811020 ,30.307698 ,56.212263 ,41.719639
A00081071,BAS1,54.872185 ,36.175720 ,49.137495 ,35.128873 ,56.564396 ,42.560731 ,67.835434 ,63.229123
A00059107,BAS1,50.055800 ,35.815164 ,49.242992 ,36.307661 ,56.031455 ,42.773889 ,,
A00081090,FLU2,31.143940 ,17.193995 ,64.171891 ,47.798769 ,52.690110 ,37.743102 ,62.726613 ,58.509056
A00059109,BAS1,67.424142 ,39.159071 ,71.942619 ,47.322260 ,79.159841 ,54.816735 ,97.119038 ,77.160278
A00081098,BAS1,33.727843 ,26.870689 ,33.041914 ,25.975092 ,38.675481 ,33.623683 ,44.432602 ,51.033041
A00059325,BAS1,82.755618 ,40.948533 ,86.777948 ,43.394220 ,90.422731 ,54.757123 ,109.004116 ,74.919254
A00081103,BAS1,46.464331 ,30.071647 ,43.501243 ,28.759404 ,55.697284 ,41.394166 ,64.886483 ,60.648584
A00059326,BAS1,64.676726 ,27.702386 ,83.556909 ,39.273482 ,82.088484 ,53.608766 ,100.596192 ,61.406112
A00081105,BAS1,55.295559 ,42.228351 ,48.587574 ,36.962664 ,59.198704 ,47.441658 ,69.050923 ,72.615328
A00059327,BAS1,71.323464 ,40.644248 ,70.642302 ,41.295483 ,83.731784 ,54.926239 ,98.372999 ,81.540820
A00081112,BAS1,63.121590 ,33.639340 ,64.650491 ,34.759943 ,67.187353 ,41.265944 ,79.963414 ,59.165257
A00059344,BAS1,47.954601 ,27.299927 ,47.327306 ,27.692820 ,55.424253 ,36.697183 ,66.967895 ,50.950941
A00081114,BAS1,38.711706 ,32.404854 ,38.765879 ,32.051591 ,48.630937 ,40.033564 ,56.544790 ,60.248860
A00059346,BAS1,63.177113 ,49.533852 ,61.914139 ,48.628633 ,67.417361 ,55.842183 ,78.347483 ,86.846333
A00081123,BAS1,66.541387 ,37.995089 ,68.373484 ,39.512249 ,74.377891 ,48.735099 ,89.808611 ,70.204888
A00059361,BAS1,54.235097 ,32.655491 ,54.638228 ,32.745860 ,60.059055 ,42.289264 ,72.617687 ,61.546521
A00081126,BAS1,73.352442 ,40.973095 ,73.612370 ,41.144710 ,78.650217 ,51.593349 ,93.316720 ,74.093385
A00059428,BAS1,56.628573 ,32.427790 ,57.140761 ,32.520057 ,61.742129 ,40.890804 ,72.636720 ,57.732873
A00081132,BAS1,36.398962 ,31.100276 ,36.740324 ,30.967621 ,43.088068 ,36.191458 ,49.239218 ,55.083226
A00059527,BAS1,65.869611 ,30.267822 ,65.081046 ,30.810497 ,69.034860 ,39.968903 ,85.152240 ,56.433194
A00081142,BAS1,47.844218 ,34.339744 ,47.990816 ,34.193591 ,51.831344 ,40.729017 ,59.174907 ,63.052794
A00059662,BAS1,39.285522 ,30.674223 ,38.545758 ,29.269017 ,44.598517 ,35.755442 ,52.070929 ,53.562108
A00081149,BAS1,50.656321 ,27.141095 ,51.058139 ,27.474655 ,55.281498 ,34.978914 ,65.017074 ,49.127035
A00059663,BAS1,37.051007 ,29.382454 ,38.019107 ,30.610706 ,39.909798 ,33.906657 ,45.144357 ,50.634175
A00081175,BAS1,55.765542 ,36.523182 ,53.978626 ,35.482362 ,60.777268 ,42.989457 ,71.034187 ,63.181636
A00059664,BAS1,53.730001 ,38.689580 ,54.039804 ,39.293500 ,58.624053 ,45.684952 ,69.533340 ,68.031777
A00081185,BAS1,42.575556 ,20.033184 ,44.212783 ,20.626508 ,46.573076 ,30.020652 ,57.057567 ,40.269837
A00059733,BAS1,48.199360 ,23.931933 ,71.062689 ,50.231264 ,143.270118 ,135.352882 ,152.896118 ,193.760433
A00081239,BAS1,,,,,,,,
A00059756,BAS1,68.904304 ,41.709092 ,67.679549 ,41.962461 ,74.325589 ,49.343737 ,89.666880 ,72.414471
A00081243,BAS1,60.464137 ,46.020464 ,57.408958 ,44.746685 ,64.905350 ,51.412223 ,76.042364 ,78.926129
A00059845,BAS1,40.777748 ,16.843552 ,39.376416 ,16.645185 ,43.842754 ,25.759665 ,53.927416 ,32.208283
A00081253,BAS1,47.979061 ,31.673526 ,46.850245 ,31.762099 ,53.368538 ,38.307673 ,62.183858 ,56.463579
A00059865,BAS1,66.688084 ,33.247041 ,66.672326 ,33.840528 ,69.615488 ,41.305805 ,83.398860 ,58.701966
A00081385,FLU1,39.445595 ,21.757819 ,71.487098 ,52.702587 ,60.861429 ,51.802884 ,69.099027 ,72.657134
A00059911,BAS1,43.356003 ,23.334036 ,42.527613 ,22.967647 ,45.954403 ,29.622396 ,54.612731 ,41.880688
A00081394,BAS1,86.837465 ,50.591586 ,85.655974 ,49.959491 ,92.090839 ,61.702213 ,113.399892 ,90.491953
A00059935,BAS1,61.770534 ,29.810237 ,62.573546 ,30.174338 ,65.570147 ,39.809144 ,77.394244 ,55.488944
A00081402,BAS1,15.573719 ,14.440629 ,17.094783 ,14.463654 ,30.640400 ,24.216749 ,36.311642 ,32.963234
A00059990,BAS1,68.725043 ,28.222049 ,70.032197 ,29.137020 ,72.833393 ,39.689631 ,89.289214 ,54.252782
A00081476,BAS1,80.509621 ,41.688601 ,80.189018 ,41.661893 ,86.112587 ,53.010621 ,103.048200 ,74.919789
A00060005,BAS1,61.347411 ,33.227323 ,61.342066 ,33.308449 ,63.967725 ,40.365217 ,78.280892 ,58.170050
A00081479,BAS1,48.547764 ,33.423954 ,49.725835 ,34.725187 ,52.017242 ,39.340467 ,60.336269 ,58.877372
A00060006,BAS1,50.508966 ,36.513726 ,51.352468 ,36.002304 ,61.091773 ,45.360905 ,71.503556 ,68.227266
A00081517,BAS1,48.546800 ,35.312084 ,49.072343 ,36.408606 ,59.405653 ,46.704940 ,68.014379 ,71.742191
A00060093,BAS1,70.073417 ,33.238852 ,70.203727 ,33.457931 ,74.590700 ,42.754926 ,93.364711 ,59.829124
A00081518,BAS1,76.356090 ,51.165810 ,73.076031 ,49.701541 ,81.399045 ,60.403793 ,103.598669 ,91.276156
A00060099,BAS1,61.845859 ,37.118878 ,52.283634 ,24.347263 ,70.600990 ,48.149145 ,86.224986 ,65.948913
A00081519,BAS1,109.078531 ,84.228984 ,96.291532 ,72.791840 ,127.671290 ,108.964805 ,159.422719 ,159.530782
A00060100,BAS1,64.851443 ,38.250009 ,61.871808 ,37.061104 ,71.062165 ,48.032857 ,86.204457 ,69.211867
A00081543,BAS1,58.214833 ,33.546236 ,58.013207 ,33.742001 ,65.583260 ,41.921148 ,76.878184 ,60.192614
A00060169,BAS1,52.543445 ,33.585835 ,52.530145 ,33.907046 ,59.824485 ,41.590079 ,70.154981 ,61.918469
A00081544,BAS1,41.866533 ,29.289743 ,42.497134 ,29.400375 ,47.368880 ,36.884352 ,54.550665 ,55.809765
A00060170,BAS1,31.299461 ,26.881812 ,30.116638 ,28.012385 ,40.183591 ,33.340128 ,45.781129 ,50.556880
A00081552,BAS1,20.121076 ,5.019745 ,33.940807 ,16.613863 ,33.640562 ,23.244116 ,39.677583 ,33.311360
A00060184,BAS1,36.462129 ,26.224500 ,39.356951 ,27.744538 ,43.201613 ,33.802757 ,50.161676 ,50.624125
A00081616,BAS1,46.347463 ,18.408272 ,46.635792 ,20.549097 ,48.171701 ,27.698819 ,59.714947 ,36.043213
A00060185,BAS1,24.337619 ,18.467470 ,22.863002 ,17.208609 ,26.783313 ,23.522438 ,31.342602 ,34.528751
A00081719,BAS1,40.181816 ,26.336350 ,41.043144 ,27.438593 ,43.572373 ,32.169646 ,51.315294 ,48.414788
A00060252,BAS1,44.390073 ,35.346178 ,42.772831 ,35.623119 ,49.443050 ,40.118597 ,57.037392 ,60.985938
A00081721,BAS1,40.117639 ,35.642984 ,46.106778 ,40.688689 ,52.541540 ,46.176669 ,59.047853 ,72.284969
A00060259,BAS1,70.294744 ,45.552509 ,69.295905 ,45.289502 ,76.371269 ,54.163219 ,89.575874 ,81.057990
A00081724,BAS1,50.955073 ,27.955032 ,50.588368 ,28.546133 ,54.975408 ,35.526774 ,66.977238 ,51.193039
A00060264,BAS1,52.544144 ,26.147974 ,51.510680 ,26.500003 ,53.902305 ,33.750168 ,65.430191 ,46.141665
A00081725,BAS1,54.006005 ,36.673949 ,52.966879 ,36.580032 ,60.786902 ,46.203940 ,71.615547 ,68.304048
A00060279,BAS1,73.266919 ,34.279656 ,73.858154 ,34.552751 ,75.895216 ,43.519762 ,89.908954 ,61.239555
A00081727,BAS1,52.638404 ,28.774035 ,53.246448 ,29.383666 ,60.362149 ,38.362151 ,72.565938 ,54.652560
A00060280,BAS1,54.957056 ,22.950588 ,53.142140 ,22.932873 ,58.341069 ,32.419206 ,70.006770 ,43.168451
A00081729,BAS1,32.131252 ,24.852888 ,32.430068 ,24.862777 ,40.876483 ,32.585682 ,47.232801 ,46.372348
A00060301,BAS1,38.247147 ,35.268396 ,35.688647 ,33.669258 ,45.807747 ,40.795809 ,52.316182 ,64.357698
A00081734,BAS1,59.925109 ,40.556513 ,59.466416 ,40.872648 ,66.846995 ,48.282078 ,78.723656 ,70.364899
A00060302,BAS1,66.893779 ,32.553415 ,66.633027 ,32.631046 ,71.779421 ,43.056291 ,86.918026 ,61.117373
A00081735,BAS1,23.956877 ,19.265629 ,28.217912 ,22.692140 ,35.851517 ,27.696959 ,41.676330 ,38.793507
A00060306,BAS1,27.824495 ,17.908935 ,27.112754 ,17.945613 ,34.700396 ,28.571372 ,42.872324 ,37.790342
A00081777,BAS1,49.355765 ,39.906261 ,47.648552 ,39.258809 ,53.449916 ,45.451408 ,62.810419 ,70.663203
A00060372,BAS1,54.126586 ,32.942210 ,54.040970 ,33.516288 ,59.854064 ,40.873065 ,69.782625 ,60.717420
A00081780,BAS1,60.283755 ,38.199553 ,62.144289 ,39.227626 ,66.113531 ,46.412422 ,77.054942 ,67.646848
A00060383,BAS1,41.629424 ,28.979191 ,40.882320 ,28.572331 ,46.301553 ,35.158782 ,54.717541 ,52.113778
A00081785,BAS1,63.548559 ,39.717038 ,63.477566 ,40.288169 ,74.418679 ,52.225561 ,89.306524 ,75.156530
A00060384,BAS1,100.027252 ,54.383343 ,87.381927 ,47.467838 ,106.089847 ,71.291583 ,130.385780 ,100.949057
A00081794,BAS1,54.863169 ,37.453127 ,53.689014 ,36.901830 ,62.519142 ,46.020142 ,72.012475 ,67.957594
A00060407,BAS1,40.156501 ,26.871657 ,40.279460 ,26.836896 ,44.876875 ,33.019996 ,51.385748 ,48.787841
A00081846,BAS1,41.419246 ,22.797578 ,40.448665 ,22.956890 ,50.422318 ,34.092346 ,59.805215 ,47.325059
A00060429,BAS1,90.769401 ,40.443125 ,88.374120 ,40.970996 ,94.772022 ,55.199473 ,117.998198 ,73.577549
A00081854,BAS1,46.158771 ,23.467931 ,45.945800 ,23.137124 ,51.581671 ,35.200577 ,62.629252 ,50.377523
A00060430,BAS1,30.376053 ,20.830604 ,28.573876 ,20.075037 ,31.873806 ,27.011212 ,36.708563 ,40.056106
A00081901,BAS1,40.995849 ,32.542071 ,40.928417 ,32.187841 ,49.806708 ,40.713952 ,57.896366 ,62.440789
A00060431,BAS1,46.500526 ,31.854167 ,44.411406 ,30.793796 ,49.682826 ,37.530865 ,58.093641 ,55.566202
A00081938,BAS1,53.276486 ,20.364237 ,53.526145 ,21.168211 ,58.044237 ,33.338838 ,72.593188 ,44.486891
A00060471,BAS1,41.038232 ,18.586754 ,40.912963 ,19.422425 ,48.418143 ,29.886641 ,59.247829 ,40.103007
A00081962,BAS1,21.320681 ,18.403347 ,22.332177 ,19.136436 ,26.666032 ,22.466473 ,30.240612 ,34.119307
A00060472,BAS1,59.064767 ,28.737337 ,58.943420 ,28.211511 ,66.331418 ,38.891041 ,81.133355 ,52.381344
A00081963,BAS1,35.999679 ,15.092145 ,35.771412 ,15.238410 ,45.996637 ,26.722013 ,56.428331 ,34.918239
A00060480,BAS1,37.021328 ,19.275951 ,37.111892 ,19.403744 ,42.833315 ,27.350791 ,51.554115 ,38.610708
A00082215,BAS1,36.813693 ,28.686945 ,36.084837 ,28.016269 ,46.614086 ,36.084286 ,53.226462 ,53.746577
A00060493,FLU1,71.832793 ,35.074325 ,66.658013 ,35.215872 ,74.472652 ,50.434605 ,92.831043 ,64.299365
A00082216,BAS1,61.891743 ,39.267712 ,61.812074 ,39.275551 ,66.035338 ,45.879256 ,75.926998 ,68.940625
A00060503,BAS1,,,,,,,,
A00082217,BAS1,86.181081 ,50.645626 ,84.800502 ,50.521437 ,94.239069 ,63.670022 ,116.602466 ,95.950954
A00060516,BAS1,52.123235 ,26.747907 ,52.919984 ,27.777790 ,56.050512 ,36.325554 ,66.220122 ,51.768693
A00082442,BAS1,56.290815 ,37.124225 ,56.386090 ,37.938716 ,61.548650 ,43.481636 ,72.846157 ,64.632104
A00060574,BAS1,84.661006 ,64.574109 ,29.781097 ,23.607868 ,88.118997 ,77.553619 ,102.766165 ,113.538212
A00082524,BAS1,27.467880 ,26.242255 ,29.098372 ,25.535989 ,34.425690 ,31.540780 ,39.119553 ,49.172077
A00060575,BAS1,44.581900 ,37.599770 ,44.005224 ,35.821861 ,50.195377 ,42.035566 ,57.162122 ,65.961188
A00082528,BAS1,42.320392 ,33.112277 ,39.941381 ,31.306068 ,46.344617 ,38.994596 ,53.825785 ,59.505717
A00060576,BAS1,56.574694 ,26.026484 ,57.322315 ,27.019298 ,59.540999 ,35.094733 ,72.648555 ,48.175897
A00082529,BAS1,48.065801 ,30.593047 ,48.922710 ,31.382979 ,54.573486 ,38.324899 ,63.803138 ,55.812040
A00060581,BAS1,52.275833 ,26.032498 ,50.950004 ,25.659427 ,56.244924 ,34.643237 ,67.278683 ,48.252400
A00082532,BAS1,31.214698 ,16.960537 ,29.841480 ,15.561110 ,37.713943 ,26.098067 ,45.808545 ,35.343631
A00060582,BAS1,47.822678 ,30.341813 ,47.779539 ,30.389830 ,51.672507 ,36.559892 ,59.250733 ,54.744620
A00082554,BAS1,49.157998 ,24.826660 ,48.286875 ,24.120145 ,56.969021 ,36.359566 ,69.046446 ,49.308335
A00060602,BAS1,47.769165 ,40.472145 ,48.258177 ,40.856871 ,53.997715 ,46.424406 ,60.936104 ,71.023669
A00082556,BAS1,52.459361 ,38.860097 ,53.335736 ,36.506956 ,59.697402 ,45.340419 ,70.367010 ,67.844079
A00060603,BAS1,29.027957 ,1.418049 ,58.202470 ,21.854243 ,55.618128 ,36.924330 ,72.405191 ,46.095223
A00082563,BAS1,55.441470 ,40.199746 ,56.429295 ,40.071931 ,63.377659 ,48.669130 ,76.190468 ,74.222572
A00060628,BAS1,65.416740 ,52.424853 ,59.359820 ,45.724341 ,75.081408 ,64.265207 ,89.001088 ,98.644683
A00082580,BAS1,48.596336 ,36.184495 ,47.602959 ,35.504167 ,54.412628 ,42.040019 ,61.925455 ,63.721657
A00060630,BAS1,52.555664 ,30.589316 ,52.172396 ,30.691539 ,57.356783 ,38.200095 ,67.537621 ,55.653272
A00082590,BAS1,49.177652 ,38.804764 ,49.091914 ,38.902113 ,54.386929 ,44.152248 ,62.216931 ,67.120044
A00060632,BAS1,48.674993 ,23.783865 ,50.663983 ,24.863793 ,51.109251 ,30.749637 ,62.528441 ,43.017081
A00082619,BAS1,39.188436 ,32.341448 ,38.859316 ,32.299469 ,47.194601 ,39.032267 ,52.871234 ,58.941818
A00060662,BAS1,38.596720 ,23.063778 ,38.383415 ,22.987290 ,41.182823 ,29.309804 ,48.137674 ,43.075024
A00082662,BAS1,68.320412 ,33.495094 ,66.860146 ,38.062152 ,71.926394 ,47.978855 ,,
A00060664,BAS1,76.373934 ,40.739058 ,73.350395 ,40.671278 ,79.187001 ,51.213309 ,96.309651 ,72.764009
A00082665,FLU1,50.895423 ,41.724462 ,50.192395 ,42.400497 ,58.096063 ,49.063423 ,66.564154 ,75.524575
A00060773,BAS1,66.523578 ,40.006403 ,65.501531 ,39.857657 ,69.532212 ,48.299097 ,82.036803 ,70.860966
A00082666,BAS1,38.973641 ,30.205011 ,37.299866 ,30.020339 ,42.017037 ,34.186692 ,48.401307 ,53.304268
A00060806,BAS1,57.641457 ,36.087051 ,57.286713 ,36.069956 ,63.398104 ,43.653722 ,73.589287 ,65.058689
A00082672,BAS1,45.082854 ,34.499719 ,42.564665 ,33.342929 ,50.905610 ,41.144171 ,61.499259 ,61.465417
A00060846,BAS1,81.030036 ,38.738662 ,80.736380 ,38.854021 ,85.323421 ,48.283347 ,102.067926 ,67.615654
A00082734,BAS1,51.527382 ,42.914134 ,49.223370 ,41.937523 ,57.634661 ,49.542762 ,67.321575 ,76.987577
A00060848,BAS1,55.576710 ,26.827395 ,53.472526 ,26.425918 ,56.955265 ,35.754375 ,72.907141 ,48.060430
A00082781,BAS1,51.133090 ,25.897662 ,52.317106 ,26.669760 ,52.594725 ,33.371594 ,64.253046 ,46.720416
A00060923,BAS1,45.349770 ,31.581879 ,46.017066 ,32.124512 ,49.089825 ,37.646866 ,56.550733 ,56.472102
A00082804,BAS1,34.043725 ,21.701740 ,33.840115 ,21.777293 ,39.026590 ,28.074770 ,45.306265 ,40.686890
A00060925,BAS1,41.787675 ,22.869921 ,40.801078 ,22.620235 ,44.503490 ,28.917237 ,52.787916 ,40.991588
A00082805,BAS1,75.278216 ,31.544619 ,86.111516 ,43.788933 ,84.284446 ,48.024823 ,100.708580 ,64.273150
A00061001,BAS1,52.584429 ,34.505599 ,52.505940 ,34.934171 ,55.456458 ,40.498749 ,65.172230 ,60.411346
A00082807,BAS1,78.768010 ,40.879148 ,78.811258 ,41.078222 ,84.625478 ,50.100298 ,,
A00061021,BAS1,54.119311 ,33.381832 ,51.102486 ,32.439498 ,59.341023 ,43.812712 ,75.115465 ,61.683203
A00082808,BAS1,93.292987 ,58.797306 ,82.383078 ,47.667131 ,98.293843 ,78.685234 ,125.165467 ,108.872219
A00061203,BAS1,59.082960 ,36.911040 ,59.321690 ,36.875251 ,65.592582 ,47.131938 ,77.575104 ,69.589145
A00082942,BAS1,,,,,,,,
A00061204,BAS1,47.738076 ,29.086565 ,49.582480 ,30.754352 ,54.133610 ,38.671593 ,65.075356 ,56.226247
A00082943,BAS1,92.207976 ,61.695685 ,78.049393 ,52.170988 ,99.069176 ,75.705037 ,120.111835 ,111.639585
A00061210,BAS1,51.012767 ,29.748349 ,50.915858 ,29.682802 ,53.585941 ,36.384713 ,,
A00082945,BAS1,90.936025 ,51.123292 ,91.119103 ,51.487108 ,96.157141 ,62.273660 ,116.816880 ,91.500641
A00061263,BAS1,44.154720 ,26.519998 ,44.163336 ,26.652995 ,47.866084 ,34.162900 ,56.966986 ,48.606257
A00082969,BAS1,46.525290 ,31.492160 ,46.435417 ,31.661065 ,51.010474 ,37.890267 ,58.698459 ,56.000456
A00061274,BAS1,22.303142 ,19.154114 ,24.179164 ,20.043123 ,30.115747 ,25.812539 ,34.944354 ,37.744857
A00082987,BAS1,35.154596 ,13.678858 ,35.445125 ,14.187436 ,45.378590 ,27.317713 ,56.180732 ,37.286753
A00061275,BAS1,42.934984 ,33.834260 ,41.618681 ,33.044349 ,47.301490 ,39.302808 ,53.913749 ,60.664634
A00083109,BAS1,34.227043 ,20.550044 ,33.812099 ,19.942995 ,37.925370 ,27.573904 ,45.292500 ,36.481070
A00061276,BAS1,62.354929 ,33.726877 ,61.728857 ,34.003644 ,65.130334 ,41.351078 ,78.908849 ,59.430382
A00083138,BAS1,28.398182 ,18.626982 ,29.608118 ,19.229566 ,37.302562 ,30.104875 ,43.036125 ,42.365051
A00061281,BAS1,25.435519 ,20.975036 ,24.179696 ,20.403275 ,29.617813 ,26.154622 ,33.843193 ,38.821898
A00083142,BAS1,53.024920 ,38.393473 ,52.538662 ,38.104766 ,57.273328 ,44.223583 ,65.425113 ,67.179705
A00061284,BAS1,62.148623 ,34.554475 ,60.938870 ,34.407353 ,66.058057 ,44.422982 ,77.284696 ,63.817923
A00083162,BAS1,58.226569 ,34.010822 ,57.118499 ,33.667641 ,63.111496 ,43.115707 ,74.460108 ,62.326545
A00061298,BAS1,73.141538 ,44.589207 ,72.619815 ,44.586056 ,78.016250 ,52.800488 ,92.900958 ,77.410078
A00083169,FLU1,38.531118 ,22.426996 ,34.517747 ,20.928486 ,45.123070 ,31.240960 ,53.915210 ,42.782816
A00061387,BAS1,60.854019 ,27.054640 ,59.133869 ,26.246694 ,60.433426 ,36.085555 ,73.720733 ,49.741388
A00083171,BAS1,43.803028 ,22.847061 ,33.160096 ,18.318905 ,45.223817 ,31.410587 ,53.773089 ,38.333022
A00061413,FLU1,59.765506 ,23.497991 ,73.361043 ,35.809290 ,69.842512 ,47.548637 ,86.757051 ,55.954646
A00083207,BAS1,37.515066 ,26.547061 ,35.891350 ,26.085258 ,42.241909 ,32.386478 ,48.723015 ,47.311911
A00061415,BAS1,85.976444 ,54.779411 ,80.078608 ,53.190211 ,101.383968 ,79.381143 ,123.791573 ,112.632758
A00083208,BAS1,34.060211 ,24.378063 ,33.660671 ,24.580511 ,37.850306 ,30.881597 ,43.435215 ,44.476782
A00061483,BAS1,46.401352 ,24.305870 ,46.449134 ,24.774195 ,52.472121 ,32.458966 ,63.737842 ,45.106479
A00083389,BAS1,18.438048 ,9.145883 ,19.647840 ,9.843543 ,32.279078 ,22.245832 ,38.696571 ,26.324565
A00061485,BAS1,50.086862 ,38.677570 ,49.996399 ,38.863152 ,56.669888 ,47.043353 ,65.570605 ,71.127469
A00083419,BAS1,35.761765 ,27.830012 ,34.773755 ,27.795970 ,40.073590 ,33.711095 ,46.201112 ,50.260794
A00061597,BAS1,56.247291 ,37.291813 ,55.703963 ,37.943337 ,61.188678 ,44.457152 ,71.128262 ,66.561436
A00083574,BAS1,62.359531 ,33.988283 ,61.374167 ,33.277697 ,67.892988 ,42.351713 ,79.589281 ,60.081662
A00061598,BAS1,55.075755 ,32.234111 ,54.744680 ,32.649265 ,59.267311 ,39.060661 ,70.563350 ,57.257374
A00083631,BAS1,39.429836 ,24.377742 ,39.458877 ,24.388382 ,44.496198 ,30.691272 ,52.797875 ,43.577479
A00061600,BAS1,42.845443 ,36.108213 ,43.320510 ,34.825597 ,47.853446 ,40.775492 ,54.839239 ,62.445109
A00083687,BAS1,45.810426 ,28.293968 ,44.668308 ,27.958201 ,50.670611 ,35.564863 ,59.147528 ,51.225471
A00061634,BAS1,63.454529 ,33.485147 ,62.025170 ,33.692042 ,66.846205 ,42.216613 ,79.811579 ,61.083512
A00083731,BAS1,85.049620 ,45.127551 ,80.543422 ,41.550547 ,89.980772 ,62.534444 ,112.506069 ,87.503769
A00061647,BAS1,52.472412 ,41.903270 ,52.844132 ,42.162898 ,58.967912 ,49.044336 ,,
A00083732,BAS1,42.101974 ,29.668889 ,97.090844 ,60.557039 ,68.005005 ,55.384003 ,75.873489 ,76.066113
A00061656,BAS1,43.563752 ,35.995736 ,42.893883 ,35.242365 ,52.490706 ,42.184773 ,60.029461 ,63.911695
A00083744,BAS1,93.308136 ,63.820248 ,92.546130 ,58.045979 ,113.266235 ,87.141032 ,135.838336 ,130.954513
A00061666,BAS1,6.245900 ,7.912128 ,5.408118 ,7.414743 ,20.430187 ,18.268377 ,22.835241 ,30.090056
A00083745,BAS1,77.003235 ,47.619294 ,75.621921 ,47.728949 ,88.191589 ,58.659985 ,107.480147 ,87.057007
A00061709,BAS1,56.420364 ,26.364357 ,56.673241 ,26.724180 ,59.302802 ,35.057968 ,71.601339 ,49.044903
A00083847,BAS1,36.797778 ,28.137473 ,35.310100 ,27.463323 ,39.701794 ,32.948116 ,45.415262 ,50.424170
A00061711,BAS1,49.450168 ,26.521262 ,47.711358 ,25.695697 ,53.129957 ,34.874860 ,63.668861 ,48.494934
A00083923,BAS1,35.037756 ,24.777525 ,35.420960 ,25.238636 ,40.009598 ,31.573731 ,46.232020 ,47.039954
A00061714,BAS1,51.707567 ,24.216035 ,51.037356 ,24.213104 ,56.487153 ,32.981068 ,68.395789 ,44.893760
A00083949,BAS1,80.568853 ,44.061475 ,71.816282 ,36.339602 ,90.287386 ,58.799656 ,113.023621 ,77.574491
A00061715,BAS1,61.991389 ,36.606700 ,67.405413 ,36.876879 ,71.591603 ,50.129603 ,84.398821 ,71.492671
A00083950,BAS1,17.509256 ,15.535198 ,19.635189 ,17.118989 ,21.114943 ,20.013624 ,25.694422 ,31.745800
A00061725,BAS1,29.721601 ,14.572416 ,28.457227 ,13.835317 ,35.719142 ,24.442111 ,42.550869 ,31.122526
A00083951,BAS1,-23.735600 ,-16.192262 ,-29.787348 ,-21.370461 ,28.008933 ,23.646230 ,,
A00061727,BAS1,58.778661 ,28.351035 ,60.605007 ,31.463016 ,62.366584 ,41.074942 ,77.991129 ,57.357579
A00083952,BAS1,30.802085 ,17.006469 ,30.416662 ,17.015170 ,39.338768 ,26.943249 ,46.038653 ,38.458923
A00061728,BAS1,36.279939 ,31.781916 ,36.361672 ,31.701490 ,42.274931 ,36.685171 ,48.333822 ,56.106571
A00083963,BAS1,51.429596 ,23.057735 ,47.871789 ,21.598023 ,54.164016 ,31.382819 ,64.483516 ,42.466295
A00061730,BAS1,63.022145 ,36.392920 ,66.854045 ,37.427755 ,72.446082 ,48.783739 ,87.085384 ,70.401790
A00083967,BAS1,49.097503 ,34.356621 ,48.842895 ,33.932730 ,57.378785 ,43.538803 ,66.510868 ,66.860492
A00061749,BAS1,87.548574 ,42.259025 ,83.156455 ,42.937805 ,92.095173 ,53.328086 ,112.498340 ,74.414881
A00083982,BAS1,58.358884 ,37.759690 ,57.743732 ,38.354927 ,63.992681 ,45.475803 ,75.557034 ,66.960488
A00061767,BAS1,40.517967 ,31.220711 ,40.807792 ,31.642697 ,46.403700 ,37.389186 ,53.246916 ,55.870439
A00083983,BAS1,39.473020 ,20.379847 ,38.814662 ,20.746389 ,43.532718 ,28.929523 ,51.803940 ,38.569269
A00061787,BAS1,41.655789 ,30.034563 ,38.749126 ,30.500032 ,44.965589 ,35.799047 ,51.951009 ,53.333353
A00084119,BAS1,53.020173 ,37.149589 ,52.007694 ,34.724694 ,59.499333 ,44.140770 ,70.455641 ,66.060094
A00061790,BAS1,39.548354 ,33.638040 ,40.246051 ,32.633389 ,44.793111 ,38.725076 ,,
A00084901,BAS1,55.038890 ,45.617659 ,57.025568 ,47.423856 ,64.343632 ,53.192146 ,72.541849 ,81.404722
A00061806,BAS1,64.070365 ,31.705315 ,55.732495 ,26.141619 ,67.403589 ,42.955456 ,85.748865 ,58.282375
A00084921,BAS1,38.970354 ,29.055230 ,38.385698 ,28.818238 ,43.769443 ,34.938714 ,50.250171 ,53.092047
A00061881,BAS1,35.159698 ,14.971866 ,35.453022 ,15.339360 ,38.364844 ,24.460146 ,45.047727 ,34.430523
A00084956,BAS1,50.339571 ,23.378347 ,45.253115 ,22.728369 ,53.606881 ,33.549694 ,65.105764 ,44.275791
A00061882,BAS1,54.489359 ,28.745073 ,54.214023 ,29.684890 ,59.477317 ,39.280390 ,70.664976 ,57.523775
A00085001,BAS1,86.431090 ,54.991691 ,80.501622 ,49.227661 ,96.210155 ,73.991945 ,121.497170 ,106.929808
A00061883,BAS1,53.135016 ,30.959397 ,52.158654 ,30.559478 ,59.097772 ,38.803019 ,70.382990 ,55.346988
A00085003,BAS1,64.096507 ,36.254685 ,80.584126 ,50.813772 ,73.093013 ,51.951099 ,94.970418 ,75.737884
A00061923,BAS1,43.791044 ,27.481722 ,42.074412 ,26.363389 ,47.249051 ,32.520106 ,54.899547 ,48.217038
A00085052,BAS1,36.921293 ,26.922755 ,36.865330 ,27.396666 ,41.377946 ,32.772635 ,47.123982 ,47.613015
A00061962,BAS1,63.479786 ,53.649002 ,63.517345 ,52.698602 ,71.003769 ,59.391149 ,80.154199 ,92.359688
A00085057,BAS1,27.533567 ,15.648898 ,26.082645 ,16.502619 ,38.831035 ,28.913973 ,45.168884 ,39.178506
A00062009,BAS1,71.967545 ,32.817532 ,75.698727 ,35.392399 ,81.717110 ,50.033375 ,103.680086 ,69.510202
A00085066,BAS1,35.476899 ,29.070561 ,34.477574 ,28.520991 ,41.920054 ,35.403735 ,47.892137 ,54.343287
A00062081,BAS1,65.349007 ,31.155023 ,65.583198 ,32.226286 ,71.201554 ,43.204909 ,85.575067 ,61.931954
A00085095,BAS1,24.801261 ,16.033282 ,24.291552 ,15.705122 ,25.547739 ,20.261395 ,30.214730 ,28.155201
A00062085,BAS1,57.008423 ,21.920194 ,79.945150 ,45.033055 ,75.651740 ,50.950845 ,,
A00085290,BAS1,47.369556 ,37.301229 ,46.552404 ,36.461792 ,53.171108 ,42.913046 ,59.954501 ,66.879156
A00062144,BAS1,60.439432 ,31.045276 ,60.224845 ,31.009613 ,63.929677 ,39.585023 ,78.284492 ,55.745616
A00085297,BAS1,31.516978 ,25.161544 ,31.370160 ,25.084464 ,38.469989 ,30.087887 ,43.471573 ,45.591861
A00062146,BAS1,64.449464 ,35.712266 ,65.157498 ,36.558861 ,67.543655 ,44.835709 ,,
A00085298,BAS1,57.659351 ,46.747488 ,58.488601 ,45.661444 ,71.768027 ,56.763472 ,102.673696 ,76.560787
A00062210,BAS1,71.928751 ,50.765639 ,71.586705 ,50.505661 ,77.986586 ,58.247924 ,90.561237 ,88.051471
A00085391,BAS1,45.218588 ,29.997509 ,45.322375 ,29.734771 ,53.847373 ,38.353731 ,63.477400 ,56.045893
A00062255,BAS1,50.719956 ,28.391426 ,49.246963 ,27.891963 ,54.288475 ,37.187061 ,63.797570 ,52.303000
A00085406,BAS1,51.602050 ,29.042257 ,51.617659 ,29.260947 ,55.558536 ,38.216127 ,64.969884 ,55.133586
A00062266,BAS1,44.203347 ,22.381358 ,44.664434 ,22.964631 ,50.994187 ,30.912931 ,62.578955 ,43.685890
A00085665,BAS1,33.061996 ,23.889088 ,33.937768 ,24.384056 ,38.392895 ,30.050455 ,44.079678 ,43.682656
A00062268,BAS1,78.454366 ,55.866439 ,77.517525 ,55.414483 ,84.590666 ,64.430745 ,97.335593 ,96.248893
A00085680,BAS1,37.833904 ,20.137860 ,36.612695 ,20.334007 ,41.131024 ,28.529492 ,48.196831 ,40.655362
A00062282,BAS1,50.756674 ,23.941381 ,48.562409 ,24.222797 ,54.366007 ,32.856364 ,66.493280 ,44.664252
A00085743,BAS1,51.078591 ,35.090331 ,46.965122 ,33.579753 ,53.269149 ,41.410543 ,61.760203 ,62.068405
A00062285,BAS1,55.926033 ,36.139965 ,55.630487 ,36.447858 ,60.328120 ,43.008688 ,70.998055 ,63.646900
A00085795,BAS1,95.392265 ,37.614749 ,92.734244 ,38.453900 ,97.714881 ,54.080964 ,124.160263 ,74.848765
A00062288,BAS1,49.919350 ,28.628502 ,49.465144 ,29.513789 ,53.162364 ,36.367092 ,63.085731 ,52.809161
A00085796,BAS1,61.447202 ,28.914267 ,59.981111 ,28.221694 ,67.511318 ,40.000056 ,82.557107 ,56.056851
A00062292,BAS1,50.508647 ,33.087737 ,50.373755 ,32.649789 ,55.793818 ,39.622187 ,67.086536 ,58.108343
A00085797,BAS1,60.653521 ,55.937839 ,45.419129 ,42.199802 ,65.970127 ,60.322265 ,75.199936 ,95.188796
A00062349,FLU2,,,,,,,,
A00086748,BAS1,45.566695 ,21.500980 ,45.526362 ,21.682194 ,52.815899 ,31.597320 ,63.721243 ,43.708086
