subject,session,AcqGroup
sub-A00008326,BAS2,1
sub-A00074114,BAS1,1
sub-A00074113,BAS1,1
sub-A00074095,BAS1,1
sub-A00074047,BAS1,1
sub-A00074034,TRT,1
sub-A00074034,FLU2,1
sub-A00074034,FLU1,1
sub-A00074034,BAS1,1
sub-A00073953,FLU1,1
sub-A00073953,BAS1,1
sub-A00073942,FLU2,1
sub-A00073942,FLU1,1
sub-A00073942,BAS1,1
sub-A00073940,FLU1,1
sub-A00073705,BAS1,1
sub-A00073677,FLU2,1
sub-A00073677,FLU1,1
sub-A00073677,BAS1,1
sub-A00074113,FLU1,1
sub-A00074114,FLU1,1
sub-A00074687,BAS1,1
sub-A00074114,FLU2,1
sub-A00074657,BAS1,1
sub-A00074652,BAS1,1
sub-A00074641,FLU1,1
sub-A00074641,BAS1,1
sub-A00074639,BAS1,1
sub-A00074618,BAS1,1
sub-A00074609,BAS1,1
sub-A00074607,TRT,1
sub-A00074607,FLU2,1
sub-A00074607,FLU1,1
sub-A00074607,BAS1,1
sub-A00074482,BAS1,1
sub-A00074439,FLU1,1
sub-A00074439,BAS1,1
sub-A00074427,TRT,1
sub-A00074427,FLU2,1
sub-A00074427,FLU1,1
sub-A00074427,BAS1,1
sub-A00074425,BAS1,1
sub-A00073611,BAS1,1
sub-A00073600,BAS1,1
sub-A00073539,FLU2,1
sub-A00073539,FLU1,1
sub-A00066926,BAS1,1
sub-A00066871,BAS1,1
sub-A00066864,FLU1,1
sub-A00066864,BAS1,1
sub-A00066860,TRT,1
sub-A00066827,BAS1,1
sub-A00066822,BAS1,1
sub-A00066820,BAS1,1
sub-A00066812,BAS1,1
sub-A00066800,BAS1,1
sub-A00066788,BAS1,1
sub-A00066784,FLU1,1
sub-A00066782,FLU1,1
sub-A00066782,BAS1,1
sub-A00066781,BAS1,1
sub-A00066735,BAS1,1
sub-A00066698,TRT,1
sub-A00066698,BAS1,1
sub-A00067062,BAS1,1
sub-A00067062,FLU1,1
sub-A00067146,BAS1,1
sub-A00073303,BAS1,1
sub-A00073539,BAS1,1
sub-A00073529,BAS1,1
sub-A00073525,FLU2,1
sub-A00073525,FLU1,1
sub-A00073525,BAS1,1
sub-A00073308,BAS1,1
sub-A00073303,TRT,1
sub-A00073303,FLU1,1
sub-A00073296,BAS1,1
sub-A00067146,TRT,1
sub-A00073283,BAS1,1
sub-A00073230,FLU2,1
sub-A00073230,FLU1,1
sub-A00073230,BAS1,1
sub-A00072203,BAS1,1
sub-A00067174,FLU2,1
sub-A00067174,FLU1,1
sub-A00067174,BAS1,1
sub-A00074657,FLU1,1
sub-A00074688,BAS1,1
sub-A00066697,BAS1,1
sub-A00075432,BAS1,1
sub-A00075407,FLU1,1
sub-A00075407,BAS1,1
sub-A00075377,BAS1,1
sub-A00075372,BAS1,1
sub-A00075361,FLU1,1
sub-A00075361,BAS1,1
sub-A00075269,BAS1,1
sub-A00075267,BAS1,1
sub-A00075229,FLU1,1
sub-A00075229,BAS1,1
sub-A00075220,FLU1,1
sub-A00075220,BAS1,1
sub-A00075210,FLU1,1
sub-A00075210,BAS1,1
sub-A00075193,BAS1,1
sub-A00075156,BAS1,1
sub-A00075151,TRT,1
sub-A00075151,BAS1,1
sub-A00075412,BAS1,1
sub-A00075651,BAS1,1
sub-A00074688,TRT,1
sub-A00075653,BAS1,1
sub-A00075738,FLU1,1
sub-A00075738,BAS1,1
sub-A00075737,TRT,1
sub-A00075737,FLU1,1
sub-A00075737,BAS1,1
sub-A00075735,FLU1,1
sub-A00075735,BAS1,1
sub-A00075732,TRT,1
sub-A00075732,BAS1,1
sub-A00075729,TRT,1
sub-A00075729,FLU1,1
sub-A00075729,BAS1,1
sub-A00075721,BAS1,1
sub-A00075678,FLU1,1
sub-A00075678,BAS1,1
sub-A00075674,BAS1,1
sub-A00075660,BAS1,1
sub-A00075653,FLU1,1
sub-A00075150,TRT,1
sub-A00075150,BAS1,1
sub-A00074989,FLU1,1
sub-A00074989,BAS1,1
sub-A00074802,BAS1,1
sub-A00074800,FLU2,1
sub-A00074800,BAS1,1
sub-A00074795,BAS1,1
sub-A00074794,FLU2,1
sub-A00074794,FLU1,1
sub-A00074794,BAS1,1
sub-A00074793,BAS1,1
sub-A00074787,BAS1,1
sub-A00074784,BAS1,1
sub-A00074780,BAS1,1
sub-A00074769,FLU1,1
sub-A00074769,BAS1,1
sub-A00074768,FLU1,1
sub-A00074768,BAS1,1
sub-A00074709,BAS1,1
sub-A00074701,FLU1,1
sub-A00074701,BAS1,1
sub-A00074808,BAS1,1
sub-A00074808,FLU1,1
sub-A00074836,BAS1,1
sub-A00074962,BAS1,1
sub-A00074985,FLU1,1
sub-A00074985,BAS1,1
sub-A00074977,FLU1,1
sub-A00074977,BAS1,1
sub-A00074975,BAS1,1
sub-A00074962,FLU1,1
sub-A00074959,FLU1,1
sub-A00074836,FLU1,1
sub-A00074956,BAS1,1
sub-A00074953,TRT,1
sub-A00074953,BAS1,1
sub-A00074952,TRT,1
sub-A00074952,FLU1,1
sub-A00074952,BAS1,1
sub-A00074942,FLU1,1
sub-A00074942,BAS1,1
sub-A00066697,TRT,1
sub-A00066589,TRT,1
sub-A00075741,BAS1,1
sub-A00065302,BAS1,1
sub-A00065250,TRT,1
sub-A00065250,FLU1,1
sub-A00065250,BAS1,1
sub-A00065197,BAS1,1
sub-A00065185,FLU2,1
sub-A00065178,TRT,1
sub-A00065178,FLU2,1
sub-A00065178,FLU1,1
sub-A00065178,BAS1,1
sub-A00064596,TRT,1
sub-A00064596,FLU2,1
sub-A00064596,FLU1,1
sub-A00064596,BAS1,1
sub-A00064580,BAS1,1
sub-A00064507,TRT,1
sub-A00064507,FLU1,1
sub-A00064507,BAS1,1
sub-A00064505,TRT,1
sub-A00065263,BAS1,1
sub-A00065302,FLU1,1
sub-A00065790,BAS1,1
sub-A00065743,FLU1,1
sub-A00065743,BAS1,1
sub-A00065722,BAS1,1
sub-A00065717,BAS1,1
sub-A00065617,BAS1,1
sub-A00065574,BAS1,1
sub-A00065572,FLU2,1
sub-A00065572,FLU1,1
sub-A00065572,BAS1,1
sub-A00065565,BAS1,1
sub-A00065487,FLU1,1
sub-A00065487,BAS2,1
sub-A00065487,BAS1,1
sub-A00065480,FLU2,1
sub-A00065480,FLU1,1
sub-A00065480,BAS1,1
sub-A00065478,FLU2,1
sub-A00065478,FLU1,1
sub-A00065478,BAS1,1
sub-A00064505,FLU1,1
sub-A00064505,BAS1,1
sub-A00064503,TRT,1
sub-A00064503,FLU1,1
sub-A00063383,TRT,1
sub-A00063383,BAS1,1
sub-A00063368,BAS1,1
sub-A00063329,FLU1,1
sub-A00063329,BAS1,1
sub-A00063327,TRT,1
sub-A00063327,FLU1,1
sub-A00063327,BAS1,1
sub-A00063326,BAS1,1
sub-A00063110,FLU1,1
sub-A00063110,BAS2,1
sub-A00063110,BAS1,1
sub-A00063103,BAS1,1
sub-A00063031,BAS1,1
sub-A00063008,BAS1,1
sub-A00063006,TRT,1
sub-A00063006,FLU1,1
sub-A00063006,BAS1,1
sub-A00063003,TRT,1
sub-A00063424,BAS1,1
sub-A00063424,BAS2,1
sub-A00063425,BAS1,1
sub-A00064058,FLU2,1
sub-A00064503,BAS1,1
sub-A00064416,BAS1,1
sub-A00064415,BAS1,1
sub-A00064323,BAS1,1
sub-A00064081,FLU2,1
sub-A00064081,FLU1,1
sub-A00064081,BAS1,1
sub-A00064061,BAS1,1
sub-A00064058,BAS1,1
sub-A00063450,BAS1,1
sub-A00064053,BAS1,1
sub-A00063589,BAS1,1
sub-A00063481,BAS1,1
sub-A00063479,BAS1,1
sub-A00063473,BAS1,1
sub-A00063470,BAS1,1
sub-A00063458,BAS1,1
sub-A00063455,BAS1,1
sub-A00065749,BAS1,1
sub-A00065792,BAS1,1
sub-A00066589,FLU2,1
sub-A00066460,FLU1,1
sub-A00066419,BAS1,1
sub-A00066396,TRT,1
sub-A00066396,FLU2,1
sub-A00066396,FLU1,1
sub-A00066396,BAS1,1
sub-A00066389,FLU2,1
sub-A00066389,FLU1,1
sub-A00066389,BAS1,1
sub-A00066319,BAS1,1
sub-A00066314,TRT,1
sub-A00066314,FLU1,1
sub-A00066314,BAS1,1
sub-A00066302,FLU2,1
sub-A00066302,BAS1,1
sub-A00066282,BAS1,1
sub-A00066245,FLU2,1
sub-A00066245,FLU1,1
sub-A00066245,BAS1,1
sub-A00066460,BAS1,1
sub-A00065792,FLU1,1
sub-A00066534,FLU2,1
sub-A00066589,FLU1,1
sub-A00066589,BAS1,1
sub-A00066584,TRT,1
sub-A00066584,BAS1,1
sub-A00066582,TRT,1
sub-A00066582,BAS1,1
sub-A00066581,TRT,1
sub-A00066581,BAS1,1
sub-A00066580,TRT,1
sub-A00066580,BAS1,1
sub-A00066573,TRT,1
sub-A00066573,FLU1,1
sub-A00066573,BAS1,1
sub-A00066572,TRT,1
sub-A00066572,FLU2,1
sub-A00066572,FLU1,1
sub-A00066572,BAS1,1
sub-A00066539,BAS1,1
sub-A00066534,TRT,1
sub-A00066237,BAS1,1
sub-A00066236,BAS1,1
sub-A00065978,BAS1,1
sub-A00065975,FLU1,1
sub-A00065975,BAS1,1
sub-A00065974,FLU2,1
sub-A00065974,FLU1,1
sub-A00065974,BAS1,1
sub-A00065962,FLU2,1
sub-A00065962,BAS1,1
sub-A00065935,FLU2,1
sub-A00065935,BAS1,1
sub-A00065873,BAS1,1
sub-A00065865,BAS1,1
sub-A00065820,BAS1,1
sub-A00065802,TRT,1
sub-A00065802,FLU2,1
sub-A00065802,FLU1,1
sub-A00065802,BAS1,1
sub-A00065792,TRT,1
sub-A00065978,FLU1,1
sub-A00065991,BAS1,1
sub-A00065991,FLU1,1
sub-A00066091,BAS1,1
sub-A00066232,BAS1,1
sub-A00066162,BAS1,1
sub-A00066154,FLU1,1
sub-A00066154,BAS1,1
sub-A00066153,BAS1,1
sub-A00066132,FLU1,1
sub-A00066132,BAS1,1
sub-A00066130,BAS1,1
sub-A00066087,BAS1,1
sub-A00065991,FLU2,1
sub-A00066013,FLU2,1
sub-A00008326,FLU1,1
sub-A00066013,BAS1,1
sub-A00065995,FLU2,1
sub-A00065995,FLU1,1
sub-A00065995,BAS1,1
sub-A00065992,TRT,1
sub-A00065992,FLU1,1
sub-A00075738,TRT,1
sub-A00075741,FLU1,1
sub-A00063003,BAS1,1
sub-A00081846,FLU1,1
sub-A00081794,FLU1,1
sub-A00081794,BAS1,1
sub-A00081785,FLU1,1
sub-A00081785,BAS1,1
sub-A00081780,FLU1,1
sub-A00081780,BAS1,1
sub-A00081777,BAS1,1
sub-A00081735,BAS1,1
sub-A00081734,FLU1,1
sub-A00081729,FLU1,1
sub-A00081729,BAS1,1
sub-A00081727,TRT,1
sub-A00081727,BAS1,1
sub-A00081725,FLU1,1
sub-A00081725,BAS1,1
sub-A00081724,BAS1,1
sub-A00081846,BAS1,1
sub-A00081854,BAS1,1
sub-A00082580,BAS1,1
sub-A00081854,FLU1,1
sub-A00082556,BAS1,1
sub-A00082554,BAS1,1
sub-A00082532,BAS1,1
sub-A00082529,BAS1,1
sub-A00082528,BAS1,1
sub-A00082524,FLU1,1
sub-A00082524,BAS1,1
sub-A00082442,BAS1,1
sub-A00082217,TRT,1
sub-A00082217,FLU1,1
sub-A00082217,BAS1,1
sub-A00082216,FLU1,1
sub-A00082216,BAS1,1
sub-A00082215,FLU1,1
sub-A00082215,BAS1,1
sub-A00081963,BAS1,1
sub-A00081962,BAS1,1
sub-A00081901,BAS1,1
sub-A00081719,FLU1,1
sub-A00081719,BAS1,1
sub-A00081616,FLU1,1
sub-A00081616,BAS1,1
sub-A00081185,FLU1,1
sub-A00081185,BAS1,1
sub-A00081175,FLU1,1
sub-A00081175,BAS1,1
sub-A00081149,FLU1,1
sub-A00081149,BAS1,1
sub-A00081142,FLU1,1
sub-A00081142,BAS1,1
sub-A00081132,BAS1,1
sub-A00081126,TRT,1
sub-A00081126,FLU1,1
sub-A00081126,BAS1,1
sub-A00081123,BAS1,1
sub-A00081114,FLU1,1
sub-A00081114,BAS1,1
sub-A00081112,BAS1,1
sub-A00081105,FLU1,1
sub-A00081105,BAS1,1
sub-A00081243,BAS1,1
sub-A00081243,FLU1,1
sub-A00081253,BAS1,1
sub-A00081517,BAS1,1
sub-A00081552,FLU1,1
sub-A00081552,BAS1,1
sub-A00081544,BAS1,1
sub-A00081543,BAS1,1
sub-A00081519,BAS1,1
sub-A00081518,TRT,1
sub-A00081518,BAS1,1
sub-A00081517,FLU1,1
sub-A00081479,FLU1,1
sub-A00081253,FLU1,1
sub-A00081479,BAS1,1
sub-A00081476,TRT,1
sub-A00081476,FLU1,1
sub-A00081402,FLU1,1
sub-A00081402,BAS1,1
sub-A00081394,BAS1,1
sub-A00081385,TRT,1
sub-A00081385,FLU1,1
sub-A00082563,BAS1,1
sub-A00082580,FLU1,1
sub-A00081098,FLU1,1
sub-A00084921,BAS1,1
sub-A00084119,BAS1,1
sub-A00083983,BAS1,1
sub-A00083982,BAS1,1
sub-A00083967,BAS1,1
sub-A00083963,BAS1,1
sub-A00083952,BAS1,1
sub-A00083951,BAS1,1
sub-A00083950,BAS1,1
sub-A00083949,BAS1,1
sub-A00083923,BAS1,1
sub-A00083847,BAS1,1
sub-A00083745,TRT,1
sub-A00083745,BAS1,1
sub-A00083744,TRT,1
sub-A00083732,BAS1,1
sub-A00083731,BAS1,1
sub-A00083687,BAS1,1
sub-A00083631,BAS1,1
sub-A00083574,BAS1,1
sub-A00084901,BAS1,1
sub-A00084956,BAS1,1
sub-A00082590,BAS1,1
sub-A00085001,BAS1,1
sub-A00086748,BAS1,1
sub-A00085797,BAS1,1
sub-A00085796,BAS1,1
sub-A00085795,TRT,1
sub-A00085795,BAS1,1
sub-A00085743,BAS1,1
sub-A00085680,BAS1,1
sub-A00085665,BAS1,1
sub-A00085406,BAS1,1
sub-A00085391,BAS1,1
sub-A00085298,TRT,1
sub-A00085298,BAS1,1
sub-A00085297,BAS1,1
sub-A00085290,BAS1,1
sub-A00085095,BAS1,1
sub-A00085066,BAS1,1
sub-A00085057,BAS1,1
sub-A00085052,BAS1,1
sub-A00085003,BAS1,1
sub-A00083419,FLU1,1
sub-A00083419,BAS1,1
sub-A00083389,FLU1,1
sub-A00083389,BAS1,1
sub-A00082808,BAS1,1
sub-A00082807,FLU1,1
sub-A00082807,BAS1,1
sub-A00082805,TRT,1
sub-A00082805,FLU1,1
sub-A00082805,BAS1,1
sub-A00082804,FLU1,1
sub-A00082804,BAS1,1
sub-A00082781,FLU1,1
sub-A00082781,BAS1,1
sub-A00082734,BAS1,1
sub-A00082672,FLU1,1
sub-A00082672,BAS1,1
sub-A00082666,FLU1,1
sub-A00082666,BAS1,1
sub-A00082662,BAS1,1
sub-A00082619,FLU1,1
sub-A00082619,BAS1,1
sub-A00082590,FLU1,1
sub-A00082808,FLU1,1
sub-A00082808,TRT,1
sub-A00082943,BAS1,1
sub-A00083138,BAS1,1
sub-A00083208,FLU1,1
sub-A00083208,BAS1,1
sub-A00083207,BAS1,1
sub-A00083171,BAS1,1
sub-A00083162,BAS1,1
sub-A00083142,FLU1,1
sub-A00083142,BAS1,1
sub-A00083138,FLU1,1
sub-A00083109,FLU1,1
sub-A00082943,TRT,1
sub-A00083109,BAS1,1
sub-A00082987,TRT,1
sub-A00082987,FLU1,1
sub-A00082987,BAS1,1
sub-A00082969,BAS1,1
sub-A00082945,TRT,1
sub-A00082945,FLU1,1
sub-A00082945,BAS1,1
sub-A00081098,BAS1,1
sub-A00075744,BAS1,1
sub-A00077192,BAS1,1
sub-A00077188,BAS1,1
sub-A00077184,BAS1,1
sub-A00077183,BAS1,1
sub-A00077182,BAS1,1
sub-A00077181,BAS1,1
sub-A00077144,BAS1,1
sub-A00077134,BAS1,1
sub-A00077111,BAS1,1
sub-A00077109,BAS1,1
sub-A00077099,FLU1,1
sub-A00077099,BAS1,1
sub-A00077095,BAS1,1
sub-A00077091,FLU1,1
sub-A00077091,BAS1,1
sub-A00077088,FLU1,1
sub-A00077088,BAS1,1
sub-A00076941,TRT,1
sub-A00076941,FLU1,1
sub-A00076941,BAS1,1
sub-A00077188,FLU1,1
sub-A00077199,BAS1,1
sub-A00077413,FLU1,1
sub-A00077201,BAS1,1
sub-A00077412,TRT,1
sub-A00077412,BAS1,1
sub-A00077397,FLU1,1
sub-A00077395,BAS1,1
sub-A00077391,FLU1,1
sub-A00077391,BAS1,1
sub-A00077304,FLU1,1
sub-A00077304,BAS1,1
sub-A00077252,FLU1,1
sub-A00077252,BAS1,1
sub-A00077213,FLU1,1
sub-A00077213,BAS1,1
sub-A00077204,BAS1,1
sub-A00077203,TRT,1
sub-A00077203,FLU1,1
sub-A00077203,BAS1,1
sub-A00077201,TRT,1
sub-A00077201,FLU1,1
sub-A00076863,BAS1,1
sub-A00076798,BAS1,1
sub-A00076775,FLU1,1
sub-A00076775,BAS1,1
sub-A00076568,FLU1,1
sub-A00076559,FLU1,1
sub-A00076559,BAS1,1
sub-A00076546,FLU1,1
sub-A00076546,BAS1,1
sub-A00076381,FLU1,1
sub-A00076381,BAS1,1
sub-A00076380,BAS1,1
sub-A00075964,BAS1,1
sub-A00075898,FLU1,1
sub-A00075898,BAS1,1
sub-A00075895,FLU1,1
sub-A00075895,BAS1,1
sub-A00075806,FLU1,1
sub-A00075806,BAS1,1
sub-A00075757,FLU1,1
sub-A00075757,BAS1,1
sub-A00075746,BAS1,1
sub-A00075745,BAS1,1
sub-A00076574,BAS1,1
sub-A00076574,FLU1,1
sub-A00076586,BAS1,1
sub-A00076764,BAS1,1
sub-A00076759,TRT,1
sub-A00076759,FLU1,1
sub-A00076759,BAS1,1
sub-A00076755,TRT,1
sub-A00076755,FLU1,1
sub-A00076755,BAS1,1
sub-A00076746,FLU1,1
sub-A00076586,FLU1,1
sub-A00076744,BAS1,1
sub-A00076600,FLU1,1
sub-A00076600,BAS1,1
sub-A00076595,TRT,1
sub-A00076595,FLU1,1
sub-A00076595,BAS1,1
sub-A00076594,FLU1,1
sub-A00076594,BAS1,1
sub-A00077413,BAS1,1
sub-A00077453,BAS1,1
sub-A00081071,FLU1,1
sub-A00080428,FLU1,1
sub-A00080327,FLU1,1
sub-A00080327,BAS1,1
sub-A00080052,FLU1,1
sub-A00080052,BAS1,1
sub-A00079977,FLU1,1
sub-A00079977,BAS1,1
sub-A00079931,BAS1,1
sub-A00079907,BAS1,1
sub-A00079850,FLU1,1
sub-A00079850,BAS1,1
sub-A00079818,TRT,1
sub-A00079818,BAS1,1
sub-A00079777,BAS1,1
sub-A00079776,TRT,1
sub-A00079776,FLU1,1
sub-A00079776,BAS1,1
sub-A00079775,BAS2,1
sub-A00079775,BAS1,1
sub-A00079747,BAS1,1
sub-A00080428,BAS1,1
sub-A00080447,BAS1,1
sub-A00077453,FLU1,1
sub-A00081071,BAS1,1
sub-A00081065,TRT,1
sub-A00081065,FLU1,1
sub-A00081065,BAS1,1
sub-A00081064,TRT,1
sub-A00081064,BAS1,1
sub-A00080942,BAS1,1
sub-A00080932,FLU1,1
sub-A00080932,BAS1,1
sub-A00080901,FLU1,1
sub-A00080819,FLU1,1
sub-A00080819,BAS1,1
sub-A00080818,TRT,1
sub-A00080818,BAS1,1
sub-A00080811,FLU1,1
sub-A00080535,BAS1,1
sub-A00080453,BAS1,1
sub-A00079730,FLU1,1
sub-A00079730,BAS1,1
sub-A00079724,FLU1,1
sub-A00079724,BAS1,1
sub-A00077733,BAS1,1
sub-A00077668,TRT,1
sub-A00077668,FLU1,1
sub-A00077668,BAS1,1
sub-A00077637,BAS1,1
sub-A00077622,BAS1,1
sub-A00077585,FLU1,1
sub-A00077585,BAS1,1
sub-A00077577,TRT,1
sub-A00077574,TRT,1
sub-A00077574,FLU1,1
sub-A00077574,BAS1,1
sub-A00077573,BAS1,1
sub-A00077556,FLU1,1
sub-A00077556,BAS1,1
sub-A00077528,FLU1,1
sub-A00077528,BAS1,1
sub-A00077453,TRT,1
sub-A00077734,BAS1,1
sub-A00077753,BAS1,1
sub-A00077753,FLU1,1
sub-A00079301,FLU1,1
sub-A00079710,BAS1,1
sub-A00079422,BAS1,1
sub-A00079353,BAS1,1
sub-A00079337,TRT,1
sub-A00079337,BAS1,1
sub-A00079334,BAS1,1
sub-A00079302,FLU1,1
sub-A00079302,BAS1,1
sub-A00079301,BAS1,1
sub-A00077755,BAS1,1
sub-A00079292,FLU1,1
sub-A00079292,BAS1,1
sub-A00078823,BAS1,1
sub-A00078262,FLU1,1
sub-A00078262,BAS1,1
sub-A00078238,BAS1,1
sub-A00077758,BAS1,1
sub-A00077755,TRT,1
sub-A00063003,FLU1,1
sub-A00066013,FLU1,1
sub-A00063000,BAS1,1
sub-A00053171,FLU1,1
sub-A00052614,BAS1,1
sub-A00052613,BAS1,1
sub-A00052612,BAS1,1
sub-A00052577,FLU1,1
sub-A00052577,BAS2,1
sub-A00052502,BAS1,1
sub-A00062997,TRT,1
sub-A00052499,BAS1,1
sub-A00052461,TRT,1
sub-A00052461,FLU2,1
sub-A00052461,FLU1,1
sub-A00052461,BAS1,1
sub-A00052340,BAS1,1
sub-A00052319,BAS1,1
sub-A00052307,BAS1,1
sub-A00052237,TRT,1
sub-A00052237,FLU2,1
sub-A00052237,FLU1,1
sub-A00052235,BAS1,1
sub-A00052639,BAS1,1
sub-A00053202,BAS1,1
sub-A00053625,BAS1,1
sub-A00053202,BAS2,1
sub-A00053577,BAS1,1
sub-A00053576,BAS1,1
sub-A00053546,BAS1,1
sub-A00053490,TRT,1
sub-A00053490,BAS1,1
sub-A00053475,BAS1,1
sub-A00053474,BAS1,1
sub-A00053456,BAS1,1
sub-A00053455,BAS1,1
sub-A00053390,TRT,1
sub-A00053390,BAS1,1
sub-A00053320,TRT,1
sub-A00053320,FLU2,1
sub-A00053320,FLU1,1
sub-A00053320,BAS1,1
sub-A00053203,TRT,1
sub-A00053203,FLU1,1
sub-A00053203,BAS1,1
sub-A00052234,FLU1,1
sub-A00052234,BAS2,1
sub-A00052214,BAS1,1
sub-A00052197,BAS1,1
sub-A00051835,BAS2,1
sub-A00051796,BAS1,1
sub-A00051774,BAS1,1
sub-A00051727,TRT,1
sub-A00051727,BAS1,1
sub-A00051726,BAS1,1
sub-A00051691,TRT,1
sub-A00051691,FLU2,1
sub-A00051691,FLU1,1
sub-A00051679,BAS1,1
sub-A00051678,BAS1,1
sub-A00051676,BAS1,1
sub-A00051658,BAS1,1
sub-A00051638,BAS1,1
sub-A00051604,BAS1,1
sub-A00051603,BAS1,1
sub-A00051548,BAS1,1
sub-A00051539,BAS1,1
sub-A00051529,BAS1,1
sub-A00051835,FLU1,1
sub-A00051882,BAS1,1
sub-A00051882,BAS2,1
sub-A00052126,BAS1,1
sub-A00052183,TRT,1
sub-A00052183,FLU2,1
sub-A00052183,FLU1,1
sub-A00052183,BAS1,1
sub-A00052182,TRT,1
sub-A00052182,FLU2,1
sub-A00052181,BAS2,1
sub-A00052165,BAS1,1
sub-A00052125,BAS1,1
sub-A00051882,FLU1,1
sub-A00052118,BAS1,1
sub-A00052117,BAS2,1
sub-A00052117,BAS1,1
sub-A00052070,BAS1,1
sub-A00052069,TRT,1
sub-A00052069,FLU1,1
sub-A00052069,BAS1,1
sub-A00051927,BAS1,1
sub-A00053578,BAS1,1
sub-A00053626,BAS1,1
sub-A00051517,BAS1,1
sub-A00055728,FLU2,1
sub-A00055727,FLU2,1
sub-A00055693,TRT,1
sub-A00055693,FLU2,1
sub-A00055624,FLU1,1
sub-A00055612,TRT,1
sub-A00055612,FLU2,1
sub-A00055612,FLU1,1
sub-A00055612,BAS1,1
sub-A00055542,BAS1,1
sub-A00055462,FLU2,1
sub-A00055462,FLU1,1
sub-A00055462,BAS1,1
sub-A00055446,BAS1,1
sub-A00055332,BAS1,1
sub-A00055262,TRT,1
sub-A00055262,FLU2,1
sub-A00055215,BAS1,1
sub-A00055122,TRT,1
sub-A00055727,TRT,1
sub-A00055738,BAS1,1
sub-A00053627,BAS1,1
sub-A00055763,BAS1,1
sub-A00055946,FLU1,1
sub-A00055921,TRT,1
sub-A00055921,FLU2,1
sub-A00055921,FLU1,1
sub-A00055920,FLU2,1
sub-A00055920,FLU1,1
sub-A00055908,FLU1,1
sub-A00055907,TRT,1
sub-A00055907,FLU2,1
sub-A00055907,BAS1,1
sub-A00055906,BAS1,1
sub-A00055903,TRT,1
sub-A00055903,BAS1,1
sub-A00055867,TRT,1
sub-A00055867,BAS1,1
sub-A00055866,TRT,1
sub-A00055832,FLU1,1
sub-A00055765,BAS1,1
sub-A00055763,BAS2,1
sub-A00055122,FLU2,1
sub-A00055122,FLU1,1
sub-A00055122,BAS1,1
sub-A00055076,TRT,1
sub-A00054153,FLU1,1
sub-A00054153,BAS2,1
sub-A00054153,BAS1,1
sub-A00054038,BAS1,1
sub-A00053949,BAS2,1
sub-A00053949,BAS1,1
sub-A00053927,BAS1,1
sub-A00053902,BAS1,1
sub-A00053901,BAS1,1
sub-A00053874,BAS1,1
sub-A00053873,TRT,1
sub-A00053873,FLU2,1
sub-A00053873,FLU1,1
sub-A00053873,BAS1,1
sub-A00053854,BAS1,1
sub-A00053851,BAS1,1
sub-A00053850,BAS1,1
sub-A00053744,TRT,1
sub-A00053744,BAS1,1
sub-A00054206,BAS1,1
sub-A00054206,FLU1,1
sub-A00054206,FLU2,1
sub-A00054581,FLU2,1
sub-A00055076,FLU1,1
sub-A00055061,BAS1,1
sub-A00054929,BAS1,1
sub-A00054895,FLU1,1
sub-A00054895,BAS2,1
sub-A00054857,BAS2,1
sub-A00054857,BAS1,1
sub-A00054621,BAS1,1
sub-A00054581,FLU1,1
sub-A00054358,BAS1,1
sub-A00054581,BAS1,1
sub-A00054578,TRT,1
sub-A00054578,BAS1,1
sub-A00054534,BAS1,1
sub-A00054533,BAS1,1
sub-A00054504,BAS1,1
sub-A00054482,BAS1,1
sub-A00054441,BAS1,1
sub-A00051514,BAS1,1
sub-A00055946,TRT,1
sub-A00038806,BAS2,1
sub-A00038623,FLU1,1
sub-A00038623,BAS2,1
sub-A00038424,BAS2,1
sub-A00038414,FLU1,1
sub-A00038414,BAS2,1
sub-A00037848,BAS2,1
sub-A00037817,FLU1,1
sub-A00037817,BAS2,1
sub-A00037522,FLU1,1
sub-A00037522,BAS2,1
sub-A00037511,BAS2,1
sub-A00037457,FLU1,1
sub-A00037457,BAS2,1
sub-A00037267,FLU1,1
sub-A00037267,BAS2,1
sub-A00037126,TRT,1
sub-A00037126,BAS2,1
sub-A00038642,BAS2,1
sub-A00038806,FLU1,1
sub-A00040285,BAS2,1
sub-A00039277,BAS2,1
sub-A00040117,FLU2,1
sub-A00039975,BAS2,1
sub-A00039951,BAS2,1
sub-A00039846,FLU1,1
sub-A00039846,BAS2,1
sub-A00039820,FLU1,1
sub-A00039820,BAS2,1
sub-A00039758,FLU1,1
sub-A00039758,BAS2,1
sub-A00039685,BAS2,1
sub-A00039593,FLU1,1
sub-A00039593,BAS2,1
sub-A00039560,FLU1,1
sub-A00039560,BAS2,1
sub-A00039391,FLU1,1
sub-A00039391,BAS2,1
sub-A00039353,BAS2,1
sub-A00037112,BAS2,1
sub-A00035945,TRT,1
sub-A00035945,FLU1,1
sub-A00035840,BAS2,1
sub-A00031881,FLU2,1
sub-A00031881,FLU1,1
sub-A00031794,BAS2,1
sub-A00031452,FLU1,1
sub-A00031452,BAS2,1
sub-A00031219,BAS2,1
sub-A00030989,BAS2,1
sub-A00030947,BAS2,1
sub-A00028754,BAS2,1
sub-A00028753,BAS2,1
sub-A00028352,BAS2,1
sub-A00028339,BAS2,1
sub-A00027167,TRT,1
sub-A00027167,FLU1,1
sub-A00027159,TRT,1
sub-A00027159,FLU1,1
sub-A00018030,TRT,1
sub-A00018030,FLU1,1
sub-A00031881,TRT,1
sub-A00032875,BAS2,1
sub-A00033673,BAS2,1
sub-A00035292,FLU1,1
sub-A00035561,FLU2,1
sub-A00035377,TRT,1
sub-A00035377,FLU2,1
sub-A00035377,FLU1,1
sub-A00035364,FLU1,1
sub-A00035292,TRT,1
sub-A00035292,FLU2,1
sub-A00035291,FLU1,1
sub-A00033714,FLU1,1
sub-A00035072,BAS2,1
sub-A00034854,BAS2,1
sub-A00034350,TRT,1
sub-A00034350,FLU1,1
sub-A00034193,BAS2,1
sub-A00033747,BAS2,1
sub-A00033714,TRT,1
sub-A00033714,FLU2,1
sub-A00040225,BAS2,1
sub-A00040285,FLU1,1
sub-A00051477,BAS1,1
sub-A00044405,BAS1,1
sub-A00044369,BAS1,1
sub-A00044345,BAS1,1
sub-A00044344,BAS1,1
sub-A00044291,BAS1,1
sub-A00044171,BAS1,1
sub-A00044154,BAS1,1
sub-A00044131,BAS1,1
sub-A00044130,BAS1,1
sub-A00044084,FLU1,1
sub-A00044084,BAS1,1
sub-A00044012,BAS1,1
sub-A00043998,BAS1,1
sub-A00043790,BAS1,1
sub-A00043788,TRT,1
sub-A00043788,FLU1,1
sub-A00043788,BAS1,1
sub-A00043739,BAS1,1
sub-A00043722,BAS1,1
sub-A00044370,BAS1,1
sub-A00044408,BAS1,1
sub-A00040286,BAS2,1
sub-A00044410,BAS1,1
sub-A00051456,FLU1,1
sub-A00051456,BAS2,1
sub-A00051455,BAS1,1
sub-A00051063,BAS1,1
sub-A00051023,BAS1,1
sub-A00050940,BAS1,1
sub-A00050912,BAS1,1
sub-A00050848,TRT,1
sub-A00050848,FLU2,1
sub-A00050848,FLU1,1
sub-A00050848,BAS1,1
sub-A00050815,BAS1,1
sub-A00050721,BAS1,1
sub-A00050720,BAS1,1
sub-A00045590,BAS1,1
sub-A00045589,BAS1,1
sub-A00045554,BAS1,1
sub-A00044427,BAS1,1
sub-A00043721,BAS1,1
sub-A00043704,BAS1,1
sub-A00043677,BAS1,1
sub-A00043649,BAS1,1
sub-A00040800,FLU1,1
sub-A00040800,BAS1,1
sub-A00040798,TRT,1
sub-A00040798,FLU2,1
sub-A00040798,FLU1,1
sub-A00040798,BAS1,1
sub-A00040628,BAS2,1
sub-A00040604,FLU1,1
sub-A00040604,BAS2,1
sub-A00040580,FLU1,1
sub-A00040580,BAS2,1
sub-A00040556,TRT,1
sub-A00040556,FLU2,1
sub-A00040556,FLU1,1
sub-A00040383,BAS2,1
sub-A00040312,BAS2,1
sub-A00040311,FLU1,1
sub-A00040311,BAS2,1
sub-A00040286,FLU1,1
sub-A00040800,FLU2,1
sub-A00040800,TRT,1
sub-A00040815,BAS1,1
sub-A00043466,BAS1,1
sub-A00043635,BAS1,1
sub-A00043634,BAS1,1
sub-A00043617,BAS2,1
sub-A00043617,BAS1,1
sub-A00043520,BAS1,1
sub-A00043509,BAS1,1
sub-A00043494,TRT,1
sub-A00043494,BAS1,1
sub-A00043462,BAS1,1
sub-A00040815,FLU1,1
sub-A00043384,BAS1,1
sub-A00043324,BAS1,1
sub-A00043299,BAS1,1
sub-A00043240,TRT,1
sub-A00041540,BAS1,1
sub-A00040815,TRT,1
sub-A00040815,FLU2,1
sub-A00055946,FLU2,1
sub-A00052500,BAS1,1
sub-A00056020,FLU1,1
sub-A00061274,BAS1,1
sub-A00061210,BAS1,1
sub-A00061204,BAS1,1
sub-A00061203,BAS1,1
sub-A00061021,BAS1,1
sub-A00061001,BAS1,1
sub-A00060925,BAS1,1
sub-A00060923,BAS1,1
sub-A00060846,FLU2,1
sub-A00060846,FLU1,1
sub-A00060846,BAS1,1
sub-A00060806,TRT,1
sub-A00060806,BAS1,1
sub-A00060773,BAS1,1
sub-A00060664,TRT,1
sub-A00060664,FLU2,1
sub-A00060664,FLU1,1
sub-A00060664,BAS1,1
sub-A00061263,BAS1,1
sub-A00061275,BAS1,1
sub-A00061656,BAS2,1
sub-A00061276,BAS1,1
sub-A00061647,BAS1,1
sub-A00061634,BAS1,1
sub-A00061600,BAS1,1
sub-A00061598,BAS1,1
sub-A00061597,BAS1,1
sub-A00061485,BAS1,1
sub-A00061483,BAS1,1
sub-A00061415,TRT,1
sub-A00061415,FLU2,1
sub-A00061415,FLU1,1
sub-A00061415,BAS1,1
sub-A00061413,TRT,1
sub-A00061413,FLU2,1
sub-A00061413,FLU1,1
sub-A00061298,TRT,1
sub-A00061298,BAS1,1
sub-A00061284,BAS1,1
sub-A00061281,BAS1,1
sub-A00060662,BAS1,1
sub-A00060632,BAS1,1
sub-A00060630,BAS1,1
sub-A00060628,BAS1,1
sub-A00060471,BAS1,1
sub-A00060431,BAS1,1
sub-A00060430,BAS1,1
sub-A00060429,TRT,1
sub-A00060429,FLU2,1
sub-A00060429,FLU1,1
sub-A00060429,BAS1,1
sub-A00060407,BAS1,1
sub-A00060384,TRT,1
sub-A00060384,FLU2,1
sub-A00060384,FLU1,1
sub-A00060384,BAS1,1
sub-A00060383,BAS1,1
sub-A00060372,BAS1,1
sub-A00060306,BAS1,1
sub-A00060302,BAS1,1
sub-A00060301,BAS1,1
sub-A00060280,TRT,1
sub-A00060472,BAS1,1
sub-A00060472,FLU1,1
sub-A00060582,BAS1,1
sub-A00060603,TRT,1
sub-A00060603,FLU2,1
sub-A00060603,FLU1,1
sub-A00060603,BAS1,1
sub-A00060602,FLU2,1
sub-A00060602,FLU1,1
sub-A00060602,BAS2,1
sub-A00060602,BAS1,1
sub-A00060581,BAS1,1
sub-A00060480,BAS1,1
sub-A00060576,BAS1,1
sub-A00060575,FLU1,1
sub-A00060575,BAS2,1
sub-A00060575,BAS1,1
sub-A00060574,BAS1,1
sub-A00060516,BAS1,1
sub-A00060493,FLU2,1
sub-A00060493,FLU1,1
sub-A00061656,BAS1,1
sub-A00061656,FLU1,1
sub-A00060280,BAS1,1
sub-A00062809,FLU1,1
sub-A00062797,BAS1,1
sub-A00062411,BAS1,1
sub-A00062369,TRT,1
sub-A00062369,FLU1,1
sub-A00062369,BAS1,1
sub-A00062368,BAS1,1
sub-A00062361,BAS1,1
sub-A00062351,BAS1,1
sub-A00062292,BAS1,1
sub-A00062288,BAS1,1
sub-A00062285,FLU1,1
sub-A00062285,BAS2,1
sub-A00062285,BAS1,1
sub-A00062282,BAS2,1
sub-A00062282,BAS1,1
sub-A00062268,BAS1,1
sub-A00062266,BAS1,1
sub-A00062255,BAS1,1
sub-A00062809,BAS1,1
sub-A00062809,TRT,1
sub-A00061666,BAS1,1
sub-A00062917,BAS1,1
sub-A00062997,BAS1,1
sub-A00062996,TRT,1
sub-A00062996,BAS1,1
sub-A00062989,TRT,1
sub-A00062989,FLU2,1
sub-A00062989,BAS1,1
sub-A00062983,TRT,1
sub-A00062983,FLU1,1
sub-A00062982,BAS1,1
sub-A00062942,BAS1,1
sub-A00062937,FLU1,1
sub-A00062937,BAS2,1
sub-A00062937,BAS1,1
sub-A00062934,BAS1,1
sub-A00062929,BAS1,1
sub-A00062928,BAS1,1
sub-A00062926,BAS1,1
sub-A00062923,BAS1,1
sub-A00062210,FLU1,1
sub-A00062210,BAS2,1
sub-A00062210,BAS1,1
sub-A00062146,TRT,1
sub-A00061790,BAS1,1
sub-A00061787,BAS1,1
sub-A00061767,BAS1,1
sub-A00061749,TRT,1
sub-A00061749,FLU1,1
sub-A00061749,BAS1,1
sub-A00061730,BAS1,1
sub-A00061728,BAS1,1
sub-A00061727,BAS1,1
sub-A00061725,BAS1,1
sub-A00061715,TRT,1
sub-A00061715,FLU1,1
sub-A00061715,BAS1,1
sub-A00061714,TRT,1
sub-A00061714,FLU1,1
sub-A00061714,BAS1,1
sub-A00061711,BAS1,1
sub-A00061709,BAS1,1
sub-A00061881,BAS1,1
sub-A00061882,BAS1,1
sub-A00061883,BAS1,1
sub-A00062081,FLU2,1
sub-A00062146,BAS1,1
sub-A00062144,TRT,1
sub-A00062144,BAS1,1
sub-A00062085,TRT,1
sub-A00062085,FLU2,1
sub-A00062085,FLU1,1
sub-A00062085,BAS1,1
sub-A00062081,TRT,1
sub-A00062081,FLU1,1
sub-A00061883,FLU1,1
sub-A00062081,BAS1,1
sub-A00056020,FLU2,1
sub-A00062009,BAS1,1
sub-A00061962,FLU1,1
sub-A00061962,BAS2,1
sub-A00061962,BAS1,1
sub-A00061923,BAS1,1
sub-A00061883,TRT,1
sub-A00060280,FLU1,1
sub-A00062009,TRT,1
sub-A00060279,BAS1,1
sub-A00057809,BAS1,1
sub-A00057725,TRT,1
sub-A00057725,FLU2,1
sub-A00057725,FLU1,1
sub-A00057725,BAS1,1
sub-A00057480,TRT,1
sub-A00057480,FLU2,1
sub-A00057480,FLU1,1
sub-A00057480,BAS1,1
sub-A00057445,FLU1,1
sub-A00057445,BAS2,1
sub-A00057445,BAS1,1
sub-A00057444,BAS1,1
sub-A00057406,BAS1,1
sub-A00057405,TRT,1
sub-A00057405,FLU2,1
sub-A00057405,FLU1,1
sub-A00057405,BAS1,1
sub-A00057235,BAS1,1
sub-A00057203,BAS1,1
sub-A00057786,BAS1,1
sub-A00057809,FLU1,1
sub-A00058130,BAS1,1
sub-A00057809,FLU2,1
sub-A00058061,BAS1,1
sub-A00058060,TRT,1
sub-A00058060,BAS1,1
sub-A00058053,TRT,1
sub-A00058053,FLU1,1
sub-A00058053,BAS1,1
sub-A00058004,TRT,1
sub-A00058004,FLU2,1
sub-A00058004,BAS1,1
sub-A00057967,BAS1,1
sub-A00057965,BAS1,1
sub-A00057863,TRT,1
sub-A00057863,FLU2,1
sub-A00057863,BAS1,1
sub-A00057862,TRT,1
sub-A00057862,FLU2,1
sub-A00057862,FLU1,1
sub-A00057862,BAS1,1
sub-A00057809,TRT,1
sub-A00057183,BAS1,1
sub-A00057182,BAS1,1
sub-A00057076,TRT,1
sub-A00057076,FLU2,1
sub-A00056307,FLU1,1
sub-A00056295,TRT,1
sub-A00056295,FLU2,1
sub-A00056295,FLU1,1
sub-A00056198,TRT,1
sub-A00056198,FLU2,1
sub-A00056198,FLU1,1
sub-A00056198,BAS1,1
sub-A00056164,BAS1,1
sub-A00056138,FLU1,1
sub-A00056099,BAS2,1
sub-A00056098,BAS2,1
sub-A00056097,BAS1,1
sub-A00056022,TRT,1
sub-A00056022,FLU2,1
sub-A00056022,FLU1,1
sub-A00056022,BAS1,1
sub-A00056020,TRT,1
sub-A00060264,BAS2,1
sub-A00056307,FLU2,1
sub-A00056372,BAS1,1
sub-A00056419,BAS1,1
sub-A00056679,FLU2,1
sub-A00057076,FLU1,1
sub-A00057005,BAS1,1
sub-A00056949,BAS1,1
sub-A00056919,BAS1,1
sub-A00056898,BAS1,1
sub-A00056830,FLU2,1
sub-A00056746,FLU2,1
sub-A00056746,BAS1,1
sub-A00056679,FLU1,1
sub-A00056419,FLU2,1
sub-A00056605,FLU2,1
sub-A00056605,FLU1,1
sub-A00056453,BAS1,1
sub-A00056452,BAS2,1
sub-A00056452,BAS1,1
sub-A00056420,FLU2,1
sub-A00056420,FLU1,1
sub-A00056419,TRT,1
sub-A00058061,TRT,1
sub-A00056746,TRT,1
sub-A00058145,BAS1,1
sub-A00059865,TRT,1
sub-A00059865,FLU1,1
sub-A00059865,BAS1,1
sub-A00059845,BAS1,1
sub-A00059756,BAS1,1
sub-A00059733,FLU1,1
sub-A00059733,BAS1,1
sub-A00059664,BAS1,1
sub-A00059663,BAS1,1
sub-A00059662,BAS1,1
sub-A00059527,BAS1,1
sub-A00059428,BAS1,1
sub-A00059361,FLU2,1
sub-A00059361,FLU1,1
sub-A00059361,BAS2,1
sub-A00059361,BAS1,1
sub-A00059346,BAS1,1
sub-A00059865,FLU2,1
sub-A00059911,BAS1,1
sub-A00059327,TRT,1
sub-A00059935,BAS1,1
sub-A00060264,BAS1,1
sub-A00058214,BAS1,1
sub-A00060259,BAS1,1
sub-A00060252,BAS1,1
sub-A00060185,BAS1,1
sub-A00060184,BAS1,1
sub-A00060170,BAS1,1
sub-A00060169,BAS1,1
sub-A00060100,TRT,1
sub-A00060100,FLU2,1
sub-A00060100,FLU1,1
sub-A00060100,BAS1,1
sub-A00060099,TRT,1
sub-A00060099,FLU2,1
sub-A00060099,FLU1,1
sub-A00060099,BAS1,1
sub-A00060093,BAS1,1
sub-A00059990,BAS1,1
sub-A00060005,BAS1,1
sub-A00059327,FLU2,1
sub-A00058621,BAS1,1
sub-A00058552,BAS1,1
sub-A00058537,FLU2,1
sub-A00058537,BAS1,1
sub-A00058516,TRT,1
sub-A00058516,BAS1,1
sub-A00058515,BAS1,1
sub-A00058503,FLU2,1
sub-A00058503,FLU1,1
sub-A00058503,BAS1,1
sub-A00058436,BAS1,1
sub-A00058318,BAS1,1
sub-A00058229,FLU2,1
sub-A00058229,FLU1,1
sub-A00058229,BAS1,1
sub-A00058215,TRT,1
sub-A00058215,FLU2,1
sub-A00059327,FLU1,1
sub-A00058215,FLU1,1
sub-A00058215,BAS1,1
sub-A00058570,BAS1,1
sub-A00058503,BAS2,1
sub-A00058644,BAS1,1
sub-A00059074,BAS1,1
sub-A00059326,FLU1,1
sub-A00058667,BAS1,1
sub-A00059327,BAS1,1
sub-A00059326,BAS1,1
sub-A00059325,TRT,1
sub-A00059325,FLU1,1
sub-A00059325,BAS1,1
sub-A00059109,BAS1,1
sub-A00059107,BAS1,1
sub-A00059326,FLU2,1
sub-A00058685,BAS1,1
sub-A00058998,BAS1,1
sub-A00058952,FLU1,1
sub-A00058952,BAS2,1
sub-A00058952,BAS1,1
sub-A00058951,BAS1,1
sub-A00058685,FLU2,1
sub-A00058999,BAS1,1
sub-A00076574,TRT,2
sub-A00077091,FLU2,2
sub-A00077088,FLU2,2
sub-A00076775,FLU2,2
sub-A00076764,FLU1,2
sub-A00076759,FLU2,2
sub-A00076755,FLU2,2
sub-A00076574,FLU2,2
sub-A00076746,FLU2,2
sub-A00077099,FLU2,2
sub-A00076594,FLU2,2
sub-A00077304,FLU2,2
sub-A00077134,FLU2,2
sub-A00077184,FLU2,2
sub-A00077188,FLU2,2
sub-A00077203,FLU2,2
sub-A00077252,FLU2,2
sub-A00077413,FLU2,2
sub-A00077453,FLU2,2
sub-A00077528,FLU2,2
sub-A00077573,FLU1,2
sub-A00076568,FLU2,2
sub-A00077556,FLU2,2
sub-A00076568,TRT,2
sub-A00074952,FLU2,2
sub-A00076559,FLU2,2
sub-A00076546,FLU2,2
sub-A00074641,FLU2,2
sub-A00077668,FLU2,2
sub-A00074657,FLU2,2
sub-A00074793,FLU2,2
sub-A00074795,FLU2,2
sub-A00074808,FLU2,2
sub-A00074836,FLU2,2
sub-A00074942,FLU2,2
sub-A00074959,FLU2,2
sub-A00074962,FLU2,2
sub-A00074977,FLU2,2
sub-A00074985,FLU2,2
sub-A00074989,FLU2,2
sub-A00075220,FLU2,2
sub-A00075229,FLU2,2
sub-A00075407,FLU2,2
sub-A00075653,FLU2,2
sub-A00075732,FLU2,2
sub-A00075735,FLU2,2
sub-A00075757,FLU2,2
sub-A00075895,FLU2,2
sub-A00075898,FLU2,2
sub-A00076380,FLU2,2
sub-A00076381,FLU2,2
sub-A00077585,FLU2,2
sub-A00083982,FLU1,2
sub-A00077753,FLU2,2
sub-A00083963,FLU1,2
sub-A00082969,FLU1,2
sub-A00083169,FLU1,2
sub-A00083207,FLU1,2
sub-A00083687,FLU1,2
sub-A00083731,FLU1,2
sub-A00083745,FLU1,2
sub-A00083847,FLU1,2
sub-A00083949,FLU1,2
sub-A00083950,FLU1,2
sub-A00083951,FLU1,2
sub-A00083983,FLU1,2
sub-A00082556,FLU1,2
sub-A00084901,FLU1,2
sub-A00085001,FLU1,2
sub-A00085003,FLU1,2
sub-A00085290,FLU1,2
sub-A00085297,FLU1,2
sub-A00085298,FLU1,2
sub-A00085665,FLU1,2
sub-A00085743,FLU1,2
sub-A00085796,FLU1,2
sub-A00085797,FLU1,2
sub-A00074447,FLU2,2
sub-A00082665,FLU1,2
sub-A00082529,FLU1,2
sub-A00078262,FLU2,2
sub-A00081065,FLU2,2
sub-A00079724,FLU2,2
sub-A00079730,FLU2,2
sub-A00079775,FLU1,2
sub-A00079776,FLU2,2
sub-A00079850,FLU2,2
sub-A00080052,FLU2,2
sub-A00080818,FLU2,2
sub-A00080819,FLU2,2
sub-A00080901,FLU2,2
sub-A00080932,FLU2,2
sub-A00081064,FLU2,2
sub-A00081071,FLU2,2
sub-A00082528,FLU1,2
sub-A00081090,FLU2,2
sub-A00081090,TRT,2
sub-A00081098,FLU2,2
sub-A00081123,FLU1,2
sub-A00081142,FLU2,2
sub-A00081175,FLU2,2
sub-A00081385,FLU2,2
sub-A00081724,FLU1,2
sub-A00081735,FLU1,2
sub-A00081963,FLU1,2
sub-A00074447,TRT,2
sub-A00040117,TRT,2
sub-A00074439,FLU2,2
sub-A00051456,FLU2,2
sub-A00044011,BAS1,2
sub-A00044068,BAS1,2
sub-A00074113,FLU2,2
sub-A00050742,BAS1,2
sub-A00050743,BAS1,2
sub-A00050911,BAS1,2
sub-A00050977,BAS1,2
sub-A00051064,BAS1,2
sub-A00051456,BAS1,2
sub-A00051457,BAS1,2
sub-A00043617,FLU1,2
sub-A00051513,BAS1,2
sub-A00051690,BAS1,2
sub-A00051835,BAS1,2
sub-A00051835,FLU2,2
sub-A00051925,BAS1,2
sub-A00052180,BAS1,2
sub-A00052181,BAS1,2
sub-A00052181,FLU1,2
sub-A00052234,BAS1,2
sub-A00043758,BAS1,2
sub-A00043521,BAS1,2
sub-A00052560,BAS1,2
sub-A00039391,FLU2,2
sub-A00028185,BAS2,2
sub-A00031794,FLU1,2
sub-A00032875,FLU1,2
sub-A00033673,FLU1,2
sub-A00035940,FLU1,2
sub-A00037267,FLU2,2
sub-A00038623,FLU2,2
sub-A00038806,FLU2,2
sub-A00039353,FLU2,2
sub-A00039560,FLU2,2
sub-A00043450,BAS1,2
sub-A00039593,FLU2,2
sub-A00039820,FLU2,2
sub-A00039951,FLU2,2
sub-A00039975,FLU1,2
sub-A00040117,FLU1,2
sub-A00040285,FLU2,2
sub-A00040286,FLU2,2
sub-A00040604,FLU2,2
sub-A00043417,BAS1,2
sub-A00052234,FLU2,2
sub-A00050679,BAS1,2
sub-A00052577,FLU2,2
sub-A00064507,FLU2,2
sub-A00062285,FLU2,2
sub-A00062797,FLU2,2
sub-A00062937,FLU2,2
sub-A00062983,FLU2,2
sub-A00063327,FLU2,2
sub-A00063329,FLU2,2
sub-A00063424,FLU1,2
sub-A00064503,FLU2,2
sub-A00065487,FLU2,2
sub-A00062210,FLU2,2
sub-A00065975,FLU2,2
sub-A00065975,TRT,2
sub-A00065978,FLU2,2
sub-A00066154,FLU2,2
sub-A00066697,FLU1,2
sub-A00066698,FLU1,2
sub-A00053369,BAS1,2
sub-A00073545,TRT,2
sub-A00073953,FLU2,2
sub-A00062282,FLU1,2
sub-A00073545,FLU2,2
sub-A00061883,FLU2,2
sub-A00055908,TRT,2
sub-A00053949,FLU1,2
sub-A00054019,BAS1,2
sub-A00054153,FLU2,2
sub-A00054173,BAS1,2
sub-A00055121,BAS1,2
sub-A00055352,BAS1,2
sub-A00055728,TRT,2
sub-A00055763,FLU1,2
sub-A00055908,BAS1,2
sub-A00055728,BAS1,2
sub-A00055962,BAS1,2
sub-A00057372,BAS1,2
sub-A00056099,FLU1,2
sub-A00060575,FLU2,2
sub-A00057445,FLU2,2
sub-A00061656,FLU2,2
sub-A00056605,BAS1,2
sub-A00056306,BAS1,2
sub-A00056138,BAS1,2
sub-A00061749,FLU2,2
sub-A00060503,FLU1,3
sub-A00027439,FLU1,3
sub-A00027439,TRT,3
sub-A00043762,BAS1,3
sub-A00043762,BAS2,3
sub-A00043762,FLU2,3
sub-A00055267,FLU2,3
sub-A00057726,TRT,3
sub-A00060503,BAS1,3
sub-A00060503,FLU2,3
sub-A00062349,FLU2,3
sub-A00062353,TRT,3
sub-A00064328,FLU1,3
sub-A00064418,FLU2,3
sub-A00077638,TRT,3
sub-A00081239,BAS1,3
sub-A00082942,BAS1,3
sub-A00083744,BAS1,4
sub-A00082943,FLU1,4
sub-A00081727,FLU1,4
sub-A00081476,BAS1,4
sub-A00081064,FLU1,4
sub-A00077577,BAS1,4
sub-A00077412,FLU1,4
sub-A00077134,FLU1,4
sub-A00074800,FLU1,4
sub-A00066865,BAS1,4
sub-A00065302,FLU2,4
sub-A00061298,FLU2,4
sub-A00058229,TRT,4
sub-A00057808,BAS1,4
sub-A00075372,TRT,5
sub-A00065250,FLU2,5
sub-A00066237,FLU2,5
sub-A00066237,FLU1,5
sub-A00081734,BAS1,5
sub-A00080901,BAS1,5
sub-A00077577,FLU1,5
sub-A00035561,FLU1,5
sub-A00060846,TRT,5
sub-A00062416,BAS1,5
sub-A00066860,FLU2,6
sub-A00076595,FLU2,6
sub-A00077412,FLU2,6
sub-A00079977,FLU2,6
sub-A00081518,FLU1,6
sub-A00083631,FLU1,6
sub-A00083732,FLU1,6
sub-A00085066,FLU1,6
sub-A00077181,FLU2,7
sub-A00083162,FLU1,7
sub-A00081727,FLU2,7
sub-A00065379,BAS1,8
sub-A00037229,FLU1,8
sub-A00076751,FLU1,9
sub-A00051528,BAS1,9
sub-A00081721,BAS1,10
sub-A00059344,BAS2,10
sub-A00065935,FLU1,11
sub-A00039943,FLU2,11
sub-A00061387,BAS1,12
sub-A00061806,BAS1,12
sub-A00074969,FLU1,13
sub-A00077311,FLU1,13
sub-A00073975,BAS1,14
sub-A00081103,FLU1,14
sub-A00080811,BAS1,15
sub-A00074969,BAS1,16
sub-A00074711,BAS1,17
sub-A00066246,BAS1,18
sub-A00075732,FLU1,19
sub-A00066460,FLU2,20
sub-A00066831,BAS1,21
sub-A00081721,FLU1,22
sub-A00081938,BAS1,23
sub-A00081103,BAS1,24
sub-A00076751,BAS1,25
sub-A00074000,BAS1,26
sub-A00080452,BAS1,27
sub-A00079715,BAS1,28
sub-A00053473,BAS1,29
sub-A00055727,BAS1,30
sub-A00063383,FLU2,31
sub-A00074969,FLU2,32
sub-A00076751,FLU2,33
sub-A00059344,BAS1,34
sub-A00060006,BAS1,35
sub-A00059344,FLU1,36
sub-A00059344,FLU2,37
sub-A00062983,BAS1,38
sub-A00060472,TRT,39
sub-A00060280,FLU2,40
sub-A00060848,BAS1,41
sub-A00043325,BAS1,42
sub-A00050795,BAS1,43
sub-A00044307,BAS1,44
sub-A00028339,FLU1,45
sub-A00039488,BAS2,46
sub-A00035827,BAS2,47
sub-A00037229,BAS2,48
