102041,10603,,,41.977635 ,37.161560 ,40.234319 ,36.116854 ,38.441468 ,33.397419 ,49.679972 ,45.949506
102041,10603,42.269941 ,37.337955 ,41.977635 ,37.161560 ,40.234319 ,36.116854 ,38.441468 ,33.397419 ,49.679972 ,45.949506
116019,10078,4.208982 ,3.783026 ,4.179464 ,3.751548 ,3.971562 ,3.616492 ,3.755371 ,3.452826 ,4.747292 ,4.578969
129405,10136,5.386078 ,4.719566 ,5.346298 ,4.690669 ,5.141094 ,4.623684 ,4.762375 ,4.231022 ,5.860576 ,5.394077
20699,11303,-18.808071 ,-22.230760 ,-27.597625 ,-48.322336 ,-24.560989 ,-30.777790 ,20.127855 ,18.383226 ,11.693529 ,16.676796
86486,11196,48.892027 ,44.872155 ,48.535289 ,44.497703 ,46.393105 ,42.974154 ,44.523202 ,39.336717 ,57.170538 ,53.116888
93169,10113,5.976698 ,5.230595 ,5.979337 ,5.237259 ,5.711561 ,5.110579 ,5.230794 ,4.607713 ,6.644969 ,6.246230
103679,10110,4.694577 ,4.530713 ,4.644875 ,4.481997 ,4.463593 ,4.311750 ,4.093984 ,3.898202 ,5.268086 ,5.149738
116051,10098,6.138439 ,5.959088 ,6.109144 ,5.934270 ,5.824219 ,5.734869 ,5.371606 ,5.337419 ,7.117714 ,7.019368
129552,10976,24.055339 ,20.418422 ,23.829979 ,20.278085 ,22.796204 ,19.829208 ,21.583805 ,18.622865 ,27.241446 ,24.934333
20809,11307,746.810575 ,736.960682 ,925.297381 ,880.489581 ,963.156757 ,929.079441 ,753.082636 ,743.526830 ,840.002048 ,806.655326
86722,10885,45.531922 ,42.758406 ,45.286881 ,42.582868 ,43.648537 ,40.818957 ,41.646676 ,38.079519 ,57.248094 ,56.151769
104059,10762,44.513321 ,39.715943 ,44.349198 ,39.645393 ,42.527307 ,38.500533 ,42.012051 ,38.259753 ,51.278978 ,45.661551
116210,10102,32.183419 ,27.413648 ,31.673716 ,27.039542 ,28.138734 ,25.816870 ,28.303196 ,24.400157 ,34.245499 ,31.582894
129720,10607,39.972488 ,36.105561 ,39.896756 ,36.048753 ,37.886121 ,34.883294 ,35.562173 ,32.416777 ,46.648529 ,43.841313
20888,11364,66.029265 ,56.701134 ,65.750572 ,56.404426 ,63.002152 ,55.355144 ,59.317775 ,51.856978 ,77.599251 ,68.987982
86924,10035,3.873359 ,3.594801 ,3.864770 ,3.586830 ,3.705515 ,3.489276 ,3.455845 ,3.152181 ,4.164843 ,3.810982
93278,10148,3.449423 ,3.306876 ,3.448226 ,3.306569 ,3.320260 ,3.177099 ,3.073919 ,2.900612 ,3.846257 ,3.692041
104235,10585,37.267808 ,32.936720 ,36.036615 ,31.830482 ,34.125694 ,30.823328 ,32.673733 ,29.218515 ,42.132474 ,39.975776
116354,10643,62.554509 ,60.876084 ,60.714310 ,59.272911 ,57.859400 ,56.998381 ,56.346188 ,53.971041 ,71.067936 ,70.524227
129886,10787,56.518145 ,50.096042 ,55.481186 ,49.236379 ,51.105506 ,47.809191 ,48.406937 ,44.527135 ,64.887527 ,59.909484
20940,11401,18.453964 ,18.965202 ,17.716616 ,18.326758 ,17.419273 ,17.899153 ,32.448260 ,31.173463 ,37.644915 ,36.772921
86972,10876,57.657155 ,52.409219 ,55.211072 ,50.076469 ,52.065017 ,47.922540 ,51.375325 ,46.164613 ,66.999067 ,62.936973
93292,10145,4.797202 ,4.749295 ,4.773050 ,4.731361 ,4.479665 ,4.425081 ,4.245831 ,4.181205 ,5.282596 ,5.293915
104785,10779,56.740879 ,47.503036 ,55.608674 ,46.664008 ,52.988964 ,45.799310 ,49.706086 ,42.382397 ,64.215957 ,58.487008
116360,10097,40.405158 ,36.082407 ,41.062788 ,36.685239 ,39.240819 ,35.561547 ,34.075341 ,31.538892 ,41.785081 ,40.680489
129926,10111,5.090828 ,4.544975 ,5.039943 ,4.504284 ,4.828543 ,4.381733 ,4.446916 ,4.002912 ,5.754528 ,5.410979
20941,11403,66.980701 ,61.958087 ,66.624526 ,61.581421 ,58.770143 ,54.502013 ,54.901370 ,49.498347 ,68.791712 ,64.060118
87135,9969,4.930029 ,4.213630 ,4.937453 ,4.223069 ,4.717127 ,4.152080 ,4.144123 ,3.741912 ,5.135020 ,4.762008
93406,10138,4.725287 ,4.439872 ,4.707176 ,4.426469 ,4.534605 ,4.294279 ,4.112228 ,3.996963 ,4.944850 ,4.936687
105168,10761,34.975851 ,31.849434 ,34.459388 ,31.372441 ,33.244113 ,30.406394 ,31.906918 ,28.092186 ,41.113796 ,38.062078
117226,10074,5.029056 ,4.809004 ,4.897809 ,4.687835 ,4.720687 ,4.534022 ,4.510696 ,4.384323 ,5.423690 ,5.325224
130121,10786,40.261850 ,42.953526 ,39.609002 ,42.148927 ,38.218390 ,36.331550 ,36.120850 ,35.378998 ,42.801654 ,44.103372
20949,11422,41.967465 ,37.905662 ,41.458310 ,37.494328 ,39.911319 ,36.305784 ,37.628940 ,33.594996 ,48.118181 ,44.830552
87346,10597,33.197969 ,27.365798 ,32.969959 ,27.236827 ,31.455739 ,26.540613 ,29.850253 ,24.812958 ,39.082027 ,35.042304
93517,10932,41.317273 ,36.398207 ,40.907365 ,36.131390 ,39.068281 ,34.870509 ,36.415236 ,32.497890 ,47.829508 ,46.009543
105176,10571,47.604352 ,40.097769 ,47.648958 ,40.159544 ,45.579527 ,39.289754 ,42.411128 ,36.127334 ,54.156450 ,47.864133
117397,10582,38.792823 ,35.943182 ,38.791850 ,35.891030 ,36.557585 ,34.332029 ,34.461302 ,32.198813 ,44.190699 ,43.097539
130211,10106,4.921731 ,4.352195 ,4.908061 ,4.340527 ,4.752384 ,4.272109 ,4.446975 ,3.977972 ,5.783644 ,5.317083
20963,11414,54.549161 ,52.394461 ,53.057353 ,50.941590 ,49.750448 ,47.795276 ,47.663554 ,45.714837 ,58.108815 ,57.794836
87445,11153,67.288746 ,58.146428 ,66.431241 ,57.393232 ,58.844374 ,55.374007 ,55.283904 ,51.924567 ,72.136944 ,68.282425
93549,10474,43.254066 ,38.974214 ,42.210548 ,37.988000 ,40.638377 ,37.136575 ,38.298446 ,34.407688 ,49.925823 ,47.708362
105309,10776,51.721650 ,45.994055 ,51.429288 ,45.788826 ,49.605777 ,44.558214 ,45.340980 ,41.156456 ,57.045302 ,54.522537
118393,10094,26.466100 ,23.481137 ,29.066110 ,25.484464 ,25.575303 ,23.896867 ,24.207830 ,21.486630 ,28.366144 ,26.375138
130687,10385,54.963035 ,47.052580 ,54.447449 ,46.628759 ,53.021626 ,46.509299 ,50.109875 ,43.441385 ,62.095881 ,55.261918
20974,11415,9.279010 ,8.638773 ,8.937974 ,8.333559 ,0.970906 ,0.826624 ,26.993661 ,32.892647 ,19.889210 ,27.658038
87457,10081,-8.085889 ,-7.360461 ,-11.866594 ,-10.560819 ,-10.258153 ,-9.652176 ,4.612343 ,3.495774 ,3.990293 ,3.194213
93723,10956,4.933402 ,7.395243 ,4.628353 ,7.005720 ,4.601529 ,6.440370 ,16.288114 ,14.803668 ,17.261013 ,15.240192
105767,10708,46.902719 ,43.038939 ,46.113681 ,42.515051 ,44.455688 ,41.539454 ,41.637067 ,38.684182 ,51.709212 ,50.369341
118864,10127,6.785488 ,6.169913 ,6.743668 ,6.123489 ,6.497492 ,5.974051 ,6.050399 ,5.437310 ,7.592034 ,7.266804
130759,10137,5.742863 ,4.848519 ,5.733342 ,4.844493 ,5.499790 ,4.716433 ,5.064778 ,4.357113 ,6.140045 ,5.501251
20981,11462,18.657400 ,16.059767 ,18.564743 ,16.122305 ,17.048682 ,16.088292 ,15.548973 ,14.424215 ,19.936092 ,19.425531
87538,9942,4.600636 ,4.143126 ,4.562196 ,4.110778 ,4.399790 ,4.048172 ,4.192129 ,3.846265 ,5.542646 ,5.075210
93734,10092,4.324796 ,4.201421 ,4.176636 ,4.062355 ,3.994023 ,3.865991 ,3.872074 ,3.711001 ,4.931368 ,4.841392
105860,10641,48.650404 ,43.277025 ,48.493651 ,43.155967 ,46.847531 ,41.810198 ,43.086990 ,37.224656 ,57.510258 ,54.763183
119302,10122,4.110307 ,3.542147 ,4.063608 ,3.509912 ,3.794328 ,3.428228 ,3.498589 ,3.184911 ,4.251353 ,4.143156
131224,10434,38.175294 ,39.265226 ,36.821389 ,37.917210 ,35.447803 ,33.146420 ,35.005960 ,32.019190 ,43.878349 ,44.005715
21016,11431,61.630442 ,58.245768 ,60.593225 ,57.161271 ,56.435014 ,54.071263 ,56.309610 ,52.210656 ,73.044051 ,70.595828
87563,10329,54.062648 ,48.892417 ,52.982670 ,48.108325 ,50.739328 ,46.433808 ,48.734428 ,43.865629 ,62.258769 ,61.035194
93787,10163,6.220181 ,5.610226 ,6.154729 ,5.554347 ,5.829551 ,5.387035 ,5.506861 ,5.054284 ,7.007189 ,6.612510
105979,10067,5.288643 ,4.869973 ,5.252533 ,4.843102 ,5.078973 ,4.714347 ,4.736817 ,4.329947 ,5.919322 ,5.437872
119791,10082,5.441632 ,5.139116 ,5.438298 ,5.121541 ,5.225516 ,4.905183 ,4.827384 ,4.428140 ,5.819924 ,5.597952
131867,10669,51.959092 ,45.506990 ,51.771262 ,45.282990 ,48.978322 ,43.877552 ,46.778097 ,41.382700 ,61.166536 ,58.949841
21056,11447,48.425301 ,46.516627 ,48.301154 ,46.356753 ,45.624534 ,44.163016 ,43.845428 ,41.820914 ,53.891519 ,52.217968
87601,10595,44.033615 ,39.467731 ,43.740873 ,39.130445 ,41.583751 ,37.987774 ,39.462987 ,35.813039 ,51.108190 ,48.609386
93856,10352,55.091781 ,51.561720 ,54.064272 ,50.451040 ,51.673200 ,48.735149 ,49.068232 ,44.920017 ,59.407641 ,56.424658
106039,10626,46.521954 ,40.404077 ,45.728681 ,39.721440 ,42.135939 ,38.757586 ,40.770458 ,36.756000 ,53.999741 ,49.723164
120217,10702,41.916677 ,38.111163 ,41.460742 ,37.767122 ,39.924073 ,36.002097 ,37.305140 ,32.955920 ,48.953602 ,45.999149
132179,10780,43.872426 ,39.428186 ,43.800049 ,39.312801 ,40.946330 ,37.585116 ,38.393577 ,35.371948 ,47.484811 ,46.142544
21059,11445,52.581905 ,50.186274 ,52.247781 ,49.895818 ,52.584004 ,50.567147 ,46.990450 ,45.069383 ,56.803334 ,54.647959
87646,10496,50.483638 ,45.473473 ,49.620701 ,44.704435 ,47.256849 ,43.531007 ,44.537011 ,40.499127 ,56.362841 ,53.208603
94276,10957,44.980342 ,40.036998 ,43.844355 ,39.018709 ,42.249048 ,37.854925 ,40.529155 ,34.983934 ,52.441607 ,47.876974
120562,10666,,,,,,,,,,
132224,10151,5.312883 ,4.538401 ,5.315501 ,4.545378 ,5.019614 ,4.425808 ,4.822607 ,4.119781 ,6.083166 ,5.451178
21085,11456,50.092551 ,47.040160 ,49.841403 ,46.776256 ,47.835327 ,45.241333 ,44.655525 ,41.048249 ,59.206267 ,56.197450
87804,10026,5.592927 ,5.058733 ,5.533981 ,5.002443 ,5.232840 ,4.836976 ,4.906108 ,4.468580 ,6.092423 ,5.837520
94492,11251,27.956937 ,25.399581 ,27.962931 ,25.390263 ,26.647118 ,24.516070 ,25.021702 ,22.565716 ,31.705963 ,29.749455
106246,10593,47.838727 ,43.909403 ,47.860277 ,43.914819 ,45.902677 ,42.450043 ,43.544355 ,39.273739 ,59.218375 ,55.787756
121001,10494,45.117033 ,39.803415 ,44.882775 ,39.593949 ,43.062188 ,38.559435 ,39.964244 ,35.818926 ,53.895091 ,50.447064
132657,10616,54.822380 ,48.887919 ,54.790075 ,48.883326 ,50.295780 ,46.240967 ,48.036670 ,43.093573 ,63.368478 ,59.863386
80557,10863,58.958132 ,53.652880 ,58.646467 ,53.390575 ,56.607044 ,52.451379 ,52.566257 ,47.856638 ,63.689271 ,59.348570
87990,9995,3.822510 ,3.411521 ,3.706169 ,3.306200 ,3.496079 ,3.199750 ,3.237985 ,3.020253 ,3.790813 ,3.579623
94848,10121,3.932484 ,3.618721 ,3.856130 ,3.542699 ,3.690334 ,3.432493 ,3.496008 ,3.247635 ,4.324536 ,4.018804
106331,10587,39.670694 ,32.019943 ,38.916062 ,31.594206 ,34.851395 ,30.871786 ,33.689161 ,28.703835 ,45.876905 ,41.157987
121050,10890,64.209035 ,66.057188 ,62.743013 ,64.505633 ,59.359664 ,57.350531 ,57.501704 ,56.659374 ,76.250656 ,71.600693
133220,10792,3.295271 ,2.093764 ,3.237074 ,2.060026 ,0.254766 ,0.196396 ,16.252354 ,18.229817 ,11.815546 ,10.899184
80688,10982,50.931604 ,46.693446 ,50.970287 ,46.768620 ,48.730104 ,45.552146 ,43.788401 ,41.512142 ,56.642627 ,55.506012
88209,10057,5.955226 ,5.286832 ,5.720870 ,5.096602 ,5.392022 ,4.926243 ,5.204944 ,4.664846 ,6.650184 ,6.178545
95015,10380,62.779205 ,56.877090 ,62.475525 ,56.594061 ,59.233713 ,54.662199 ,55.473255 ,49.754971 ,69.470148 ,64.335067
106802,10856,56.228039 ,50.644697 ,56.239600 ,50.649458 ,53.924536 ,49.433436 ,50.580598 ,45.807168 ,65.018315 ,62.152899
121085,10015,4.400810 ,4.028305 ,4.268815 ,3.894519 ,4.120431 ,3.754732 ,3.883671 ,3.475493 ,4.777151 ,4.504736
139272,10109,5.134274 ,4.706686 ,5.093688 ,4.674946 ,4.889921 ,4.555598 ,4.481326 ,4.196087 ,5.531886 ,5.363217
81725,10356,100.021682 ,94.412855 ,99.820143 ,94.321073 ,95.823741 ,91.647952 ,88.654324 ,83.389162 ,112.252483 ,109.017953
88402,10679,46.933326 ,43.710553 ,45.976896 ,42.926231 ,43.553899 ,40.945679 ,41.686357 ,38.612468 ,52.645651 ,50.148700
95057,10778,49.620770 ,43.826053 ,50.289370 ,44.224883 ,46.043158 ,42.817663 ,41.464635 ,38.537464 ,53.549885 ,49.450085
106880,10302,49.233167 ,46.383206 ,48.262081 ,45.433059 ,46.598644 ,44.148821 ,44.290850 ,41.384445 ,53.409881 ,52.365848
121407,10619,62.182066 ,57.497193 ,61.990114 ,57.345505 ,59.721941 ,55.793665 ,56.122350 ,51.534610 ,71.624840 ,66.864004
19977,10781,69.674945 ,64.539898 ,68.114302 ,63.113388 ,64.982284 ,61.493467 ,62.348621 ,58.063775 ,79.017642 ,75.785085
81760,10132,4.827730 ,4.461177 ,4.780642 ,4.415518 ,4.602394 ,4.257036 ,4.264946 ,3.965452 ,5.287707 ,5.193983
88589,10975,50.818006 ,42.028913 ,50.568037 ,41.815942 ,48.505969 ,41.162009 ,44.706465 ,37.281077 ,58.420705 ,53.599229
95116,10891,52.040242 ,47.058708 ,52.023901 ,47.049281 ,48.349113 ,45.943365 ,45.417251 ,42.463835 ,56.551216 ,52.868218
107055,11231,41.548829 ,39.344303 ,40.985488 ,38.767844 ,36.829538 ,34.691467 ,35.313525 ,33.506467 ,44.049978 ,41.668662
121670,10158,4.588828 ,3.991175 ,4.565404 ,3.967308 ,4.334389 ,3.886478 ,3.913231 ,3.513512 ,4.676341 ,4.405219
19981,10852,51.759057 ,49.313827 ,51.362125 ,48.825718 ,49.807702 ,47.693287 ,47.450101 ,44.875055 ,64.017470 ,60.729923
82051,9947,4.708679 ,4.516177 ,4.624344 ,4.447583 ,4.392124 ,4.235875 ,4.158421 ,3.955023 ,5.220230 ,5.048829
88608,10165,6.057954 ,5.624190 ,6.065167 ,5.632149 ,5.840186 ,5.429106 ,5.342027 ,4.860296 ,6.671431 ,6.304249
95460,10586,47.496012 ,41.986086 ,46.802723 ,41.443043 ,45.156460 ,40.629294 ,42.271797 ,37.767287 ,53.279950 ,51.536985
108202,10740,44.996439 ,44.562116 ,44.313185 ,43.786870 ,41.121241 ,38.937751 ,38.822685 ,36.356503 ,47.232385 ,46.848356
122522,10540,57.959284 ,52.306326 ,55.816213 ,50.247791 ,52.062814 ,48.044932 ,51.035134 ,47.079607 ,66.352701 ,63.538003
20011,10846,56.513041 ,45.672679 ,56.161217 ,45.361144 ,47.507973 ,43.716811 ,45.413262 ,40.760818 ,57.096195 ,51.322009
82492,10046,3.887733 ,3.388397 ,3.832267 ,3.350823 ,3.563763 ,3.249342 ,3.272049 ,2.978862 ,4.150674 ,3.945266
88760,11150,58.830022 ,52.566413 ,59.003530 ,52.771742 ,56.733734 ,51.668162 ,52.055976 ,47.003785 ,65.293249 ,62.034785
96659,10362,86.289541 ,66.838523 ,82.608427 ,63.940238 ,61.788835 ,52.694901 ,63.267411 ,52.873366 ,90.229524 ,74.198671
109521,10682,49.046409 ,45.105234 ,47.553538 ,43.960937 ,46.545948 ,43.521774 ,42.728940 ,40.062917 ,50.885394 ,49.225998
122528,10697,38.756191 ,34.569673 ,38.823638 ,34.644937 ,37.282127 ,33.777125 ,33.188176 ,30.831174 ,42.561931 ,38.701695
20017,10922,45.185265 ,45.795851 ,44.727342 ,45.188713 ,42.536941 ,41.350409 ,38.454043 ,38.594216 ,46.305143 ,46.864724
82790,10059,3.900571 ,3.618767 ,3.832719 ,3.557540 ,3.679095 ,3.456494 ,3.450191 ,3.220485 ,4.281309 ,4.201006
88770,10376,42.489134 ,39.664241 ,41.511875 ,38.686580 ,39.234037 ,37.530294 ,37.318975 ,35.557391 ,44.065072 ,42.035174
97092,10279,48.986726 ,46.293483 ,49.045893 ,46.419205 ,46.409293 ,42.404644 ,44.132339 ,39.472231 ,56.525233 ,52.219228
109646,10608,38.283447 ,33.195014 ,37.350450 ,32.357428 ,35.532488 ,31.430523 ,34.754368 ,29.810740 ,45.429171 ,42.183624
122801,10670,48.699498 ,43.588577 ,48.636805 ,43.524625 ,46.992533 ,42.379972 ,44.686242 ,39.676524 ,57.789902 ,54.872673
20120,10939,60.238772 ,44.378037 ,59.960351 ,44.481133 ,47.953385 ,43.158072 ,46.213525 ,39.652518 ,61.936950 ,52.879661
83010,10101,4.942812 ,4.363259 ,4.862839 ,4.295150 ,4.509458 ,4.152220 ,4.195507 ,3.906006 ,5.461099 ,5.260396
88773,10758,,,,,,,,,,
97271,10366,58.640566 ,47.924414 ,58.211100 ,47.544096 ,50.012462 ,46.467102 ,47.168989 ,42.708867 ,60.231165 ,55.036268
109735,10671,54.120869 ,52.266116 ,53.212787 ,51.453110 ,50.688410 ,49.499990 ,47.558150 ,46.501571 ,55.549417 ,55.105707
122916,10114,4.599899 ,4.323850 ,4.580934 ,4.309054 ,4.438186 ,4.221686 ,4.088776 ,3.909331 ,5.214942 ,5.109231
20151,10947,63.785544 ,44.553242 ,61.597848 ,43.648698 ,44.735679 ,41.503070 ,41.303205 ,37.930365 ,52.657917 ,51.013991
83372,11230,43.658313 ,35.917034 ,43.538128 ,35.827434 ,41.479145 ,34.903839 ,39.513054 ,32.814937 ,50.590600 ,44.006883
89279,10816,46.723849 ,40.698659 ,45.549135 ,39.689150 ,42.955753 ,38.018414 ,40.721314 ,35.858769 ,53.014708 ,48.990175
97485,10402,54.571464 ,52.285973 ,54.049908 ,51.542810 ,52.156160 ,49.877154 ,48.769294 ,46.521818 ,57.181752 ,57.931972
110168,10095,5.432755 ,4.953310 ,5.491273 ,5.040746 ,5.286590 ,4.834174 ,4.768338 ,4.359035 ,5.831116 ,5.684934
125511,10565,51.851346 ,47.198696 ,50.658814 ,46.225964 ,48.436898 ,45.128784 ,44.728471 ,42.419065 ,56.295680 ,54.563864
20153,10963,64.190426 ,39.279765 ,65.354232 ,39.498276 ,41.194696 ,36.170489 ,39.366282 ,32.988881 ,49.997251 ,43.281259
83454,10161,4.114883 ,4.024223 ,4.047048 ,3.951418 ,3.841094 ,3.750264 ,3.628613 ,3.484799 ,4.444057 ,4.392971
89377,10624,39.796900 ,35.562927 ,39.324232 ,35.202072 ,37.324357 ,34.035033 ,35.833892 ,31.967108 ,47.268726 ,44.989595
97994,10584,55.718519 ,50.164609 ,55.656030 ,50.058562 ,52.553870 ,48.679509 ,49.796823 ,45.944504 ,66.852256 ,62.548616
110354,10910,76.866212 ,75.608941 ,76.037057 ,74.637448 ,72.501186 ,71.757539 ,68.612885 ,66.880598 ,87.045180 ,88.020272
125535,10150,3.796840 ,3.440598 ,3.776124 ,3.420709 ,3.607127 ,3.296342 ,3.427863 ,3.120086 ,4.270331 ,4.159343
20189,10988,46.474560 ,43.516755 ,46.288509 ,43.367497 ,44.193006 ,41.593434 ,40.724103 ,38.263829 ,51.926175 ,51.162413
83835,10777,41.128626 ,35.982789 ,41.110312 ,35.926905 ,39.191791 ,35.165805 ,36.184783 ,32.099207 ,43.534939 ,40.619874
90021,10830,47.677481 ,41.449985 ,47.455560 ,41.267471 ,45.863454 ,40.459057 ,44.645936 ,38.942073 ,55.305932 ,50.429157
98314,10120,4.719850 ,3.984453 ,4.680981 ,3.953895 ,4.476068 ,3.893997 ,4.221793 ,3.620549 ,5.349420 ,4.815744
110828,10134,6.049501 ,5.381175 ,5.991054 ,5.333466 ,5.756247 ,5.200185 ,5.344648 ,4.798696 ,6.452052 ,6.066570
125554,10058,4.880584 ,4.540810 ,4.752763 ,4.431866 ,4.513402 ,4.239863 ,4.248762 ,3.940317 ,5.147080 ,4.875106
20197,10999,73.571842 ,64.297583 ,73.181471 ,64.009341 ,69.092482 ,62.326768 ,65.324258 ,57.602724 ,85.980570 ,80.958732
83999,10099,3.855527 ,3.318165 ,3.805673 ,3.270552 ,3.610046 ,3.187895 ,3.447527 ,3.007832 ,4.507702 ,4.044872
90060,10180,3.187915 ,2.859760 ,3.148391 ,2.819799 ,3.012514 ,2.758464 ,2.769918 ,2.568985 ,3.606072 ,3.450723
98394,10025,5.204383 ,5.116964 ,5.099496 ,5.011784 ,4.864129 ,4.818325 ,4.667590 ,4.618215 ,5.587109 ,5.581757
112028,11225,63.006818 ,58.879908 ,62.018761 ,58.074033 ,59.378301 ,56.481149 ,55.770780 ,52.591586 ,69.406346 ,67.296011
126176,10625,54.746589 ,47.949423 ,54.746617 ,47.937581 ,51.592724 ,46.685328 ,48.553810 ,43.236585 ,62.227835 ,56.685573
20247,11123,53.664615 ,48.373419 ,53.178632 ,47.944242 ,50.408504 ,45.367423 ,47.478007 ,41.823933 ,65.100133 ,61.383311
84103,9970,3.339055 ,2.984020 ,3.265039 ,2.914274 ,3.122629 ,2.828214 ,2.944072 ,2.692452 ,3.961587 ,3.674013
90077,10627,44.252278 ,37.733020 ,44.204312 ,37.661365 ,41.880216 ,36.677606 ,38.456369 ,33.969759 ,47.638709 ,44.396473
98422,11250,28.959483 ,26.633582 ,28.355207 ,26.051989 ,27.185646 ,25.147200 ,26.009668 ,23.765872 ,33.977706 ,33.097993
112061,10056,4.306310 ,4.034593 ,4.280777 ,4.005272 ,4.082064 ,3.838173 ,3.727747 ,3.537762 ,4.786066 ,4.555834
126389,10855,65.416338 ,52.522041 ,63.353918 ,50.963545 ,59.903057 ,49.730668 ,57.077740 ,47.224405 ,74.539412 ,66.067007
20313,11136,58.544128 ,64.908489 ,58.462769 ,64.654752 ,51.400891 ,50.241144 ,47.359641 ,47.288945 ,59.376675 ,59.330825
84354,10315,40.816973 ,35.421777 ,38.887419 ,34.006361 ,36.845129 ,33.099915 ,36.124942 ,32.087084 ,42.468442 ,38.775066
90262,10131,4.212462 ,3.891769 ,4.207130 ,3.888075 ,4.031411 ,3.717466 ,3.740988 ,3.391353 ,4.786279 ,4.619141
98535,11254,36.835442 ,33.121306 ,36.705710 ,33.032923 ,34.977561 ,31.629376 ,32.972991 ,29.219946 ,42.971060 ,40.859106
112126,9968,4.092903 ,3.746141 ,3.978164 ,3.641778 ,3.878093 ,3.610233 ,3.598259 ,3.303349 ,4.261074 ,4.016060
126554,10580,33.669993 ,29.662604 ,31.961276 ,28.318413 ,30.092730 ,27.416461 ,29.456919 ,26.617123 ,39.088828 ,35.986918
20320,11108,47.230673 ,45.503908 ,46.871675 ,45.084717 ,45.514392 ,41.856350 ,42.231093 ,38.918944 ,52.723479 ,51.368977
84688,10471,45.417025 ,40.835529 ,45.125045 ,40.465875 ,43.025072 ,39.541319 ,39.196249 ,36.198742 ,46.570340 ,43.872355
90281,10147,3.006339 ,2.883478 ,2.983924 ,2.855516 ,2.822993 ,2.685370 ,2.688106 ,2.515531 ,3.372131 ,3.271047
98567,10554,65.298473 ,59.461610 ,65.320178 ,59.507103 ,62.585171 ,57.598279 ,58.747190 ,52.592094 ,73.632693 ,68.354118
112249,10594,36.241741 ,36.785911 ,35.646218 ,36.004064 ,34.076251 ,32.739854 ,32.246870 ,31.399847 ,40.340693 ,39.285961
126903,10112,4.824058 ,4.439190 ,4.794650 ,4.411540 ,4.583023 ,4.274190 ,4.254076 ,4.036125 ,5.637619 ,5.506100
20322,11139,76.761122 ,63.075403 ,75.732095 ,62.223911 ,72.392032 ,61.116614 ,68.914605 ,57.268559 ,89.240249 ,81.431775
84761,10278,33.711751 ,27.612619 ,33.446911 ,27.434879 ,31.179118 ,26.674801 ,28.539419 ,24.872329 ,36.389018 ,32.622134
91717,10878,34.575518 ,30.997374 ,35.089044 ,31.664975 ,34.081926 ,30.844153 ,31.353499 ,28.182120 ,38.975738 ,36.378477
98831,10084,4.443683 ,4.252044 ,4.312782 ,4.132337 ,4.114142 ,3.988371 ,3.812468 ,3.753224 ,5.314840 ,5.344197
112332,10640,20.693785 ,20.801502 ,20.384218 ,20.478190 ,19.256557 ,19.357440 ,18.578244 ,18.479121 ,23.098894 ,23.433605
126921,11262,47.855713 ,44.430719 ,47.749157 ,44.292638 ,46.120316 ,42.967915 ,43.402883 ,39.547651 ,57.937875 ,56.173683
20325,11128,38.836933 ,34.055926 ,38.468028 ,33.739984 ,36.594919 ,32.570102 ,33.955105 ,29.616400 ,43.605371 ,39.024255
84973,10075,4.290713 ,3.776200 ,4.274828 ,3.760127 ,4.092161 ,3.657339 ,3.763577 ,3.441361 ,4.591420 ,4.273336
91919,10117,5.146757 ,4.710121 ,5.115694 ,4.684755 ,4.868926 ,4.545501 ,4.570796 ,4.249766 ,5.793457 ,5.530839
98871,10717,40.054521 ,34.457194 ,39.552295 ,33.987377 ,37.855314 ,33.176635 ,36.028053 ,30.909428 ,45.424095 ,42.308432
112694,10632,32.417196 ,31.327800 ,32.125051 ,30.824929 ,30.444356 ,27.806478 ,29.378654 ,26.860488 ,38.792426 ,38.108461
127008,10573,46.277426 ,39.488530 ,45.883515 ,39.166477 ,43.613713 ,38.223785 ,40.382501 ,35.617299 ,52.056545 ,50.316101
20326,11192,61.514424 ,55.815042 ,61.412085 ,55.707961 ,58.757072 ,54.341001 ,53.328038 ,49.669401 ,68.365096 ,64.331370
85083,10577,45.380951 ,40.724320 ,44.850543 ,40.299379 ,42.694898 ,39.085925 ,40.482958 ,36.220131 ,50.755097 ,49.087238
91962,10569,43.986876 ,38.736916 ,42.974366 ,37.882612 ,41.293597 ,37.362444 ,39.726673 ,35.776673 ,48.496121 ,46.897138
99352,10126,3.456708 ,3.057578 ,3.239043 ,2.875946 ,3.023404 ,2.747671 ,2.970576 ,2.727522 ,3.694674 ,3.526881
113111,9958,15.156253 ,13.083513 ,18.186704 ,15.729410 ,14.993679 ,14.873532 ,13.972156 ,12.123698 ,16.508198 ,14.775388
127236,10858,50.838665 ,43.986949 ,50.079559 ,43.366680 ,47.897331 ,41.920289 ,44.809721 ,38.404696 ,55.850057 ,51.432557
20327,11170,33.453336 ,31.552790 ,34.474592 ,32.510578 ,32.834623 ,31.292260 ,30.205777 ,28.419067 ,37.918804 ,36.097738
85173,10069,2.935432 ,2.648752 ,2.953508 ,2.663994 ,2.806005 ,2.579750 ,2.621317 ,2.403421 ,3.453629 ,3.285140
92089,11104,46.780476 ,41.248574 ,46.709215 ,41.149201 ,44.780017 ,40.392652 ,41.057395 ,37.043165 ,54.189528 ,51.046664
99604,10633,61.456592 ,66.401016 ,61.413728 ,66.366262 ,58.687945 ,57.201379 ,52.593261 ,53.260119 ,64.822425 ,65.552240
114709,10275,52.200885 ,47.989971 ,51.859629 ,47.677428 ,49.970235 ,46.536218 ,46.638364 ,43.899015 ,57.920313 ,56.149750
127305,10152,3.867896 ,3.505171 ,3.708619 ,3.361842 ,3.510273 ,3.262109 ,3.341143 ,3.107495 ,3.975508 ,3.842152
20362,11149,69.804597 ,46.605784 ,65.609709 ,44.050588 ,46.198285 ,40.392775 ,47.419887 ,39.033248 ,57.485449 ,49.013408
92182,10905,61.679946 ,58.978683 ,61.628659 ,58.957560 ,59.272298 ,57.328824 ,54.996617 ,52.814170 ,66.077024 ,64.117783
99949,10326,57.257159 ,38.094572 ,55.632697 ,37.155115 ,40.769800 ,35.960127 ,40.069208 ,34.087823 ,49.764486 ,42.759690
114713,10107,4.948052 ,4.543522 ,4.838915 ,4.450549 ,4.624154 ,4.336058 ,4.413070 ,4.145740 ,5.363358 ,5.195900
127417,10576,43.419476 ,36.920500 ,42.773031 ,36.290432 ,40.379262 ,35.485446 ,38.081126 ,33.279832 ,47.889630 ,43.275081
20386,11188,40.608298 ,35.793830 ,40.758284 ,35.940078 ,38.418478 ,34.852561 ,35.298741 ,32.442354 ,44.705212 ,42.374122
85743,10974,54.804586 ,47.749177 ,54.323898 ,47.313770 ,50.986267 ,46.213385 ,47.567689 ,43.127629 ,61.682651 ,59.513824
92193,10642,53.247872 ,47.768526 ,52.659473 ,47.168507 ,50.752915 ,46.114198 ,46.385109 ,41.887688 ,58.551445 ,56.025356
99964,10105,3.737579 ,3.320179 ,3.713984 ,3.297606 ,3.548492 ,3.238813 ,3.238530 ,2.941791 ,3.964472 ,3.705856
114723,11256,75.008645 ,75.897281 ,74.452871 ,75.233419 ,70.516686 ,72.164792 ,68.210665 ,69.380085 ,76.745221 ,76.811995
127542,10115,6.427266 ,5.795838 ,6.356869 ,5.728758 ,6.130137 ,5.566861 ,5.645554 ,5.121207 ,6.867050 ,6.409893
20387,11165,51.667600 ,47.195350 ,50.553909 ,46.079798 ,45.704088 ,42.874242 ,45.044844 ,41.263107 ,59.337119 ,52.246046
85853,10103,5.492225 ,4.918551 ,5.408458 ,4.853515 ,5.151407 ,4.686746 ,4.882153 ,4.452057 ,6.075987 ,5.701868
92211,10435,55.279763 ,51.517027 ,54.634242 ,50.996633 ,52.632082 ,49.436640 ,49.799393 ,46.450945 ,61.755699 ,58.919575
114935,10916,68.896497 ,59.319840 ,68.898173 ,59.201553 ,65.734260 ,58.360271 ,59.817643 ,53.229996 ,74.618185 ,69.136296
127611,10445,57.719844 ,62.924392 ,56.274992 ,61.038079 ,51.696866 ,46.522411 ,49.150095 ,45.009434 ,58.813018 ,56.960791
20461,11193,53.308413 ,60.568140 ,53.024215 ,60.009787 ,45.214364 ,42.743047 ,42.607833 ,41.161325 ,55.624496 ,52.748921
86287,10083,,,,,,,,,,
92554,10133,4.704547 ,4.372526 ,4.698235 ,4.366189 ,4.523592 ,4.265428 ,4.229273 ,3.983761 ,5.145458 ,5.038181
114990,10096,4.064137 ,3.773868 ,3.961878 ,3.672445 ,3.820848 ,3.528995 ,3.588506 ,3.308004 ,4.323770 ,4.133489
128061,10153,3.596823 ,3.139361 ,3.631706 ,3.169574 ,3.470841 ,3.078298 ,3.158333 ,2.803497 ,3.854689 ,3.609262
20589,11245,61.271050 ,54.695690 ,61.403438 ,54.815990 ,58.124094 ,52.979070 ,52.176614 ,47.815717 ,65.322649 ,61.833380
86350,9955,4.370131 ,4.328514 ,4.373925 ,4.326909 ,4.147794 ,4.118494 ,3.906592 ,3.833207 ,4.853677 ,4.842025
92927,10417,36.693386 ,29.068145 ,36.514616 ,28.901355 ,34.389514 ,28.501398 ,32.406007 ,26.448753 ,41.456309 ,35.892850
115800,11253,35.428333 ,40.115342 ,35.269368 ,39.323956 ,32.099912 ,30.657000 ,29.795407 ,28.776574 ,37.923240 ,38.431051
128154,10572,69.876570 ,76.968524 ,69.307176 ,72.238663 ,67.129647 ,62.122469 ,61.454801 ,58.721502 ,78.326760 ,77.875541
20649,11287,53.915003 ,50.341688 ,53.922467 ,50.274985 ,51.047398 ,48.117514 ,47.134981 ,43.394279 ,56.357940 ,55.011669
86444,10076,4.551590 ,4.112216 ,4.448808 ,4.019987 ,4.285684 ,3.933779 ,4.091791 ,3.667595 ,5.167154 ,4.876856
93051,10149,6.427025 ,5.924036 ,6.288457 ,5.821198 ,6.049666 ,5.652641 ,5.673856 ,5.354487 ,7.475239 ,7.251632
102041,10603,42.776603 ,37.842872 ,42.480506 ,37.657210 ,40.673422 ,36.488715 ,38.606862 ,33.887942 ,49.642307 ,46.580048
116019,10078,4.209842 ,3.812856 ,4.179981 ,3.781379 ,3.976899 ,3.642114 ,3.760997 ,3.476560 ,4.767177 ,4.591932
129405,10136,5.371806 ,4.760635 ,5.331621 ,4.731343 ,5.121023 ,4.654527 ,4.745202 ,4.264634 ,5.861839 ,5.418837
20699,11303,-17.638708 ,-20.518593 ,-30.639098 ,-44.668950 ,-23.333344 ,-29.550937 ,19.674608 ,17.796597 ,11.467100 ,15.586632
86486,11196,48.980425 ,45.473180 ,48.614592 ,45.095240 ,46.410797 ,43.480275 ,44.584238 ,39.978335 ,57.231719 ,53.626593
93169,10113,5.990032 ,5.272422 ,5.992711 ,5.278998 ,5.724782 ,5.144286 ,5.264022 ,4.645449 ,6.678094 ,6.259396
103679,10110,4.732239 ,4.570235 ,4.681977 ,4.520419 ,4.495943 ,4.343812 ,4.127249 ,3.921588 ,5.305526 ,5.162181
116051,10098,6.159780 ,5.929922 ,6.130558 ,5.904885 ,5.851459 ,5.707569 ,5.376653 ,5.312449 ,7.033515 ,6.993661
129552,10976,24.117085 ,20.781248 ,23.884780 ,20.633543 ,22.829268 ,20.097327 ,21.649186 ,18.894562 ,27.253280 ,25.169222
20809,11307,767.434264 ,727.617153 ,929.603538 ,895.941756 ,976.469713 ,936.760688 ,767.021488 ,740.046946 ,853.919260 ,807.958658
86722,10885,45.882625 ,43.122109 ,45.652522 ,42.941018 ,43.745750 ,41.117131 ,41.704152 ,38.424529 ,58.163471 ,56.149957
104059,10762,44.361588 ,39.924393 ,44.194786 ,39.850796 ,42.318591 ,38.676700 ,41.878700 ,38.440143 ,51.226760 ,46.097168
116210,10102,32.240988 ,27.707712 ,31.739088 ,27.322717 ,28.176654 ,25.912713 ,28.283178 ,24.646711 ,34.246450 ,31.698927
129720,10607,40.703380 ,36.439647 ,40.625835 ,36.375906 ,38.565487 ,35.156168 ,36.140367 ,32.667858 ,47.197792 ,44.036699
20888,11364,66.061332 ,57.624070 ,65.772294 ,57.327061 ,63.074295 ,56.138417 ,59.305983 ,52.587196 ,77.390686 ,69.484860
86924,10035,3.890307 ,3.618040 ,3.882159 ,3.610365 ,3.715097 ,3.505778 ,3.464674 ,3.168177 ,4.174485 ,3.833360
93278,10148,3.491237 ,3.327810 ,3.489961 ,3.327611 ,3.360716 ,3.198718 ,3.108364 ,2.923447 ,3.858102 ,3.712374
104235,10585,37.443118 ,33.275321 ,36.202427 ,32.161811 ,34.200222 ,31.065208 ,32.801827 ,29.484302 ,42.300011 ,40.086254
116354,10643,63.329365 ,61.323739 ,61.519092 ,59.690544 ,58.411884 ,57.315895 ,56.516186 ,54.340534 ,70.896722 ,70.672116
129886,10787,57.186146 ,50.449139 ,56.157076 ,49.588436 ,51.567318 ,48.063712 ,48.601246 ,44.764057 ,65.315743 ,59.977536
20940,11401,18.435926 ,19.163472 ,17.698936 ,18.511856 ,17.392308 ,18.021648 ,32.231362 ,31.177411 ,37.756801 ,36.894267
86972,10876,58.026225 ,52.970705 ,55.568810 ,50.617977 ,52.316621 ,48.393200 ,51.544779 ,46.621960 ,67.320515 ,63.121540
93292,10145,4.847470 ,4.787194 ,4.824580 ,4.768440 ,4.535506 ,4.456097 ,4.259823 ,4.204369 ,5.297902 ,5.314057
104785,10779,56.415386 ,48.197029 ,55.278711 ,47.335488 ,52.695308 ,46.349089 ,49.640169 ,42.996287 ,64.216871 ,58.955233
116360,10097,40.598437 ,36.532485 ,41.268896 ,37.141135 ,39.417209 ,35.944300 ,34.166657 ,31.815427 ,41.904568 ,40.868304
129926,10111,5.096217 ,4.597479 ,5.044700 ,4.555491 ,4.827394 ,4.424103 ,4.460770 ,4.039011 ,5.788969 ,5.438425
20941,11403,66.468136 ,62.402599 ,66.105470 ,62.028590 ,59.114252 ,54.908231 ,55.158814 ,49.951284 ,69.013776 ,64.505653
87135,9969,4.918695 ,4.287825 ,4.926390 ,4.297065 ,4.713614 ,4.208473 ,4.158899 ,3.780475 ,5.163806 ,4.809481
93406,10138,4.736872 ,4.469865 ,4.718318 ,4.456100 ,4.537677 ,4.320568 ,4.126442 ,4.020355 ,4.980624 ,4.950021
105168,10761,35.161542 ,32.256967 ,34.636342 ,31.771150 ,33.355641 ,30.743613 ,32.015891 ,28.416774 ,41.255280 ,38.277677
117226,10074,5.007490 ,4.810263 ,4.876743 ,4.689763 ,4.702647 ,4.534522 ,4.525698 ,4.379716 ,5.393217 ,5.323213
130121,10786,40.557885 ,43.142810 ,39.882810 ,42.329921 ,38.054887 ,36.498070 ,35.953976 ,35.398122 ,42.938334 ,44.044328
20949,11422,41.930860 ,38.453428 ,41.415586 ,38.034016 ,39.844313 ,36.762929 ,37.519517 ,34.091417 ,48.189770 ,45.305208
87346,10597,33.204270 ,27.938708 ,32.987623 ,27.804222 ,31.455082 ,27.004637 ,29.880351 ,25.267677 ,39.170827 ,35.278234
93517,10932,41.518652 ,36.776112 ,41.113741 ,36.498317 ,39.181255 ,35.164191 ,36.572002 ,32.830149 ,48.161964 ,46.167116
105176,10571,47.352553 ,40.755736 ,47.405272 ,40.819657 ,45.347066 ,39.860223 ,42.066985 ,36.565615 ,53.768626 ,48.172901
117397,10582,39.306839 ,36.280305 ,39.286156 ,36.221538 ,36.939025 ,34.598053 ,34.884196 ,32.468343 ,44.668763 ,43.185107
130211,10106,4.939565 ,4.402109 ,4.925996 ,4.390217 ,4.761131 ,4.313421 ,4.451180 ,4.015199 ,5.800130 ,5.345232
20963,11414,54.069815 ,52.922014 ,52.594711 ,51.449844 ,49.436998 ,48.020999 ,47.220638 ,45.995816 ,57.960335 ,58.145667
87445,11153,66.832198 ,58.965883 ,65.972697 ,58.201378 ,58.793997 ,55.755188 ,55.431193 ,52.377551 ,72.723081 ,68.928867
93549,10474,43.747673 ,39.412720 ,42.694739 ,38.422900 ,41.154944 ,37.515698 ,38.681855 ,34.770409 ,50.043696 ,47.914527
105309,10776,52.196932 ,46.582073 ,51.911055 ,46.370064 ,49.890225 ,45.042786 ,45.542973 ,41.521988 ,57.794469 ,54.971227
118393,10094,26.441783 ,23.605326 ,29.066148 ,25.680630 ,25.632003 ,23.960827 ,24.097604 ,21.588031 ,28.227278 ,26.399384
130687,10385,55.064648 ,47.900383 ,54.554350 ,47.466482 ,53.169174 ,47.201766 ,50.063536 ,44.124884 ,62.125333 ,56.054957
20974,11415,9.278933 ,9.036477 ,8.940917 ,8.720941 ,0.951926 ,0.863748 ,27.048818 ,32.531334 ,20.057780 ,27.240415
87457,10081,-8.196702 ,-7.468954 ,-11.835658 ,-10.649587 ,-10.267196 ,-9.688084 ,4.730111 ,3.491551 ,3.992825 ,3.215016
93723,10956,4.841909 ,6.898656 ,4.520810 ,6.519763 ,4.555861 ,6.030718 ,16.357259 ,14.724016 ,17.373723 ,15.147292
105767,10708,46.906992 ,43.296571 ,46.132288 ,42.763299 ,44.412546 ,41.746647 ,41.602392 ,38.890975 ,51.889141 ,50.471009
118864,10127,6.779422 ,6.224428 ,6.736917 ,6.178678 ,6.484405 ,6.018108 ,6.021808 ,5.478027 ,7.589046 ,7.293936
130759,10137,5.710203 ,4.909213 ,5.701098 ,4.904891 ,5.470904 ,4.768346 ,5.034900 ,4.397658 ,6.097652 ,5.530513
20981,11462,19.587580 ,16.476933 ,19.503015 ,16.540635 ,17.381054 ,16.409523 ,15.885121 ,14.693717 ,20.120844 ,19.655549
87538,9942,4.710289 ,4.184689 ,4.669797 ,4.152071 ,4.492536 ,4.082722 ,4.284482 ,3.873646 ,5.630561 ,5.091406
93734,10092,4.389157 ,4.220654 ,4.239300 ,4.079073 ,4.041247 ,3.874459 ,3.903835 ,3.719945 ,4.978575 ,4.856714
105860,10641,48.837581 ,43.807559 ,48.680705 ,43.687727 ,46.941338 ,42.270470 ,43.179934 ,37.742342 ,57.657154 ,54.988922
119302,10122,4.124434 ,3.576369 ,4.078638 ,3.543512 ,3.811422 ,3.453575 ,3.513586 ,3.206789 ,4.253318 ,4.148514
131224,10434,38.570734 ,39.061668 ,37.192764 ,37.718552 ,35.682878 ,33.377746 ,34.897671 ,32.262037 ,44.189665 ,44.023538
21016,11431,62.511001 ,58.770386 ,61.460344 ,57.682793 ,57.047210 ,54.476528 ,56.783455 ,52.749921 ,73.080807 ,70.986936
87563,10329,53.967075 ,49.469084 ,52.922676 ,48.664958 ,50.621587 ,46.905374 ,48.549903 ,44.370639 ,62.518001 ,61.251556
93787,10163,6.239697 ,5.674520 ,6.173488 ,5.617933 ,5.845803 ,5.434586 ,5.498458 ,5.091282 ,7.028157 ,6.628089
105979,10067,5.332482 ,4.926630 ,5.295469 ,4.898953 ,5.116865 ,4.754018 ,4.762809 ,4.368188 ,5.954293 ,5.484815
119791,10082,5.471043 ,5.166088 ,5.466516 ,5.149124 ,5.242847 ,4.926904 ,4.832245 ,4.453845 ,5.866516 ,5.618632
131867,10669,51.459706 ,46.160646 ,51.266271 ,45.944978 ,48.486746 ,44.385118 ,46.346681 ,41.832973 ,61.191238 ,59.070652
21056,11447,48.736567 ,46.685401 ,48.587202 ,46.522690 ,45.863053 ,44.251703 ,43.794385 ,41.927668 ,53.959750 ,52.378815
87601,10595,44.316200 ,39.830606 ,44.015436 ,39.489260 ,41.918478 ,38.338079 ,39.617339 ,36.071004 ,51.261829 ,48.787660
93856,10352,55.175140 ,52.035375 ,54.137682 ,50.929508 ,51.776412 ,49.114297 ,49.119520 ,45.359490 ,59.445827 ,56.697365
106039,10626,47.261669 ,40.804995 ,46.462692 ,40.123993 ,42.462580 ,39.068600 ,41.246696 ,37.089505 ,54.710748 ,50.025657
120217,10702,42.045957 ,38.529642 ,41.592498 ,38.183797 ,40.007976 ,36.269874 ,37.489917 ,33.228026 ,49.252386 ,46.189610
132179,10780,43.953638 ,39.805189 ,43.873434 ,39.685983 ,40.915511 ,37.784928 ,38.401651 ,35.581798 ,47.823614 ,46.249105
21059,11445,52.494112 ,50.173785 ,52.150522 ,49.878520 ,52.466021 ,50.586694 ,46.511557 ,45.077916 ,56.044757 ,54.547745
87646,10496,50.325361 ,46.091680 ,49.463562 ,45.311123 ,47.045906 ,43.967249 ,44.278113 ,40.911499 ,56.311064 ,53.663572
94276,10957,44.825733 ,40.511854 ,43.709070 ,39.477431 ,42.099172 ,38.269949 ,40.268331 ,35.487110 ,52.408939 ,48.262516
120562,10666,,,,,,,,,,
132224,10151,5.340546 ,4.588525 ,5.343497 ,4.595089 ,5.048107 ,4.467354 ,4.838079 ,4.162060 ,6.108750 ,5.474389
21085,11456,50.383955 ,47.499791 ,50.132012 ,47.226921 ,48.100881 ,45.572519 ,44.816012 ,41.429612 ,59.415591 ,56.550985
87804,10026,5.558987 ,5.094185 ,5.500712 ,5.037014 ,5.193763 ,4.857066 ,4.854388 ,4.482848 ,6.070090 ,5.845139
94492,11251,28.039522 ,25.781030 ,28.038816 ,25.770002 ,26.639270 ,24.772385 ,24.986457 ,22.839693 ,31.861432 ,29.987775
106246,10593,48.000463 ,44.547241 ,48.028934 ,44.554558 ,46.043376 ,42.996095 ,43.503956 ,39.767885 ,59.443826 ,56.117025
121001,10494,45.217629 ,40.256259 ,44.985778 ,40.039417 ,43.140465 ,38.945078 ,40.198478 ,36.179607 ,54.081802 ,50.730320
132657,10616,55.446743 ,50.113136 ,55.413256 ,50.114578 ,50.371778 ,46.706212 ,48.044383 ,43.610003 ,64.139796 ,60.279863
80557,10863,59.350555 ,54.009006 ,59.045015 ,53.746351 ,56.870452 ,52.732716 ,52.687828 ,48.200393 ,64.324565 ,59.648662
87990,9995,3.842542 ,3.465427 ,3.727940 ,3.358436 ,3.527043 ,3.233247 ,3.279153 ,3.045678 ,3.819894 ,3.600228
94848,10121,3.988373 ,3.650639 ,3.911014 ,3.574913 ,3.734244 ,3.460536 ,3.532210 ,3.270433 ,4.362363 ,4.047734
106331,10587,42.039618 ,32.611442 ,41.236346 ,32.188357 ,35.388234 ,31.401659 ,34.526065 ,29.196223 ,46.600844 ,41.453418
121050,10890,64.522595 ,65.525223 ,63.076133 ,63.997027 ,59.585059 ,57.450416 ,57.540698 ,56.507258 ,75.041316 ,71.532390
133220,10792,3.335820 ,2.361587 ,3.273981 ,2.324330 ,0.261097 ,0.206894 ,15.965287 ,18.855124 ,11.695772 ,11.583051
80688,10982,51.632781 ,47.539997 ,51.668981 ,47.606646 ,49.333596 ,46.199401 ,44.320722 ,41.996552 ,57.155903 ,55.802692
88209,10057,5.972886 ,5.358830 ,5.739969 ,5.165339 ,5.413074 ,4.975135 ,5.207543 ,4.716722 ,6.632858 ,6.225449
95015,10380,62.960176 ,57.430040 ,62.658145 ,57.143902 ,59.440377 ,55.033915 ,55.675900 ,50.180174 ,69.587077 ,64.754108
106802,10856,56.203115 ,51.252871 ,56.211524 ,51.256508 ,53.944840 ,49.929689 ,50.422533 ,46.335779 ,64.782674 ,62.366702
121085,10015,4.441093 ,4.091921 ,4.310324 ,3.957262 ,4.149330 ,3.804744 ,3.915194 ,3.519572 ,4.843411 ,4.531732
139272,10109,5.137285 ,4.739298 ,5.097786 ,4.707339 ,4.889965 ,4.581157 ,4.477076 ,4.212816 ,5.532526 ,5.375096
81725,10356,101.980294 ,95.242097 ,101.781149 ,95.140611 ,97.566869 ,92.320401 ,89.953717 ,84.139987 ,114.225211 ,109.821318
88402,10679,47.142993 ,43.999784 ,46.177658 ,43.199825 ,43.724588 ,41.138865 ,41.735058 ,38.781475 ,52.811954 ,50.348555
95057,10778,50.315542 ,44.026465 ,50.998272 ,44.440714 ,46.172369 ,43.033913 ,41.749354 ,38.711730 ,53.792317 ,49.629191
106880,10302,49.336074 ,46.678655 ,48.365912 ,45.724741 ,46.691676 ,44.368663 ,44.353893 ,41.559650 ,53.656812 ,52.497760
121407,10619,62.371057 ,57.880543 ,62.177913 ,57.725674 ,59.799900 ,56.103391 ,56.123958 ,51.836932 ,71.925949 ,67.478931
19977,10781,70.086625 ,64.895367 ,68.523446 ,63.460564 ,65.368782 ,61.718018 ,62.298137 ,58.253786 ,79.648767 ,76.147185
81760,10132,4.843355 ,4.493752 ,4.796053 ,4.447584 ,4.606451 ,4.284277 ,4.293281 ,3.992183 ,5.344310 ,5.201654
88589,10975,51.162323 ,43.001739 ,50.911119 ,42.783806 ,48.816863 ,41.970209 ,44.980183 ,38.006605 ,58.990258 ,54.202863
95116,10891,51.819731 ,47.391881 ,51.802178 ,47.379450 ,48.420299 ,46.214481 ,45.412620 ,42.717647 ,56.638608 ,53.118717
107055,11231,41.281486 ,40.186396 ,40.727288 ,39.579602 ,36.668423 ,35.011284 ,35.105362 ,34.008821 ,43.861322 ,42.391455
121670,10158,4.624529 ,4.034156 ,4.599798 ,4.010390 ,4.356131 ,3.916558 ,3.941393 ,3.539041 ,4.716383 ,4.422768
19981,10852,52.575623 ,49.619080 ,52.154254 ,49.130960 ,50.437051 ,47.912694 ,48.004280 ,45.148980 ,64.719326 ,60.885722
82051,9947,4.746033 ,4.525698 ,4.662511 ,4.456939 ,4.422334 ,4.240670 ,4.193043 ,3.956468 ,5.250453 ,5.047840
88608,10165,6.122698 ,5.708254 ,6.129913 ,5.716407 ,5.891847 ,5.503251 ,5.365575 ,4.917831 ,6.696505 ,6.347158
95460,10586,47.447327 ,42.524263 ,46.750139 ,41.971636 ,45.072896 ,41.072778 ,42.301524 ,38.220530 ,53.255906 ,51.626034
108202,10740,45.240035 ,44.369241 ,44.537307 ,43.603279 ,41.141323 ,39.033718 ,38.912078 ,36.466847 ,47.304192 ,46.803006
122522,10540,58.516249 ,52.829265 ,56.334043 ,50.755483 ,52.415200 ,48.461392 ,51.400268 ,47.555809 ,66.892698 ,63.807561
20011,10846,56.777533 ,45.971153 ,56.412023 ,45.662818 ,47.549002 ,44.030885 ,45.386428 ,41.010520 ,57.848583 ,51.653201
82492,10046,3.871404 ,3.412986 ,3.816209 ,3.374571 ,3.557421 ,3.268386 ,3.275521 ,3.002300 ,4.144679 ,3.951479
88760,11150,58.937192 ,53.233934 ,59.106851 ,53.437068 ,56.809079 ,52.198673 ,52.171966 ,47.608661 ,65.609656 ,62.517918
96659,10362,84.390616 ,69.871332 ,80.828606 ,66.818392 ,62.194252 ,53.682238 ,63.102006 ,54.156580 ,90.118694 ,76.201727
109521,10682,49.502063 ,45.330629 ,48.020606 ,44.179057 ,46.848266 ,43.690306 ,43.102758 ,40.244390 ,51.384227 ,49.390467
122528,10697,38.114257 ,34.770664 ,38.182215 ,34.845400 ,36.752960 ,33.919210 ,33.068626 ,31.052595 ,42.466097 ,38.803530
20017,10922,46.805420 ,45.857943 ,46.296385 ,45.263125 ,42.740570 ,41.597414 ,38.879499 ,38.757715 ,47.004569 ,47.108451
82790,10059,3.904421 ,3.636200 ,3.835554 ,3.574305 ,3.673392 ,3.467803 ,3.444277 ,3.234624 ,4.292439 ,4.217436
88770,10376,42.435307 ,39.843714 ,41.455456 ,38.858527 ,39.209318 ,37.607795 ,37.252655 ,35.628472 ,44.005587 ,42.074395
97092,10279,49.592164 ,46.711821 ,49.618883 ,46.788671 ,46.867994 ,42.846510 ,44.296481 ,39.904057 ,56.851463 ,52.518542
109646,10608,38.454613 ,33.677707 ,37.518934 ,32.831870 ,35.648323 ,31.777707 ,34.769356 ,30.211585 ,45.747492 ,42.454772
122801,10670,48.645984 ,44.120919 ,48.579407 ,44.058817 ,46.914751 ,42.754247 ,44.591282 ,40.057957 ,58.184910 ,55.194021
20120,10939,58.604042 ,45.012052 ,58.405004 ,45.119063 ,47.573339 ,43.534819 ,45.556567 ,40.030598 ,60.335632 ,53.071309
83010,10101,5.051720 ,4.419922 ,4.971794 ,4.351111 ,4.607531 ,4.192305 ,4.309031 ,3.943345 ,5.573056 ,5.281146
88773,10758,,,,,,,,,,
97271,10366,56.888028 ,48.178704 ,56.478311 ,47.798133 ,49.795946 ,46.650740 ,46.731140 ,42.842336 ,60.086022 ,55.368297
109735,10671,54.169063 ,52.510918 ,53.277309 ,51.699672 ,50.750488 ,49.675445 ,47.567770 ,46.625026 ,55.552681 ,55.180928
122916,10114,4.635712 ,4.365196 ,4.616420 ,4.349984 ,4.465803 ,4.251351 ,4.118837 ,3.934982 ,5.248058 ,5.130349
20151,10947,66.488455 ,44.936321 ,64.152223 ,44.032213 ,45.140322 ,41.878944 ,42.018621 ,38.297174 ,53.727742 ,51.230756
83372,11230,43.567165 ,36.514739 ,43.441855 ,36.424705 ,41.331360 ,35.412302 ,39.303544 ,33.258883 ,50.629541 ,44.380563
89279,10816,47.587796 ,41.313375 ,46.394089 ,40.284290 ,43.422975 ,38.519393 ,41.086926 ,36.328013 ,53.717394 ,49.450103
97485,10402,55.007149 ,52.370289 ,54.486641 ,51.635153 ,52.490682 ,49.974877 ,49.180449 ,46.631511 ,57.668712 ,57.827308
110168,10095,5.439989 ,4.974436 ,5.497757 ,5.066415 ,5.290564 ,4.851191 ,4.771930 ,4.372988 ,5.846289 ,5.676868
125511,10565,51.792442 ,47.361713 ,50.594956 ,46.367605 ,48.384733 ,45.271605 ,44.776597 ,42.578727 ,56.286238 ,54.587795
20153,10963,62.298058 ,40.806692 ,63.180694 ,41.016288 ,41.162594 ,36.764091 ,38.977360 ,33.728238 ,49.550175 ,44.047045
83454,10161,4.161213 ,4.045648 ,4.091178 ,3.973291 ,3.870770 ,3.769630 ,3.669220 ,3.513344 ,4.517905 ,4.416978
89377,10624,40.172771 ,36.004664 ,39.708834 ,35.640385 ,37.632628 ,34.384815 ,36.063928 ,32.313189 ,47.373830 ,45.231230
97994,10584,55.332691 ,50.614479 ,55.265772 ,50.513723 ,52.237585 ,49.032202 ,49.390349 ,46.301155 ,66.686596 ,62.644858
110354,10910,77.683330 ,75.759765 ,76.835563 ,74.800733 ,73.038624 ,71.857883 ,68.961226 ,67.004492 ,87.856808 ,87.952303
125535,10150,3.817172 ,3.466534 ,3.796092 ,3.446693 ,3.622833 ,3.319237 ,3.428239 ,3.139659 ,4.278639 ,4.162067
20189,10988,46.569178 ,43.834994 ,46.385767 ,43.684945 ,44.304701 ,41.827246 ,40.769888 ,38.485995 ,51.996432 ,51.326128
83835,10777,41.145417 ,36.486902 ,41.125985 ,36.425186 ,39.167072 ,35.533690 ,36.307061 ,32.474363 ,43.742270 ,40.885326
90021,10830,47.847185 ,41.941493 ,47.617101 ,41.756765 ,46.024329 ,40.890970 ,44.827036 ,39.373333 ,55.084720 ,50.712826
98314,10120,4.755998 ,4.034503 ,4.716885 ,4.003184 ,4.504308 ,3.931826 ,4.246747 ,3.659495 ,5.414487 ,4.849264
110828,10134,6.092808 ,5.440221 ,6.034361 ,5.391704 ,5.779873 ,5.242590 ,5.345641 ,4.836123 ,6.498802 ,6.105243
125554,10058,4.887698 ,4.563443 ,4.760087 ,4.453842 ,4.511560 ,4.254690 ,4.251466 ,3.949766 ,5.146879 ,4.887726
20197,10999,74.217028 ,65.402263 ,73.844618 ,65.112116 ,69.667381 ,63.161425 ,65.553858 ,58.470427 ,86.267109 ,81.959482
83999,10099,3.864344 ,3.351936 ,3.813208 ,3.303705 ,3.614674 ,3.214603 ,3.454089 ,3.033629 ,4.505756 ,4.071772
90060,10180,3.215743 ,2.897982 ,3.176126 ,2.857623 ,3.038916 ,2.784317 ,2.805366 ,2.585387 ,3.645629 ,3.460480
98394,10025,5.259604 ,5.152376 ,5.153424 ,5.046413 ,4.912009 ,4.844427 ,4.724277 ,4.643984 ,5.635618 ,5.606070
112028,11225,63.039484 ,59.353693 ,62.064655 ,58.530941 ,59.410941 ,56.807783 ,55.837321 ,52.866437 ,69.974930 ,67.521533
126176,10625,54.668725 ,48.371840 ,54.670917 ,48.360726 ,51.517406 ,47.004771 ,48.574426 ,43.502187 ,62.311962 ,57.025258
20247,11123,53.869811 ,48.949944 ,53.380820 ,48.511571 ,50.382695 ,45.874226 ,47.505444 ,42.374466 ,66.256462 ,62.050390
84103,9970,3.361501 ,3.015666 ,3.287033 ,2.945012 ,3.142501 ,2.854289 ,2.959625 ,2.720434 ,3.954596 ,3.692853
90077,10627,44.217266 ,38.323733 ,44.170960 ,38.258742 ,41.804475 ,37.141421 ,38.402124 ,34.379933 ,47.781560 ,44.675864
98422,11250,29.224471 ,26.961585 ,28.615199 ,26.367852 ,27.365702 ,25.416907 ,26.160380 ,24.048350 ,34.332809 ,33.310067
112061,10056,4.356655 ,4.084232 ,4.331761 ,4.055233 ,4.126915 ,3.880473 ,3.772610 ,3.572031 ,4.824914 ,4.588656
126389,10855,65.806200 ,53.588773 ,63.729779 ,52.003136 ,60.089209 ,50.603355 ,57.492537 ,48.063600 ,75.323674 ,66.658812
20313,11136,58.445047 ,64.533358 ,58.349287 ,64.291375 ,51.216626 ,50.357649 ,47.146547 ,47.276981 ,59.262972 ,59.396836
84354,10315,41.158327 ,35.835467 ,39.199943 ,34.392488 ,37.041304 ,33.367963 ,36.472117 ,32.348979 ,42.667752 ,39.047134
90262,10131,4.251521 ,3.912507 ,4.246250 ,3.908926 ,4.058966 ,3.740065 ,3.774998 ,3.414254 ,4.876320 ,4.623152
98535,11254,36.770105 ,33.691226 ,36.643015 ,33.599485 ,34.879644 ,32.074418 ,32.778373 ,29.557845 ,42.870460 ,40.998344
112126,9968,4.084196 ,3.767128 ,3.968721 ,3.661616 ,3.868267 ,3.626090 ,3.573758 ,3.313466 ,4.251885 ,4.026098
126554,10580,33.699280 ,30.154440 ,32.010909 ,28.770062 ,30.159958 ,27.782073 ,29.498904 ,27.050342 ,39.093373 ,36.404174
20320,11108,47.728156 ,45.890895 ,47.365158 ,45.473966 ,45.878958 ,42.151262 ,42.567134 ,39.136778 ,53.226538 ,51.453163
84688,10471,45.334209 ,41.109646 ,45.039292 ,40.738432 ,42.890392 ,39.729803 ,39.259326 ,36.422860 ,46.969596 ,44.072513
90281,10147,3.023673 ,2.901569 ,2.999877 ,2.873839 ,2.838900 ,2.702832 ,2.698868 ,2.536178 ,3.378845 ,3.282929
98567,10554,66.333849 ,60.119354 ,66.357669 ,60.160646 ,63.465938 ,58.130310 ,59.451860 ,53.162150 ,74.535121 ,68.762318
112249,10594,36.703061 ,36.982807 ,36.084151 ,36.206934 ,34.208362 ,32.961766 ,32.411882 ,31.575230 ,40.631227 ,39.454307
126903,10112,4.837081 ,4.489044 ,4.808193 ,4.460257 ,4.593297 ,4.314747 ,4.294285 ,4.066124 ,5.666666 ,5.534912
20322,11139,76.775745 ,64.169433 ,75.750122 ,63.306851 ,72.212874 ,62.020221 ,68.833362 ,58.212020 ,89.989336 ,81.932102
84761,10278,33.002853 ,28.124626 ,32.771193 ,27.936531 ,30.789036 ,27.065423 ,28.429902 ,25.170336 ,36.550730 ,32.976697
91717,10878,34.717164 ,31.444856 ,35.282137 ,32.081945 ,34.110144 ,31.145631 ,31.302505 ,28.497236 ,39.089632 ,36.694551
98831,10084,4.516010 ,4.281057 ,4.383066 ,4.159780 ,4.179039 ,4.011352 ,3.894821 ,3.765477 ,5.323128 ,5.334929
112332,10640,20.973534 ,20.956343 ,20.655064 ,20.629568 ,19.521769 ,19.490105 ,18.833933 ,18.612379 ,23.392851 ,23.524365
126921,11262,48.084632 ,44.993363 ,47.977969 ,44.853848 ,46.282010 ,43.428918 ,43.383809 ,40.090895 ,58.191744 ,56.554187
20325,11128,38.816527 ,34.370709 ,38.444528 ,34.050056 ,36.567789 ,32.846903 ,33.927877 ,29.894521 ,43.529047 ,39.217843
84973,10075,4.318440 ,3.824047 ,4.302659 ,3.808343 ,4.111167 ,3.696196 ,3.778066 ,3.472194 ,4.618712 ,4.302965
91919,10117,5.161445 ,4.764297 ,5.129852 ,4.738747 ,4.889785 ,4.585729 ,4.584410 ,4.288633 ,5.845729 ,5.569041
98871,10717,40.035174 ,34.931953 ,39.528498 ,34.456387 ,37.790498 ,33.525143 ,35.911424 ,31.320689 ,45.283226 ,42.543904
112694,10632,32.450990 ,31.473798 ,32.134706 ,30.979604 ,30.371875 ,28.013845 ,29.220781 ,27.002546 ,39.063561 ,38.207918
127008,10573,46.247097 ,39.942527 ,45.841188 ,39.617474 ,43.508229 ,38.603251 ,40.356307 ,35.992699 ,51.954897 ,50.332092
20326,11192,61.677852 ,56.237133 ,61.573560 ,56.127293 ,58.901491 ,54.682059 ,53.344312 ,49.988228 ,68.573653 ,64.645186
85083,10577,45.423308 ,41.265983 ,44.901308 ,40.835930 ,42.729521 ,39.514970 ,40.514859 ,36.660294 ,50.928878 ,49.373460
91962,10569,43.957219 ,39.090166 ,42.926658 ,38.213813 ,41.139116 ,37.641523 ,39.639281 ,36.066711 ,48.430649 ,46.805719
99352,10126,3.472358 ,3.095631 ,3.253764 ,2.911026 ,3.024624 ,2.772646 ,2.972385 ,2.747794 ,3.696197 ,3.537451
113111,9958,15.246450 ,13.235713 ,18.274324 ,15.894580 ,15.033236 ,14.897782 ,13.931668 ,12.265708 ,16.530536 ,14.883284
127236,10858,50.777677 ,44.301419 ,50.023376 ,43.671841 ,47.809067 ,42.192422 ,44.626642 ,38.686602 ,55.654511 ,51.547256
20327,11170,33.507920 ,31.997650 ,34.586106 ,32.954678 ,32.843056 ,31.635008 ,30.140426 ,28.773129 ,37.866503 ,36.553826
85173,10069,2.966205 ,2.692976 ,2.986064 ,2.709080 ,2.835477 ,2.615272 ,2.639115 ,2.434919 ,3.509671 ,3.327327
92089,11104,46.901374 ,41.695921 ,46.826435 ,41.596763 ,44.882289 ,40.769514 ,41.077358 ,37.388153 ,54.504302 ,51.339687
99604,10633,62.116775 ,66.005076 ,62.076208 ,65.970084 ,58.777796 ,57.276710 ,52.709422 ,53.174687 ,64.823109 ,65.357649
114709,10275,52.493571 ,48.239692 ,52.147301 ,47.927671 ,50.146633 ,46.733666 ,47.022184 ,44.150924 ,58.406293 ,56.300732
127305,10152,3.881891 ,3.528116 ,3.720873 ,3.383361 ,3.513112 ,3.272662 ,3.332705 ,3.116562 ,3.986596 ,3.845236
20362,11149,70.457824 ,48.117847 ,66.281650 ,45.489751 ,45.646730 ,40.819649 ,46.689832 ,39.608746 ,56.781337 ,49.561867
92182,10905,61.713610 ,59.304289 ,61.662891 ,59.276206 ,59.243364 ,57.558247 ,54.800482 ,52.997049 ,66.166277 ,64.277175
99949,10326,56.238382 ,39.231146 ,54.663740 ,38.246190 ,41.073667 ,36.315734 ,40.291670 ,34.535129 ,49.921855 ,43.383665
114713,10107,4.952409 ,4.580875 ,4.842327 ,4.486197 ,4.620247 ,4.363202 ,4.408652 ,4.178006 ,5.381605 ,5.231569
127417,10576,43.184133 ,37.627336 ,42.555148 ,36.990502 ,40.249631 ,36.025453 ,38.023217 ,33.801353 ,47.794901 ,43.799295
20386,11188,40.818734 ,36.256986 ,40.969027 ,36.408329 ,38.591577 ,35.227071 ,35.483702 ,32.783864 ,45.094635 ,42.690898
85743,10974,54.897325 ,48.364984 ,54.416259 ,47.913900 ,51.082960 ,46.699906 ,47.756203 ,43.549208 ,62.126588 ,59.778247
92193,10642,54.041653 ,48.493869 ,53.432821 ,47.887776 ,51.398852 ,46.699292 ,46.745788 ,42.382648 ,58.951438 ,56.403151
99964,10105,3.757575 ,3.361348 ,3.733777 ,3.338556 ,3.579929 ,3.273114 ,3.264330 ,2.975380 ,4.003838 ,3.737046
114723,11256,75.257772 ,75.972048 ,74.682229 ,75.312029 ,70.818490 ,72.148396 ,68.606309 ,69.430702 ,76.951253 ,76.977981
127542,10115,6.501208 ,5.849291 ,6.429477 ,5.781642 ,6.183434 ,5.611213 ,5.682871 ,5.158180 ,6.919067 ,6.436912
20387,11165,52.687174 ,47.708420 ,51.531221 ,46.589520 ,45.813220 ,43.202719 ,45.291244 ,41.629679 ,59.396835 ,53.297331
85853,10103,5.511928 ,4.986328 ,5.429887 ,4.921002 ,5.161569 ,4.742418 ,4.879106 ,4.498747 ,6.125675 ,5.739752
92211,10435,55.315274 ,52.025832 ,54.661895 ,51.497387 ,52.609032 ,49.826416 ,49.749713 ,46.858794 ,61.671608 ,59.370450
114935,10916,68.847395 ,59.865307 ,68.845322 ,59.750937 ,65.690519 ,58.824003 ,59.888394 ,53.603264 ,74.592642 ,69.178853
127611,10445,59.820048 ,62.464100 ,58.266464 ,60.607883 ,51.455056 ,46.900776 ,49.259273 ,45.252778 ,59.341508 ,56.966170
20461,11193,54.021728 ,59.988165 ,53.679110 ,59.444596 ,45.537920 ,42.880001 ,43.040914 ,41.249749 ,56.226903 ,53.271618
86287,10083,,,,,,,,,,
92554,10133,4.733884 ,4.413999 ,4.728101 ,4.407317 ,4.540683 ,4.296494 ,4.239262 ,4.012128 ,5.199990 ,5.073747
114990,10096,4.085722 ,3.815230 ,3.981438 ,3.712824 ,3.835646 ,3.562346 ,3.606083 ,3.342607 ,4.346438 ,4.162186
128061,10153,3.650908 ,3.170883 ,3.685516 ,3.200682 ,3.521416 ,3.104662 ,3.197616 ,2.823068 ,3.888916 ,3.622909
20589,11245,61.149588 ,55.466440 ,61.276200 ,55.589050 ,58.102376 ,53.576626 ,52.288466 ,48.268270 ,65.481596 ,62.272133
86350,9955,4.427231 ,4.352615 ,4.430934 ,4.351254 ,4.191090 ,4.139983 ,3.942266 ,3.851891 ,4.903987 ,4.855306
92927,10417,36.527712 ,29.751041 ,36.334510 ,29.582151 ,34.113632 ,29.030271 ,32.214823 ,27.015153 ,41.747500 ,36.415021
115800,11253,35.512697 ,40.321190 ,35.365597 ,39.498475 ,32.072026 ,30.717006 ,29.575989 ,28.914723 ,37.774780 ,38.608687
128154,10572,72.150046 ,80.560705 ,70.956627 ,75.073241 ,67.393399 ,62.850702 ,62.276994 ,60.011739 ,79.916622 ,78.976103
20649,11287,53.811675 ,50.697276 ,53.814391 ,50.632921 ,50.922792 ,48.377966 ,46.999921 ,43.828115 ,56.356501 ,55.265848
86444,10076,4.568559 ,4.135168 ,4.467609 ,4.042536 ,4.305876 ,3.953216 ,4.095981 ,3.689899 ,5.183795 ,4.896950
93051,10149,6.457569 ,5.973894 ,6.319101 ,5.869380 ,6.072572 ,5.690749 ,5.702181 ,5.385208 ,7.503584 ,7.281065
