01007,10R
01008,10R
01013,10R
01014,10R
01015,10R
01016,10R
01017,10R
01020,10R
01021,10R
01022,10R
01023,10R
01025,10R
01031,10R
01032,10R
01039,10R
01044,10R
01054,10R
01055,10R
01059,10R
01064,10R
01065,10R
01077,10R
01078,10R
01090,10R
01112,10R
01113,10R
01144,10R
01149,10R
01150,10R
01151,10R
01166,10R
01169,10R
01187,10R
01198,10R
01208,10R
01211,10R
01239,10R
01240,10R
01278,10R
01279,10R
01280,10R
01281,10R
01282,10R
01283,10R
01284,10R
01285,10R
01286,10R
01287,10R
01288,10R
01317,10R
01322,10R
01323,10R
01324,10R
01325,10R
01326,10R
01335,10R
01336,10R
01382,10R
01383,10R
01384,10R
01415,10R
01417,10R
01418,10R
01420,10R
01423,10R
01456,10R
01505,10R
01507,10R
01508,10R
01509,10R
01512,10R
01537,10R
01545,10R
01558,10R
01569,10R
01577,10R
01578,10R
01591,10R
01592,10R
01599,10R
01600,10R
01615,10R
01616,10R
01629,10R
01648,10R
01657,10R
01658,10R
01663,10R
01686,10R
01693,10R
01705,10R
01706,10R
01717,10R
01719,10R
01729,10R
01730,10R
01747,10R
01751,10R
01754,10R
01755,10R
01760,10R
01764,10R
01765,10R
01766,10R
01767,10R
01768,10R
01777,10R
01778,10R
01790,10R
01797,10R
01798,10R
01841,10R
01842,10R
01870,10R
01871,10R
01872,10R
01875,10R
01876,10R
01878,10R
01884,10R
01888,10R
01896,10R
01915,10R
01940,10R
01199,202
01258,202
01522,202