,Datasets,compute time(hrs),modality
0,NKI,3.6344444444444446,anat
2,NKI,4.6625,anat
3,NKI,3.85,anat
5,NKI,3.7172222222222224,anat
6,NKI,4.505833333333333,anat
7,NKI,4.577222222222222,anat
8,NKI,3.7880555555555557,anat
9,NKI,4.52,anat
10,NKI,4.042777777777777,anat
11,NKI,3.778888888888889,anat
12,NKI,3.7330555555555556,anat
13,NKI,4.6241666666666665,anat
14,NKI,4.5633333333333335,anat
16,NKI,3.9052777777777776,anat
17,NKI,3.7244444444444444,anat
19,NKI,3.7527777777777778,anat
20,NKI,4.565,anat
21,NKI,3.6430555555555557,anat
22,NKI,4.679444444444444,anat
23,NKI,4.781944444444444,anat
25,NKI,3.5458333333333334,anat
26,NKI,4.643055555555556,anat
28,NKI,3.7933333333333334,anat
29,NKI,3.811111111111111,anat
30,NKI,3.658888888888889,anat
31,NKI,4.583055555555555,anat
32,NKI,4.728888888888889,anat
33,NKI,4.5936111111111115,anat
35,NKI,4.5969444444444445,anat
36,NKI,3.6269444444444443,anat
37,NKI,4.526111111111111,anat
38,NKI,4.4825,anat
41,NKI,3.8091666666666666,anat
42,NKI,3.7483333333333335,anat
43,NKI,4.645833333333333,anat
46,NKI,3.8072222222222223,anat
47,NKI,4.642777777777778,anat
48,NKI,4.523333333333333,anat
50,NKI,4.664722222222222,anat
51,NKI,3.6016666666666666,anat
52,NKI,3.6975,anat
55,NKI,4.641388888888889,anat
56,NKI,4.5808333333333335,anat
57,NKI,4.57,anat
58,NKI,4.683055555555556,anat
59,NKI,4.6305555555555555,anat
60,NKI,4.6175,anat
61,NKI,4.566388888888889,anat
62,NKI,4.56,anat
65,NKI,3.7283333333333335,anat
66,NKI,4.5325,anat
69,NKI,4.612222222222222,anat
70,NKI,4.623333333333333,anat
71,NKI,4.575277777777778,anat
72,NKI,4.571666666666666,anat
74,NKI,4.641666666666667,anat
75,NKI,3.6330555555555555,anat
76,NKI,3.7047222222222222,anat
77,NKI,4.580277777777778,anat
79,NKI,4.661388888888889,anat
80,NKI,4.585277777777778,anat
81,NKI,4.530555555555556,anat
82,NKI,4.5344444444444445,anat
85,NKI,3.5677777777777777,anat
86,NKI,4.536111111111111,anat
90,NKI,4.703055555555555,anat
91,NKI,4.54,anat
92,NKI,3.7505555555555556,anat
95,NKI,3.4725,anat
96,NKI,4.587777777777778,anat
97,NKI,4.586666666666667,anat
98,NKI,4.510555555555555,anat
99,NKI,4.522777777777778,anat
100,NKI,4.549444444444444,anat
101,NKI,4.681388888888889,anat
103,NKI,4.6025,anat
105,NKI,4.5713888888888885,anat
107,NKI,3.5194444444444444,anat
108,NKI,4.6386111111111115,anat
109,NKI,4.592777777777778,anat
110,NKI,4.476388888888889,anat
111,NKI,4.59,anat
113,NKI,3.766111111111111,anat
115,NKI,3.778611111111111,anat
116,NKI,3.66,anat
120,NKI,4.762222222222222,anat
121,NKI,3.8827777777777777,anat
122,NKI,4.546944444444445,anat
126,NKI,3.7655555555555558,anat
128,NKI,3.8441666666666667,anat
130,NKI,3.9627777777777777,anat
131,NKI,3.609166666666667,anat
132,NKI,3.8966666666666665,anat
133,NKI,3.580277777777778,anat
135,NKI,4.578055555555555,anat
136,NKI,3.865,anat
138,NKI,3.6905555555555556,anat
140,NKI,3.7819444444444446,anat
141,NKI,3.9125,anat
142,NKI,3.819166666666667,anat
143,NKI,3.923888888888889,anat
145,NKI,3.8847222222222224,anat
146,NKI,3.828611111111111,anat
147,NKI,3.7394444444444446,anat
148,NKI,3.848333333333333,anat
150,NKI,3.749722222222222,anat
151,NKI,4.157222222222222,anat
152,NKI,4.21,anat
153,NKI,3.6238888888888887,anat
155,NKI,3.8113888888888887,anat
157,NKI,4.636666666666667,anat
158,NKI,4.5119444444444445,anat
160,NKI,3.7469444444444444,anat
162,NKI,3.466666666666667,anat
164,NKI,4.610277777777778,anat
165,NKI,3.831111111111111,anat
166,NKI,3.8319444444444444,anat
167,NKI,3.835277777777778,anat
168,NKI,3.5344444444444445,anat
170,NKI,3.7286111111111113,anat
171,NKI,4.538888888888889,anat
172,NKI,3.5516666666666667,anat
173,NKI,3.5597222222222222,anat
175,NKI,4.594166666666666,anat
176,NKI,3.7111111111111112,anat
180,NKI,3.477777777777778,anat
181,NKI,3.6927777777777777,anat
184,NKI,4.578055555555555,anat
185,NKI,4.495,anat
186,NKI,4.595277777777778,anat
187,NKI,4.542222222222223,anat
190,NKI,4.527777777777778,anat
191,NKI,4.5680555555555555,anat
193,NKI,4.5505555555555555,anat
195,NKI,3.7391666666666667,anat
196,NKI,4.508333333333334,anat
198,NKI,4.553333333333334,anat
200,NKI,4.567777777777778,anat
201,NKI,4.5569444444444445,anat
202,NKI,4.482222222222222,anat
203,NKI,4.565,anat
204,NKI,4.539444444444444,anat
205,NKI,3.4583333333333335,anat
206,NKI,4.0425,anat
207,NKI,4.581388888888889,anat
208,NKI,4.519722222222223,anat
209,NKI,4.564166666666667,anat
210,NKI,4.5136111111111115,anat
211,NKI,4.5125,anat
212,NKI,4.471388888888889,anat
213,NKI,4.549722222222222,anat
215,NKI,3.4588888888888887,anat
216,NKI,3.5175,anat
217,NKI,4.565833333333333,anat
218,NKI,4.563611111111111,anat
220,NKI,4.681111111111111,anat
221,NKI,4.654166666666667,anat
222,NKI,4.5247222222222225,anat
225,NKI,4.700833333333334,anat
226,NKI,4.585277777777778,anat
228,NKI,4.488888888888889,anat
229,NKI,4.631111111111111,anat
230,NKI,4.5055555555555555,anat
231,NKI,4.510555555555555,anat
232,NKI,4.536944444444444,anat
233,NKI,4.618888888888889,anat
235,NKI,4.543055555555555,anat
237,NKI,4.595277777777778,anat
239,NKI,3.562777777777778,anat
240,NKI,4.527777777777778,anat
241,NKI,4.504722222222222,anat
244,NKI,4.535833333333334,anat
245,NKI,4.503611111111111,anat
246,NKI,4.5441666666666665,anat
247,NKI,3.8433333333333333,anat
250,NKI,4.533055555555555,anat
254,NKI,4.5377777777777775,anat
255,NKI,4.599722222222222,anat
256,NKI,4.629166666666666,anat
257,NKI,4.631111111111111,anat
258,NKI,4.515555555555555,anat
259,NKI,4.6325,anat
260,NKI,4.501388888888889,anat
262,NKI,4.628888888888889,anat
264,NKI,4.560555555555555,anat
265,NKI,4.523611111111111,anat
266,NKI,4.5569444444444445,anat
267,NKI,4.573888888888889,anat
269,NKI,4.438611111111111,anat
270,NKI,4.5713888888888885,anat
271,NKI,4.575277777777778,anat
272,NKI,3.5302777777777776,anat
273,NKI,4.605555555555555,anat
274,NKI,4.573611111111111,anat
275,NKI,4.4944444444444445,anat
276,NKI,4.610833333333333,anat
277,NKI,4.539166666666667,anat
278,NKI,4.5183333333333335,anat
280,NKI,4.532777777777778,anat
281,NKI,4.505833333333333,anat
282,NKI,4.581111111111111,anat
283,NKI,4.560555555555555,anat
284,NKI,4.531944444444444,anat
285,NKI,4.4925,anat
286,NKI,4.78,anat
287,NKI,4.507777777777778,anat
289,NKI,4.531944444444444,anat
290,NKI,4.522222222222222,anat
291,NKI,4.730555555555555,anat
293,NKI,4.570833333333334,anat
295,NKI,4.478611111111111,anat
296,NKI,4.532777777777778,anat
297,NKI,4.595277777777778,anat
300,NKI,4.567222222222222,anat
301,NKI,4.541944444444445,anat
302,NKI,3.624722222222222,anat
304,NKI,4.562777777777778,anat
305,NKI,4.441111111111111,anat
306,NKI,4.522222222222222,anat
308,NKI,4.647222222222222,anat
310,NKI,4.503333333333333,anat
311,NKI,4.5633333333333335,anat
312,NKI,4.695277777777778,anat
315,NKI,4.5125,anat
317,NKI,4.536388888888889,anat
320,NKI,4.500555555555556,anat
321,NKI,4.538333333333333,anat
323,NKI,4.573611111111111,anat
324,NKI,4.710833333333333,anat
325,NKI,4.4925,anat
326,NKI,4.5875,anat
328,NKI,3.6844444444444444,anat
330,NKI,4.581388888888889,anat
331,NKI,4.5472222222222225,anat
333,NKI,4.5119444444444445,anat
334,NKI,4.535277777777778,anat
335,NKI,4.572222222222222,anat
336,NKI,4.551666666666667,anat
337,NKI,4.591666666666667,anat
338,NKI,4.541666666666667,anat
340,NKI,4.5777777777777775,anat
341,NKI,4.563611111111111,anat
343,NKI,4.585555555555556,anat
345,NKI,4.581944444444445,anat
346,NKI,4.601944444444444,anat
347,NKI,4.533611111111111,anat
348,NKI,4.576666666666667,anat
350,NKI,4.598055555555556,anat
352,NKI,4.607222222222222,anat
353,NKI,4.6425,anat
355,NKI,4.5713888888888885,anat
356,NKI,4.538333333333333,anat
357,NKI,4.697777777777778,anat
358,NKI,4.5536111111111115,anat
360,NKI,4.6130555555555555,anat
361,NKI,4.429444444444444,anat
362,NKI,4.679722222222222,anat
363,NKI,4.564444444444445,anat
365,NKI,4.580555555555556,anat
366,NKI,4.538333333333333,anat
368,NKI,4.554166666666666,anat
370,NKI,4.579444444444444,anat
371,NKI,4.560277777777777,anat
375,NKI,4.598611111111111,anat
376,NKI,3.627222222222222,anat
377,NKI,4.5552777777777775,anat
378,NKI,4.618611111111111,anat
380,NKI,3.694166666666667,anat
381,NKI,4.540555555555556,anat
385,NKI,4.528611111111111,anat
386,NKI,4.549166666666666,anat
388,NKI,4.6402777777777775,anat
389,NKI,4.546666666666667,anat
390,NKI,4.461944444444445,anat
391,NKI,4.559166666666667,anat
393,NKI,4.579444444444444,anat
394,NKI,4.580555555555556,anat
395,NKI,4.554444444444444,anat
396,NKI,4.523055555555556,anat
398,NKI,4.505833333333333,anat
399,NKI,4.6322222222222225,anat
400,NKI,4.673611111111111,anat
401,NKI,4.639722222222222,anat
403,NKI,3.7880555555555557,anat
405,NKI,4.565277777777778,anat
407,NKI,4.515833333333333,anat
408,NKI,4.586944444444445,anat
409,NKI,4.529166666666667,anat
410,NKI,4.748888888888889,anat
412,NKI,4.680555555555555,anat
414,NKI,4.533055555555555,anat
415,NKI,4.564722222222223,anat
416,NKI,4.5969444444444445,anat
420,NKI,4.583055555555555,anat
425,NKI,4.593055555555556,anat
426,NKI,4.56,anat
427,NKI,4.569166666666667,anat
428,NKI,4.565,anat
429,NKI,4.503333333333333,anat
431,NKI,4.558888888888889,anat
432,NKI,4.667777777777777,anat
434,NKI,4.590277777777778,anat
435,NKI,4.59,anat
436,NKI,4.458055555555555,anat
438,NKI,4.6,anat
439,NKI,4.677222222222222,anat
440,NKI,4.5425,anat
441,NKI,4.566388888888889,anat
445,NKI,4.551388888888889,anat
446,NKI,4.510555555555555,anat
447,NKI,4.575277777777778,anat
448,NKI,4.653611111111111,anat
449,NKI,4.54,anat
450,NKI,4.6002777777777775,anat
451,NKI,4.534166666666667,anat
453,NKI,4.480833333333333,anat
455,NKI,4.559722222222222,anat
456,NKI,4.6625,anat
460,NKI,4.565277777777778,anat
461,NKI,4.519166666666667,anat
462,NKI,4.525277777777778,anat
463,NKI,4.616666666666666,anat
465,NKI,4.4927777777777775,anat
466,NKI,4.5441666666666665,anat
468,NKI,4.6369444444444445,anat
469,NKI,4.631666666666667,anat
471,NKI,4.648888888888889,anat
472,NKI,4.5088888888888885,anat
473,NKI,4.5744444444444445,anat
475,NKI,4.523055555555556,anat
476,NKI,4.472222222222222,anat
479,NKI,4.568888888888889,anat
480,NKI,4.646388888888889,anat
481,NKI,4.5536111111111115,anat
483,NKI,4.521944444444444,anat
484,NKI,4.5488888888888885,anat
486,NKI,4.691111111111111,anat
489,NKI,4.625277777777778,anat
490,NKI,4.566111111111111,anat
491,NKI,4.643055555555556,anat
492,NKI,4.655555555555556,anat
494,NKI,4.668055555555555,anat
495,NKI,4.618611111111111,anat
496,NKI,4.519722222222223,anat
497,NKI,4.658333333333333,anat
500,NKI,4.766666666666667,anat
501,NKI,4.6066666666666665,anat
502,NKI,4.541666666666667,anat
503,NKI,4.627222222222223,anat
505,NKI,3.5011111111111113,anat
506,NKI,4.55,anat
507,NKI,4.628888888888889,anat
510,NKI,4.622222222222222,anat
511,NKI,4.6369444444444445,anat
513,NKI,4.625555555555556,anat
514,NKI,3.678888888888889,anat
515,NKI,4.616666666666666,anat
517,NKI,4.489166666666667,anat
518,NKI,4.554722222222222,anat
520,NKI,4.501666666666667,anat
521,NKI,3.569166666666667,anat
522,NKI,3.5658333333333334,anat
523,NKI,3.7875,anat
526,NKI,3.741388888888889,anat
528,NKI,3.7713888888888887,anat
529,NKI,3.6325,anat
530,NKI,3.789722222222222,anat
532,NKI,3.763888888888889,anat
535,NKI,4.913888888888889,anat
536,NKI,4.926944444444445,anat
538,NKI,4.486944444444444,anat
540,NKI,4.520555555555555,anat
541,NKI,4.536388888888889,anat
542,NKI,3.566666666666667,anat
543,NKI,3.5055555555555555,anat
544,NKI,3.431388888888889,anat
545,NKI,4.475833333333333,anat
547,NKI,3.4925,anat
548,NKI,4.553333333333334,anat
549,NKI,4.567222222222222,anat
550,NKI,4.521388888888889,anat
551,NKI,4.572777777777778,anat
552,NKI,3.5141666666666667,anat
555,NKI,3.359722222222222,anat
556,NKI,3.5825,anat
557,NKI,3.562222222222222,anat
560,NKI,3.486111111111111,anat
561,NKI,4.567777777777778,anat
562,NKI,3.462222222222222,anat
563,NKI,3.536388888888889,anat
565,NKI,3.6444444444444444,anat
566,NKI,3.7469444444444444,anat
567,NKI,4.6025,anat
568,NKI,4.707777777777777,anat
570,NKI,3.7144444444444447,anat
571,NKI,4.495555555555556,anat
572,NKI,3.7869444444444444,anat
573,NKI,4.59,anat
574,NKI,4.131944444444445,anat
575,NKI,4.626111111111111,anat
576,NKI,3.7713888888888887,anat
578,NKI,4.527777777777778,anat
579,NKI,4.581388888888889,anat
580,NKI,3.6991666666666667,anat
581,NKI,4.545555555555556,anat
582,NKI,4.638055555555556,anat
584,NKI,4.642777777777778,anat
585,NKI,3.783611111111111,anat
586,NKI,4.582777777777777,anat
587,NKI,3.716388888888889,anat
588,NKI,4.7475,anat
590,NKI,3.7969444444444442,anat
591,NKI,4.671111111111111,anat
592,NKI,3.631111111111111,anat
594,NKI,3.7941666666666665,anat
597,NKI,3.776388888888889,anat
602,NKI,3.7713888888888887,anat
605,NKI,4.686944444444444,anat
606,NKI,3.680833333333333,anat
610,NKI,3.6630555555555557,anat
612,NKI,4.571111111111111,anat
615,NKI,4.685833333333333,anat
616,NKI,3.8130555555555556,anat
617,NKI,3.7855555555555553,anat
620,NKI,3.8183333333333334,anat
621,NKI,3.8069444444444445,anat
624,NKI,3.5441666666666665,anat
625,NKI,3.799722222222222,anat
626,NKI,4.658888888888889,anat
630,NKI,3.5297222222222224,anat
631,NKI,3.5708333333333333,anat
633,NKI,3.536388888888889,anat
635,NKI,3.8941666666666666,anat
636,NKI,3.528888888888889,anat
637,NKI,3.6033333333333335,anat
638,NKI,3.508888888888889,anat
640,NKI,3.4858333333333333,anat
641,NKI,3.9025,anat
642,NKI,3.7230555555555553,anat
643,NKI,3.5494444444444446,anat
645,NKI,3.9025,anat
646,NKI,3.7655555555555558,anat
647,NKI,3.6955555555555555,anat
650,NKI,3.459722222222222,anat
651,NKI,3.5483333333333333,anat
653,NKI,3.6944444444444446,anat
655,NKI,3.5355555555555553,anat
656,NKI,3.5588888888888888,anat
660,NKI,3.4477777777777776,anat
661,NKI,4.122777777777777,anat
663,NKI,3.4675,anat
665,NKI,3.707777777777778,anat
666,NKI,4.576388888888889,anat
667,NKI,4.561388888888889,anat
668,NKI,4.642222222222222,anat
669,NKI,4.545,anat
670,NKI,4.078333333333333,anat
671,NKI,4.086388888888889,anat
672,NKI,4.098888888888889,anat
673,NKI,4.113611111111111,anat
675,NKI,4.5183333333333335,anat
676,NKI,3.7552777777777777,anat
680,NKI,4.697222222222222,anat
681,NKI,4.513333333333334,anat
686,NKI,4.563055555555556,anat
688,NKI,4.5569444444444445,anat
689,NKI,4.583611111111111,anat
690,NKI,4.5025,anat
691,NKI,4.623333333333333,anat
693,NKI,4.530277777777778,anat
695,NKI,4.361666666666666,anat
696,NKI,4.356111111111111,anat
697,NKI,4.4225,anat
698,NKI,4.698055555555555,anat
700,NKI,3.7144444444444447,anat
701,NKI,4.5569444444444445,anat
702,NKI,3.72,anat
705,NKI,3.7455555555555557,anat
706,NKI,3.8794444444444443,anat
707,NKI,4.64,anat
710,NKI,4.4911111111111115,anat
713,NKI,4.603888888888889,anat
714,NKI,4.627777777777778,anat
715,NKI,4.595,anat
716,NKI,3.9066666666666667,anat
720,NKI,4.5761111111111115,anat
721,NKI,4.632777777777778,anat
722,NKI,4.675277777777778,anat
725,NKI,4.630277777777778,anat
726,NKI,4.5311111111111115,anat
727,NKI,4.5183333333333335,anat
728,NKI,4.648333333333333,anat
734,NKI,4.639444444444444,anat
735,NKI,4.670555555555556,anat
736,NKI,3.705,anat
737,NKI,4.593333333333334,anat
739,NKI,4.6097222222222225,anat
741,NKI,4.7275,anat
743,NKI,4.453333333333333,anat
745,NKI,4.523333333333333,anat
746,NKI,4.486111111111111,anat
750,NKI,4.503888888888889,anat
751,NKI,4.459722222222222,anat
752,NKI,4.5088888888888885,anat
755,NKI,4.6786111111111115,anat
756,NKI,4.5569444444444445,anat
757,NKI,4.750555555555556,anat
761,NKI,4.501666666666667,anat
762,NKI,3.6955555555555555,anat
765,NKI,4.488888888888889,anat
766,NKI,3.9125,anat
767,NKI,4.5725,anat
769,NKI,4.710833333333333,anat
770,NKI,4.660833333333334,anat
771,NKI,4.531944444444444,anat
772,NKI,4.455277777777778,anat
774,NKI,4.668333333333333,anat
775,NKI,4.6161111111111115,anat
776,NKI,4.505833333333333,anat
779,NKI,4.526944444444444,anat
780,NKI,4.595,anat
781,NKI,4.563055555555556,anat
782,NKI,4.566666666666666,anat
785,NKI,4.533333333333333,anat
786,NKI,4.693333333333333,anat
790,NKI,4.545555555555556,anat
792,NKI,4.595555555555555,anat
793,NKI,4.526111111111111,anat
796,NKI,4.5275,anat
797,NKI,4.6575,anat
798,NKI,4.528888888888889,anat
800,NKI,4.4880555555555555,anat
801,NKI,4.554444444444444,anat
802,NKI,4.638055555555556,anat
805,NKI,4.524444444444445,anat
806,NKI,4.609166666666667,anat
807,NKI,4.615555555555556,anat
808,NKI,4.710833333333333,anat
810,NKI,4.495,anat
811,NKI,4.509722222222222,anat
812,NKI,4.550277777777778,anat
813,NKI,4.629722222222222,anat
815,NKI,4.585277777777778,anat
816,NKI,4.582777777777777,anat
818,NKI,4.582777777777777,anat
820,NKI,4.552777777777778,anat
823,NKI,4.565277777777778,anat
825,NKI,4.694166666666667,anat
826,NKI,4.571666666666666,anat
828,NKI,4.539166666666667,anat
830,NKI,4.501388888888889,anat
831,NKI,4.495555555555556,anat
833,NKI,4.586666666666667,anat
834,NKI,4.5311111111111115,anat
835,NKI,4.571944444444444,anat
836,NKI,4.661666666666667,anat
837,NKI,4.548333333333333,anat
838,NKI,4.570277777777778,anat
840,NKI,4.539444444444444,anat
841,NKI,4.551944444444445,anat
843,NKI,4.533611111111111,anat
845,NKI,4.659166666666667,anat
846,NKI,4.557222222222222,anat
847,NKI,4.585,anat
850,NKI,4.726388888888889,anat
851,NKI,4.4494444444444445,anat
852,NKI,4.676944444444445,anat
854,NKI,4.544444444444444,anat
855,NKI,4.581111111111111,anat
856,NKI,4.566388888888889,anat
857,NKI,4.559444444444445,anat
858,NKI,4.6525,anat
859,NKI,4.6722222222222225,anat
860,NKI,4.572777777777778,anat
861,NKI,4.6375,anat
862,NKI,4.550833333333333,anat
863,NKI,4.645833333333333,anat
865,NKI,4.566666666666666,anat
866,NKI,4.539166666666667,anat
867,NKI,4.612222222222222,anat
868,NKI,4.578888888888889,anat
870,NKI,4.558055555555556,anat
871,NKI,4.5505555555555555,anat
872,NKI,4.585,anat
874,NKI,4.524444444444445,anat
875,NKI,4.749722222222222,anat
876,NKI,4.6025,anat
879,NKI,4.503333333333333,anat
880,NKI,4.5969444444444445,anat
881,NKI,4.5777777777777775,anat
882,NKI,4.5808333333333335,anat
884,NKI,4.551388888888889,anat
885,NKI,4.501666666666667,anat
886,NKI,4.587777777777778,anat
887,NKI,4.550833333333333,anat
888,NKI,4.564166666666667,anat
891,NKI,4.567777777777778,anat
892,NKI,4.568611111111111,anat
895,NKI,4.674166666666666,anat
896,NKI,4.569166666666667,anat
898,NKI,4.685833333333333,anat
900,NKI,4.561388888888889,anat
901,NKI,4.526666666666666,anat
902,NKI,4.676944444444445,anat
903,NKI,4.608333333333333,anat
905,NKI,4.553888888888889,anat
906,NKI,4.576388888888889,anat
907,NKI,4.636666666666667,anat
909,NKI,4.564444444444445,anat
910,NKI,3.492777777777778,anat
911,NKI,4.588888888888889,anat
912,NKI,4.578333333333333,anat
913,NKI,4.55,anat
914,NKI,4.6575,anat
915,NKI,4.706944444444445,anat
916,NKI,4.557777777777778,anat
917,NKI,4.597777777777778,anat
920,NKI,4.6825,anat
921,NKI,4.552222222222222,anat
922,NKI,4.498611111111111,anat
923,NKI,4.557777777777778,anat
925,NKI,4.585555555555556,anat
926,NKI,4.5616666666666665,anat
927,NKI,4.555833333333333,anat
929,NKI,4.523611111111111,anat
930,NKI,4.631944444444445,anat
931,NKI,4.635277777777778,anat
932,NKI,4.49,anat
934,NKI,4.4991666666666665,anat
935,NKI,4.5225,anat
936,NKI,4.569444444444445,anat
938,NKI,4.588888888888889,anat
941,NKI,4.529444444444445,anat
943,NKI,4.551111111111111,anat
944,NKI,4.5536111111111115,anat
945,NKI,4.570555555555556,anat
946,NKI,4.693611111111111,anat
947,NKI,4.543055555555555,anat
950,NKI,4.559166666666667,anat
952,NKI,4.599444444444444,anat
953,NKI,4.575833333333334,anat
955,NKI,4.558611111111111,anat
956,NKI,4.553333333333334,anat
957,NKI,4.569166666666667,anat
958,NKI,4.686388888888889,anat
960,NKI,4.538333333333333,anat
961,NKI,4.614722222222222,anat
962,NKI,4.584444444444444,anat
964,NKI,4.546388888888889,anat
965,NKI,4.665555555555556,anat
966,NKI,4.475555555555555,anat
967,NKI,4.554722222222222,anat
969,NKI,4.581666666666667,anat
970,NKI,4.6241666666666665,anat
971,NKI,4.522222222222222,anat
972,NKI,4.692777777777778,anat
973,NKI,4.575,anat
974,NKI,4.6175,anat
975,NKI,4.553055555555556,anat
976,NKI,4.532222222222222,anat
977,NKI,4.681388888888889,anat
978,NKI,4.571666666666666,anat
980,NKI,4.540277777777778,anat
981,NKI,4.556111111111111,anat
982,NKI,4.585555555555556,anat
985,NKI,4.774444444444445,anat
986,NKI,4.590277777777778,anat
988,NKI,4.549166666666666,anat
989,NKI,4.601944444444444,anat
990,NKI,4.615555555555556,anat
991,NKI,4.572777777777778,anat
992,NKI,4.618055555555555,anat
993,NKI,4.581666666666667,anat
995,NKI,4.6,anat
996,NKI,4.594444444444444,anat
997,NKI,4.647222222222222,anat
1002,NKI,4.551111111111111,anat
1005,NKI,4.648333333333333,anat
1006,NKI,4.578611111111111,anat
1007,NKI,4.6425,anat
1008,NKI,4.5441666666666665,anat
1011,NKI,4.690555555555555,anat
1012,NKI,3.8297222222222222,anat
1015,NKI,3.7316666666666665,anat
1016,NKI,3.9052777777777776,anat
1019,NKI,4.660555555555556,anat
1020,NKI,4.635277777777778,anat
1021,NKI,4.6369444444444445,anat
1022,NKI,3.6230555555555557,anat
1023,NKI,4.115555555555556,anat
1025,NKI,4.740277777777778,anat
1026,NKI,4.557222222222222,anat
1030,NKI,4.615,anat
1031,NKI,4.601388888888889,anat
1032,NKI,4.661111111111111,anat
1033,NKI,4.650277777777778,anat
1035,NKI,4.710555555555556,anat
1036,NKI,4.723333333333334,anat
1037,NKI,4.660277777777778,anat
1039,NKI,4.665555555555556,anat
1040,NKI,4.610555555555556,anat
1041,NKI,4.5825,anat
1042,NKI,4.543055555555555,anat
1043,NKI,4.533333333333333,anat
1045,NKI,3.9380555555555556,anat
1046,NKI,4.552222222222222,anat
1048,NKI,4.626111111111111,anat
1050,NKI,4.517222222222222,anat
1051,NKI,3.4972222222222222,anat
1052,NKI,3.4788888888888887,anat
1053,NKI,4.648611111111111,anat
1055,NKI,4.705,anat
1056,NKI,4.559166666666667,anat
1057,NKI,4.836388888888889,anat
1060,NKI,4.568888888888889,anat
1061,NKI,3.743888888888889,anat
1062,NKI,4.6802777777777775,anat
1063,NKI,3.7125,anat
1065,NKI,4.5525,anat
1066,NKI,4.5925,anat
1067,NKI,4.458333333333333,anat
1069,NKI,4.665555555555556,anat
1070,NKI,4.530555555555556,anat
1071,NKI,4.800833333333333,anat
1072,NKI,4.5744444444444445,anat
1073,NKI,4.565,anat
1074,NKI,4.5055555555555555,anat
1075,NKI,4.575833333333334,anat
1076,NKI,3.763888888888889,anat
1079,NKI,4.615,anat
1080,NKI,4.542222222222223,anat
1081,NKI,3.866111111111111,anat
1082,NKI,4.5761111111111115,anat
1085,NKI,4.5936111111111115,anat
1086,NKI,4.580277777777778,anat
1087,NKI,4.499722222222222,anat
1088,NKI,4.744166666666667,anat
1090,NKI,4.770833333333333,anat
1092,NKI,3.701388888888889,anat
1093,NKI,4.565833333333333,anat
1095,NKI,4.783333333333333,anat
1096,NKI,4.581944444444445,anat
1099,NKI,4.6525,anat
1100,NKI,3.6530555555555555,anat
1105,NKI,4.545277777777778,anat
1106,NKI,4.681666666666667,anat
1107,NKI,3.785,anat
1108,NKI,3.549722222222222,anat
1110,NKI,3.5519444444444446,anat
1111,NKI,3.5055555555555555,anat
1112,NKI,3.988611111111111,anat
1113,NKI,3.8566666666666665,anat
1114,NKI,3.7805555555555554,anat
1115,NKI,3.97,anat
1116,NKI,3.498611111111111,anat
1117,NKI,4.5136111111111115,anat
1118,NKI,3.918888888888889,anat
1120,NKI,4.627222222222223,anat
1122,NKI,4.5488888888888885,anat
1123,NKI,3.5944444444444446,anat
1125,NKI,4.609166666666667,anat
1127,NKI,3.801111111111111,anat
1130,NKI,4.601666666666667,anat
1131,NKI,4.23,anat
1133,NKI,4.86,anat
1135,NKI,3.8855555555555554,anat
1136,NKI,3.648888888888889,anat
1137,NKI,3.6622222222222223,anat
1140,NKI,4.515555555555555,anat
1142,NKI,4.533055555555555,anat
1143,NKI,4.610277777777778,anat
1145,NKI,3.7655555555555558,anat
1146,NKI,4.601388888888889,anat
1149,NKI,4.5475,anat
1150,NKI,4.595555555555555,anat
1151,NKI,4.6075,anat
1155,NKI,4.653333333333333,anat
1156,NKI,4.5119444444444445,anat
1157,NKI,4.6241666666666665,anat
1160,NKI,4.5675,anat
1161,NKI,4.5825,anat
1162,NKI,4.545,anat
1165,NKI,4.538888888888889,anat
1166,NKI,4.5675,anat
1167,NKI,3.6805555555555554,anat
1169,NKI,3.5036111111111112,anat
1170,NKI,3.8244444444444445,anat
1171,NKI,4.774166666666667,anat
1172,NKI,4.538888888888889,anat
1173,NKI,4.565833333333333,anat
1175,NKI,4.551111111111111,anat
1176,NKI,4.551944444444445,anat
1177,NKI,3.74,anat
1179,NKI,4.496388888888889,anat
1180,NKI,4.6075,anat
1182,NKI,4.568888888888889,anat
1185,NKI,4.678055555555556,anat
1186,NKI,4.788055555555555,anat
1187,NKI,4.569166666666667,anat
1190,NKI,4.502222222222223,anat
1192,NKI,4.536388888888889,anat
1193,NKI,4.528333333333333,anat
1194,NKI,4.5808333333333335,anat
1195,NKI,4.5872222222222225,anat
1196,NKI,3.6525,anat
1197,NKI,3.6952777777777777,anat
1200,NKI,4.559722222222222,anat
1201,NKI,3.775,anat
1202,NKI,4.4991666666666665,anat
1204,NKI,4.53,anat
1205,NKI,3.4769444444444444,anat
1207,NKI,3.7144444444444447,anat
1209,NKI,4.654722222222222,anat
1210,NKI,4.550277777777778,anat
1211,NKI,3.495,anat
1212,NKI,4.497777777777777,anat
1215,NKI,4.5325,anat
1217,NKI,4.532777777777778,anat
1220,NKI,4.498888888888889,anat
1221,NKI,4.55,anat
1222,NKI,4.568888888888889,anat
1223,NKI,4.59,anat
1224,NKI,4.573611111111111,anat
1225,NKI,4.506388888888889,anat
1226,NKI,4.595277777777778,anat
1228,NKI,4.584722222222222,anat
1229,NKI,3.8380555555555556,anat
1230,NKI,3.9575,anat
1231,NKI,3.879722222222222,anat
1232,NKI,4.478888888888889,anat
1235,NKI,3.8555555555555556,anat
1239,NKI,4.487777777777778,anat
1240,NKI,3.8519444444444444,anat
1241,NKI,4.535555555555556,anat
1245,NKI,4.520555555555555,anat
1246,NKI,4.553333333333334,anat
1247,NKI,4.486944444444444,anat
1250,NKI,3.868611111111111,anat
1251,NKI,3.8402777777777777,anat
1252,NKI,3.8794444444444443,anat
1253,NKI,4.493055555555555,anat
1255,NKI,4.601388888888889,anat
1256,NKI,4.52,anat
1257,NKI,3.827777777777778,anat
1258,NKI,3.7680555555555557,anat
1259,NKI,4.492222222222222,anat
1260,NKI,4.585277777777778,anat
1262,NKI,4.513055555555556,anat
1263,NKI,3.7358333333333333,anat
1264,NKI,3.8294444444444444,anat
1265,NKI,4.626944444444445,anat
1266,NKI,4.560555555555555,anat
1267,NKI,4.604722222222223,anat
1268,NKI,4.6925,anat
1271,NKI,3.825833333333333,anat
1272,NKI,4.504444444444444,anat
1274,NKI,4.499444444444444,anat
1275,NKI,4.605,anat
1276,NKI,4.545833333333333,anat
1277,NKI,3.4697222222222224,anat
1278,NKI,3.835277777777778,anat
1280,NKI,4.605,anat
1281,NKI,4.530277777777778,anat
1283,NKI,4.567222222222222,anat
1285,NKI,4.509444444444444,anat
1286,NKI,4.751666666666667,anat
1287,NKI,4.558611111111111,anat
1290,NKI,3.8133333333333335,anat
1291,NKI,4.746111111111111,anat
1292,NKI,4.556388888888889,anat
1293,NKI,4.55,anat
1295,NKI,3.801388888888889,anat
1297,NKI,4.549722222222222,anat
1299,NKI,4.512777777777778,anat
1303,NKI,4.569444444444445,anat
1304,NKI,4.626111111111111,anat
1305,NKI,4.691666666666666,anat
1307,NKI,4.556111111111111,anat
1308,NKI,4.493611111111111,anat
1310,NKI,4.641111111111111,anat
1311,NKI,4.61,anat
0,NKI,0.4336111111111111,asl
2,NKI,0.3333333333333333,asl
3,NKI,0.4111111111111111,asl
5,NKI,0.1025,asl
6,NKI,0.08805555555555555,asl
7,NKI,0.3952777777777778,asl
8,NKI,0.4,asl
9,NKI,0.09694444444444444,asl
10,NKI,0.09277777777777778,asl
11,NKI,0.1025,asl
12,NKI,0.4186111111111111,asl
13,NKI,0.39555555555555555,asl
14,NKI,0.34444444444444444,asl
16,NKI,0.0975,asl
17,NKI,0.3661111111111111,asl
19,NKI,0.3352777777777778,asl
20,NKI,0.08833333333333333,asl
21,NKI,0.085,asl
22,NKI,0.34944444444444445,asl
23,NKI,0.4152777777777778,asl
25,NKI,0.08888888888888889,asl
26,NKI,0.09666666666666666,asl
28,NKI,0.3288888888888889,asl
29,NKI,0.3402777777777778,asl
30,NKI,0.0975,asl
31,NKI,0.09722222222222222,asl
32,NKI,0.35194444444444445,asl
33,NKI,0.32916666666666666,asl
35,NKI,0.1,asl
36,NKI,0.08472222222222223,asl
37,NKI,0.32305555555555554,asl
38,NKI,0.42277777777777775,asl
41,NKI,0.09833333333333333,asl
42,NKI,0.3236111111111111,asl
43,NKI,0.43333333333333335,asl
46,NKI,0.08388888888888889,asl
47,NKI,0.40555555555555556,asl
48,NKI,0.33305555555555555,asl
50,NKI,0.09416666666666666,asl
51,NKI,0.09444444444444444,asl
52,NKI,0.33694444444444444,asl
55,NKI,0.09388888888888888,asl
56,NKI,0.08805555555555555,asl
57,NKI,0.3386111111111111,asl
58,NKI,0.3902777777777778,asl
59,NKI,0.08027777777777778,asl
60,NKI,0.0975,asl
61,NKI,0.09361111111111112,asl
62,NKI,0.3188888888888889,asl
65,NKI,0.09166666666666666,asl
66,NKI,0.09805555555555556,asl
69,NKI,0.4558333333333333,asl
70,NKI,0.08333333333333333,asl
71,NKI,0.08416666666666667,asl
72,NKI,0.4113888888888889,asl
74,NKI,0.3411111111111111,asl
75,NKI,0.08805555555555555,asl
76,NKI,0.08722222222222223,asl
77,NKI,0.3502777777777778,asl
79,NKI,0.45361111111111113,asl
80,NKI,0.09583333333333334,asl
81,NKI,0.09388888888888888,asl
82,NKI,0.3352777777777778,asl
85,NKI,0.09916666666666667,asl
86,NKI,0.08194444444444444,asl
90,NKI,0.25833333333333336,asl
91,NKI,0.2336111111111111,asl
92,NKI,0.32555555555555554,asl
95,NKI,0.08472222222222223,asl
96,NKI,0.09444444444444444,asl
97,NKI,0.3497222222222222,asl
98,NKI,0.09333333333333334,asl
99,NKI,0.09305555555555556,asl
100,NKI,0.09777777777777778,asl
101,NKI,0.33055555555555555,asl
103,NKI,0.42083333333333334,asl
105,NKI,0.08861111111111111,asl
107,NKI,0.43333333333333335,asl
108,NKI,0.3388888888888889,asl
109,NKI,0.4563888888888889,asl
110,NKI,0.09722222222222222,asl
111,NKI,0.09305555555555556,asl
113,NKI,0.38,asl
115,NKI,0.09805555555555556,asl
116,NKI,0.09305555555555556,asl
120,NKI,0.49583333333333335,asl
121,NKI,0.09805555555555556,asl
122,NKI,0.43416666666666665,asl
126,NKI,0.09861111111111111,asl
128,NKI,0.3511111111111111,asl
130,NKI,0.2511111111111111,asl
131,NKI,0.09583333333333334,asl
132,NKI,0.3308333333333333,asl
133,NKI,0.3630555555555556,asl
135,NKI,0.09277777777777778,asl
136,NKI,0.21222222222222223,asl
138,NKI,0.08722222222222223,asl
140,NKI,0.0975,asl
141,NKI,0.08222222222222222,asl
142,NKI,0.4702777777777778,asl
143,NKI,0.41083333333333333,asl
145,NKI,0.08666666666666667,asl
146,NKI,0.09722222222222222,asl
147,NKI,0.42388888888888887,asl
148,NKI,0.09916666666666667,asl
150,NKI,0.08361111111111111,asl
151,NKI,0.0811111111111111,asl
152,NKI,0.4052777777777778,asl
153,NKI,0.4588888888888889,asl
155,NKI,0.0875,asl
157,NKI,0.43277777777777776,asl
158,NKI,0.3527777777777778,asl
160,NKI,0.09305555555555556,asl
162,NKI,0.0975,asl
164,NKI,0.38416666666666666,asl
165,NKI,0.09833333333333333,asl
166,NKI,0.08805555555555555,asl
167,NKI,0.325,asl
168,NKI,0.40194444444444444,asl
170,NKI,0.09777777777777778,asl
171,NKI,0.09333333333333334,asl
172,NKI,0.4211111111111111,asl
173,NKI,0.3358333333333333,asl
175,NKI,0.09805555555555556,asl
176,NKI,0.08638888888888889,asl
180,NKI,0.09694444444444444,asl
181,NKI,0.09277777777777778,asl
184,NKI,0.09805555555555556,asl
185,NKI,0.08694444444444445,asl
186,NKI,0.09111111111111111,asl
187,NKI,0.3952777777777778,asl
190,NKI,0.08861111111111111,asl
191,NKI,0.09194444444444444,asl
193,NKI,0.35944444444444446,asl
195,NKI,0.09305555555555556,asl
196,NKI,0.08,asl
198,NKI,0.3358333333333333,asl
200,NKI,0.09416666666666666,asl
201,NKI,0.0975,asl
202,NKI,0.09194444444444444,asl
203,NKI,0.335,asl
204,NKI,0.3852777777777778,asl
205,NKI,0.0925,asl
206,NKI,0.25055555555555553,asl
207,NKI,0.09805555555555556,asl
208,NKI,0.34944444444444445,asl
209,NKI,0.3427777777777778,asl
210,NKI,0.09666666666666666,asl
211,NKI,0.09305555555555556,asl
212,NKI,0.09722222222222222,asl
213,NKI,0.33916666666666667,asl
215,NKI,0.09694444444444444,asl
216,NKI,0.09583333333333334,asl
217,NKI,0.38972222222222225,asl
218,NKI,0.44416666666666665,asl
220,NKI,0.21888888888888888,asl
221,NKI,0.08166666666666667,asl
222,NKI,0.4022222222222222,asl
225,NKI,0.24888888888888888,asl
226,NKI,0.0975,asl
228,NKI,0.38416666666666666,asl
229,NKI,0.38166666666666665,asl
230,NKI,0.09666666666666666,asl
231,NKI,0.09277777777777778,asl
232,NKI,0.09638888888888889,asl
233,NKI,0.3397222222222222,asl
235,NKI,0.08805555555555555,asl
237,NKI,0.4027777777777778,asl
239,NKI,0.3977777777777778,asl
240,NKI,0.0975,asl
241,NKI,0.0925,asl
244,NKI,0.37222222222222223,asl
245,NKI,0.09194444444444444,asl
246,NKI,0.0913888888888889,asl
247,NKI,0.39222222222222225,asl
250,NKI,0.08333333333333333,asl
254,NKI,0.41888888888888887,asl
255,NKI,0.09694444444444444,asl
256,NKI,0.09694444444444444,asl
257,NKI,0.0975,asl
258,NKI,0.4086111111111111,asl
259,NKI,0.485,asl
260,NKI,0.09222222222222222,asl
262,NKI,0.32055555555555554,asl
264,NKI,0.3422222222222222,asl
265,NKI,0.09472222222222222,asl
266,NKI,0.09472222222222222,asl
267,NKI,0.3188888888888889,asl
269,NKI,0.3313888888888889,asl
270,NKI,0.09472222222222222,asl
271,NKI,0.08805555555555555,asl
272,NKI,0.08416666666666667,asl
273,NKI,0.4222222222222222,asl
274,NKI,0.44666666666666666,asl
275,NKI,0.09388888888888888,asl
276,NKI,0.07694444444444444,asl
277,NKI,0.09861111111111111,asl
278,NKI,0.3925,asl
280,NKI,0.09527777777777778,asl
281,NKI,0.0775,asl
282,NKI,0.3913888888888889,asl
283,NKI,0.3283333333333333,asl
284,NKI,0.33694444444444444,asl
285,NKI,0.08805555555555555,asl
286,NKI,0.2175,asl
287,NKI,0.08944444444444444,asl
289,NKI,0.33805555555555555,asl
290,NKI,0.08833333333333333,asl
291,NKI,0.3655555555555556,asl
293,NKI,0.4097222222222222,asl
295,NKI,0.0825,asl
296,NKI,0.08972222222222222,asl
297,NKI,0.09305555555555556,asl
300,NKI,0.09388888888888888,asl
301,NKI,0.09027777777777778,asl
302,NKI,0.4172222222222222,asl
304,NKI,0.3902777777777778,asl
305,NKI,0.08833333333333333,asl
306,NKI,0.08861111111111111,asl
308,NKI,0.3958333333333333,asl
310,NKI,0.095,asl
311,NKI,0.0913888888888889,asl
312,NKI,0.33666666666666667,asl
315,NKI,0.09388888888888888,asl
317,NKI,0.09,asl
320,NKI,0.08833333333333333,asl
321,NKI,0.095,asl
323,NKI,0.41694444444444445,asl
324,NKI,0.4058333333333333,asl
325,NKI,0.08833333333333333,asl
326,NKI,0.09055555555555556,asl
328,NKI,0.4063888888888889,asl
330,NKI,0.09388888888888888,asl
331,NKI,0.09555555555555556,asl
333,NKI,0.3363888888888889,asl
334,NKI,0.4672222222222222,asl
335,NKI,0.08861111111111111,asl
336,NKI,0.08861111111111111,asl
337,NKI,0.39,asl
338,NKI,0.3913888888888889,asl
340,NKI,0.0913888888888889,asl
341,NKI,0.07777777777777778,asl
343,NKI,0.4072222222222222,asl
345,NKI,0.09527777777777778,asl
346,NKI,0.08888888888888889,asl
347,NKI,0.41944444444444445,asl
348,NKI,0.37083333333333335,asl
350,NKI,0.0775,asl
352,NKI,0.08861111111111111,asl
353,NKI,0.39666666666666667,asl
355,NKI,0.08805555555555555,asl
356,NKI,0.09083333333333334,asl
357,NKI,0.43166666666666664,asl
358,NKI,0.4297222222222222,asl
360,NKI,0.245,asl
361,NKI,0.08861111111111111,asl
362,NKI,0.44166666666666665,asl
363,NKI,0.4280555555555556,asl
365,NKI,0.09111111111111111,asl
366,NKI,0.09,asl
368,NKI,0.3786111111111111,asl
370,NKI,0.09361111111111112,asl
371,NKI,0.08527777777777777,asl
375,NKI,0.22166666666666668,asl
376,NKI,0.08333333333333333,asl
377,NKI,0.43777777777777777,asl
378,NKI,0.42083333333333334,asl
380,NKI,0.09527777777777778,asl
381,NKI,0.08805555555555555,asl
385,NKI,0.095,asl
386,NKI,0.22111111111111112,asl
388,NKI,0.43583333333333335,asl
389,NKI,0.4186111111111111,asl
390,NKI,0.09666666666666666,asl
391,NKI,0.0961111111111111,asl
393,NKI,0.08694444444444445,asl
394,NKI,0.4263888888888889,asl
395,NKI,0.09666666666666666,asl
396,NKI,0.08888888888888889,asl
398,NKI,0.3972222222222222,asl
399,NKI,0.09388888888888888,asl
400,NKI,0.08777777777777777,asl
401,NKI,0.0913888888888889,asl
403,NKI,0.3725,asl
405,NKI,0.09694444444444444,asl
407,NKI,0.4086111111111111,asl
408,NKI,0.10111111111111111,asl
409,NKI,0.485,asl
410,NKI,0.2452777777777778,asl
412,NKI,0.09888888888888889,asl
414,NKI,0.45166666666666666,asl
415,NKI,0.08666666666666667,asl
416,NKI,0.0925,asl
420,NKI,0.09333333333333334,asl
425,NKI,0.09055555555555556,asl
426,NKI,0.26,asl
427,NKI,0.4236111111111111,asl
428,NKI,0.4666666666666667,asl
429,NKI,0.4255555555555556,asl
431,NKI,0.09333333333333334,asl
432,NKI,0.25055555555555553,asl
434,NKI,0.31722222222222224,asl
435,NKI,0.09583333333333334,asl
436,NKI,0.0961111111111111,asl
438,NKI,0.0961111111111111,asl
439,NKI,0.08694444444444445,asl
440,NKI,0.09,asl
441,NKI,0.09277777777777778,asl
445,NKI,0.08333333333333333,asl
446,NKI,0.09972222222222223,asl
447,NKI,0.48777777777777775,asl
448,NKI,0.23805555555555555,asl
449,NKI,0.3844444444444444,asl
450,NKI,0.08777777777777777,asl
451,NKI,0.08833333333333333,asl
453,NKI,0.42777777777777776,asl
455,NKI,0.0875,asl
456,NKI,0.2708333333333333,asl
460,NKI,0.07472222222222222,asl
461,NKI,0.09416666666666666,asl
462,NKI,0.41888888888888887,asl
463,NKI,0.08777777777777777,asl
465,NKI,0.08972222222222222,asl
466,NKI,0.08944444444444444,asl
468,NKI,0.09638888888888889,asl
469,NKI,0.3302777777777778,asl
471,NKI,0.09083333333333334,asl
472,NKI,0.4022222222222222,asl
473,NKI,0.4752777777777778,asl
475,NKI,0.08944444444444444,asl
476,NKI,0.08944444444444444,asl
479,NKI,0.3211111111111111,asl
480,NKI,0.09194444444444444,asl
481,NKI,0.09444444444444444,asl
483,NKI,0.465,asl
484,NKI,0.3333333333333333,asl
486,NKI,0.0825,asl
489,NKI,0.09027777777777778,asl
490,NKI,0.09472222222222222,asl
491,NKI,0.09361111111111112,asl
492,NKI,0.4413888888888889,asl
494,NKI,0.47333333333333333,asl
495,NKI,0.08888888888888889,asl
496,NKI,0.095,asl
497,NKI,0.0825,asl
500,NKI,0.09,asl
501,NKI,0.09722222222222222,asl
502,NKI,0.09388888888888888,asl
503,NKI,0.4147222222222222,asl
505,NKI,0.08722222222222223,asl
506,NKI,0.08861111111111111,asl
507,NKI,0.09361111111111112,asl
510,NKI,0.08333333333333333,asl
511,NKI,0.09388888888888888,asl
513,NKI,0.4572222222222222,asl
514,NKI,0.45916666666666667,asl
515,NKI,0.08861111111111111,asl
517,NKI,0.09305555555555556,asl
518,NKI,0.475,asl
520,NKI,0.0825,asl
521,NKI,0.09333333333333334,asl
522,NKI,0.09555555555555556,asl
523,NKI,0.43472222222222223,asl
526,NKI,0.09722222222222222,asl
528,NKI,0.46111111111111114,asl
529,NKI,0.4722222222222222,asl
530,NKI,0.09333333333333334,asl
532,NKI,0.09305555555555556,asl
535,NKI,0.09472222222222222,asl
536,NKI,0.08666666666666667,asl
538,NKI,0.43583333333333335,asl
540,NKI,0.09444444444444444,asl
541,NKI,0.08583333333333333,asl
542,NKI,0.22972222222222222,asl
543,NKI,0.09555555555555556,asl
544,NKI,0.47555555555555556,asl
545,NKI,0.09333333333333334,asl
547,NKI,0.43,asl
548,NKI,0.33,asl
549,NKI,0.33944444444444444,asl
550,NKI,0.09083333333333334,asl
551,NKI,0.0961111111111111,asl
552,NKI,0.4658333333333333,asl
555,NKI,0.09722222222222222,asl
556,NKI,0.2644444444444444,asl
557,NKI,0.07972222222222222,asl
560,NKI,0.09666666666666666,asl
561,NKI,0.09666666666666666,asl
562,NKI,0.4663888888888889,asl
563,NKI,0.44277777777777777,asl
565,NKI,0.09527777777777778,asl
566,NKI,0.09027777777777778,asl
567,NKI,0.4613888888888889,asl
568,NKI,0.44416666666666665,asl
570,NKI,0.09472222222222222,asl
571,NKI,0.0961111111111111,asl
572,NKI,0.09694444444444444,asl
573,NKI,0.45361111111111113,asl
574,NKI,0.4475,asl
575,NKI,0.09083333333333334,asl
576,NKI,0.09194444444444444,asl
578,NKI,0.09472222222222222,asl
579,NKI,0.4677777777777778,asl
580,NKI,0.08972222222222222,asl
581,NKI,0.09972222222222223,asl
582,NKI,0.40194444444444444,asl
584,NKI,0.43666666666666665,asl
585,NKI,0.09555555555555556,asl
586,NKI,0.09333333333333334,asl
587,NKI,0.4713888888888889,asl
588,NKI,0.09222222222222222,asl
590,NKI,0.0961111111111111,asl
591,NKI,0.09416666666666666,asl
592,NKI,0.44916666666666666,asl
594,NKI,0.45444444444444443,asl
597,NKI,0.4558333333333333,asl
602,NKI,0.46055555555555555,asl
605,NKI,0.09472222222222222,asl
606,NKI,0.09416666666666666,asl
610,NKI,0.09361111111111112,asl
612,NKI,0.4425,asl
615,NKI,0.26166666666666666,asl
616,NKI,0.095,asl
617,NKI,0.4136111111111111,asl
620,NKI,0.095,asl
621,NKI,0.09694444444444444,asl
624,NKI,0.44166666666666665,asl
625,NKI,0.09111111111111111,asl
626,NKI,0.095,asl
630,NKI,0.08194444444444444,asl
631,NKI,0.08972222222222222,asl
633,NKI,0.48138888888888887,asl
635,NKI,0.0975,asl
636,NKI,0.09666666666666666,asl
637,NKI,0.07833333333333334,asl
638,NKI,0.485,asl
640,NKI,0.09,asl
641,NKI,0.0913888888888889,asl
642,NKI,0.4636111111111111,asl
643,NKI,0.4027777777777778,asl
645,NKI,0.08916666666666667,asl
646,NKI,0.09194444444444444,asl
647,NKI,0.4538888888888889,asl
650,NKI,0.08861111111111111,asl
651,NKI,0.4686111111111111,asl
653,NKI,0.4613888888888889,asl
655,NKI,0.09555555555555556,asl
656,NKI,0.45666666666666667,asl
660,NKI,0.08888888888888889,asl
661,NKI,0.09,asl
663,NKI,0.44083333333333335,asl
665,NKI,0.0875,asl
666,NKI,0.09361111111111112,asl
667,NKI,0.4452777777777778,asl
668,NKI,0.4533333333333333,asl
669,NKI,0.45611111111111113,asl
670,NKI,0.09333333333333334,asl
671,NKI,0.4577777777777778,asl
672,NKI,0.4527777777777778,asl
673,NKI,0.4436111111111111,asl
675,NKI,0.0925,asl
676,NKI,0.42444444444444446,asl
680,NKI,0.26555555555555554,asl
681,NKI,0.4583333333333333,asl
686,NKI,0.43444444444444447,asl
688,NKI,0.44222222222222224,asl
689,NKI,0.4305555555555556,asl
690,NKI,0.09527777777777778,asl
691,NKI,0.41305555555555556,asl
693,NKI,0.08805555555555555,asl
695,NKI,0.09694444444444444,asl
696,NKI,0.42583333333333334,asl
697,NKI,0.3938888888888889,asl
698,NKI,0.40194444444444444,asl
700,NKI,0.09027777777777778,asl
701,NKI,0.43222222222222223,asl
702,NKI,0.4286111111111111,asl
705,NKI,0.2991666666666667,asl
706,NKI,0.425,asl
707,NKI,0.4275,asl
710,NKI,0.09472222222222222,asl
713,NKI,0.43222222222222223,asl
714,NKI,0.09166666666666666,asl
715,NKI,0.08805555555555555,asl
716,NKI,0.41583333333333333,asl
720,NKI,0.09111111111111111,asl
721,NKI,0.42777777777777776,asl
722,NKI,0.41333333333333333,asl
725,NKI,0.3055555555555556,asl
726,NKI,0.41388888888888886,asl
727,NKI,0.40805555555555556,asl
728,NKI,0.4111111111111111,asl
734,NKI,0.09444444444444444,asl
735,NKI,0.44916666666666666,asl
736,NKI,0.4161111111111111,asl
737,NKI,0.41583333333333333,asl
739,NKI,0.4086111111111111,asl
741,NKI,0.41194444444444445,asl
743,NKI,0.4475,asl
745,NKI,0.095,asl
746,NKI,0.42388888888888887,asl
750,NKI,0.095,asl
751,NKI,0.4191666666666667,asl
752,NKI,0.41638888888888886,asl
755,NKI,0.4513888888888889,asl
756,NKI,0.39666666666666667,asl
757,NKI,0.40305555555555556,asl
761,NKI,0.465,asl
762,NKI,0.45472222222222225,asl
765,NKI,0.09472222222222222,asl
766,NKI,0.41388888888888886,asl
767,NKI,0.41333333333333333,asl
769,NKI,0.41444444444444445,asl
770,NKI,0.09111111111111111,asl
771,NKI,0.41555555555555557,asl
772,NKI,0.415,asl
774,NKI,0.4052777777777778,asl
775,NKI,0.09583333333333334,asl
776,NKI,0.09,asl
779,NKI,0.46,asl
780,NKI,0.0925,asl
781,NKI,0.46166666666666667,asl
782,NKI,0.4177777777777778,asl
785,NKI,0.09638888888888889,asl
786,NKI,0.09472222222222222,asl
790,NKI,0.1,asl
792,NKI,0.4613888888888889,asl
793,NKI,0.46805555555555556,asl
796,NKI,0.4230555555555556,asl
797,NKI,0.42277777777777775,asl
798,NKI,0.48277777777777775,asl
800,NKI,0.10166666666666667,asl
801,NKI,0.4469444444444444,asl
802,NKI,0.4313888888888889,asl
805,NKI,0.10055555555555555,asl
806,NKI,0.42916666666666664,asl
807,NKI,0.4425,asl
808,NKI,0.44305555555555554,asl
810,NKI,0.10305555555555555,asl
811,NKI,0.4508333333333333,asl
812,NKI,0.44666666666666666,asl
813,NKI,0.4413888888888889,asl
815,NKI,0.1,asl
816,NKI,0.4436111111111111,asl
818,NKI,0.4475,asl
820,NKI,0.10305555555555555,asl
823,NKI,0.43944444444444447,asl
825,NKI,0.11027777777777778,asl
826,NKI,0.43805555555555553,asl
828,NKI,0.3794444444444444,asl
830,NKI,0.12222222222222222,asl
831,NKI,0.43166666666666664,asl
833,NKI,0.41638888888888886,asl
834,NKI,0.4075,asl
835,NKI,0.10055555555555555,asl
836,NKI,0.4452777777777778,asl
837,NKI,0.43416666666666665,asl
838,NKI,0.45361111111111113,asl
840,NKI,0.10055555555555555,asl
841,NKI,0.4127777777777778,asl
843,NKI,0.4211111111111111,asl
845,NKI,0.2902777777777778,asl
846,NKI,0.4361111111111111,asl
847,NKI,0.11944444444444445,asl
850,NKI,0.2877777777777778,asl
851,NKI,0.38666666666666666,asl
852,NKI,0.37916666666666665,asl
854,NKI,0.12444444444444444,asl
855,NKI,0.12583333333333332,asl
856,NKI,0.42777777777777776,asl
857,NKI,0.37583333333333335,asl
858,NKI,0.4222222222222222,asl
859,NKI,0.10055555555555555,asl
860,NKI,0.10888888888888888,asl
861,NKI,0.3686111111111111,asl
862,NKI,0.39,asl
863,NKI,0.4313888888888889,asl
865,NKI,0.12638888888888888,asl
866,NKI,0.41333333333333333,asl
867,NKI,0.4047222222222222,asl
868,NKI,0.42277777777777775,asl
870,NKI,0.12166666666666667,asl
871,NKI,0.43,asl
872,NKI,0.40944444444444444,asl
874,NKI,0.35444444444444445,asl
875,NKI,0.43527777777777776,asl
876,NKI,0.3486111111111111,asl
879,NKI,0.4272222222222222,asl
880,NKI,0.1213888888888889,asl
881,NKI,0.41888888888888887,asl
882,NKI,0.12361111111111112,asl
884,NKI,0.4161111111111111,asl
885,NKI,0.1125,asl
886,NKI,0.40805555555555556,asl
887,NKI,0.35305555555555557,asl
888,NKI,0.4225,asl
891,NKI,0.4008333333333333,asl
892,NKI,0.43527777777777776,asl
895,NKI,0.12333333333333334,asl
896,NKI,0.4305555555555556,asl
898,NKI,0.3663888888888889,asl
900,NKI,0.12666666666666668,asl
901,NKI,0.4261111111111111,asl
902,NKI,0.11666666666666667,asl
903,NKI,0.3466666666666667,asl
905,NKI,0.11611111111111111,asl
906,NKI,0.35805555555555557,asl
907,NKI,0.34305555555555556,asl
909,NKI,0.35333333333333333,asl
910,NKI,0.11694444444444445,asl
911,NKI,0.33416666666666667,asl
912,NKI,0.3447222222222222,asl
913,NKI,0.39194444444444443,asl
914,NKI,0.49972222222222223,asl
915,NKI,0.12222222222222222,asl
916,NKI,0.40055555555555555,asl
917,NKI,0.4225,asl
920,NKI,0.24305555555555555,asl
921,NKI,0.3397222222222222,asl
922,NKI,0.41055555555555556,asl
923,NKI,0.35,asl
925,NKI,0.10583333333333333,asl
926,NKI,0.3888888888888889,asl
927,NKI,0.34,asl
929,NKI,0.4125,asl
930,NKI,0.08916666666666667,asl
931,NKI,0.39861111111111114,asl
932,NKI,0.42277777777777775,asl
934,NKI,0.35944444444444446,asl
935,NKI,0.11555555555555555,asl
936,NKI,0.41305555555555556,asl
938,NKI,0.40194444444444444,asl
941,NKI,0.39,asl
943,NKI,0.38,asl
944,NKI,0.39555555555555555,asl
945,NKI,0.1063888888888889,asl
946,NKI,0.095,asl
947,NKI,0.41,asl
950,NKI,0.09194444444444444,asl
952,NKI,0.39666666666666667,asl
953,NKI,0.36916666666666664,asl
955,NKI,0.09583333333333334,asl
956,NKI,0.3927777777777778,asl
957,NKI,0.3883333333333333,asl
958,NKI,0.31277777777777777,asl
960,NKI,0.09583333333333334,asl
961,NKI,0.3322222222222222,asl
962,NKI,0.37583333333333335,asl
964,NKI,0.09472222222222222,asl
965,NKI,0.44305555555555554,asl
966,NKI,0.42444444444444446,asl
967,NKI,0.39694444444444443,asl
969,NKI,0.3933333333333333,asl
970,NKI,0.09638888888888889,asl
971,NKI,0.37777777777777777,asl
972,NKI,0.3861111111111111,asl
973,NKI,0.31666666666666665,asl
974,NKI,0.3875,asl
975,NKI,0.09444444444444444,asl
976,NKI,0.09583333333333334,asl
977,NKI,0.48333333333333334,asl
978,NKI,0.38916666666666666,asl
980,NKI,0.08277777777777778,asl
981,NKI,0.38222222222222224,asl
982,NKI,0.36777777777777776,asl
985,NKI,0.49277777777777776,asl
986,NKI,0.39611111111111114,asl
988,NKI,0.3788888888888889,asl
989,NKI,0.3169444444444444,asl
990,NKI,0.09444444444444444,asl
991,NKI,0.37472222222222223,asl
992,NKI,0.3211111111111111,asl
993,NKI,0.3288888888888889,asl
995,NKI,0.09583333333333334,asl
996,NKI,0.37694444444444447,asl
997,NKI,0.39305555555555555,asl
1002,NKI,0.4036111111111111,asl
1005,NKI,0.09583333333333334,asl
1006,NKI,0.38305555555555554,asl
1007,NKI,0.3927777777777778,asl
1008,NKI,0.40694444444444444,asl
1011,NKI,0.3952777777777778,asl
1012,NKI,0.385,asl
1015,NKI,0.08916666666666667,asl
1016,NKI,0.4058333333333333,asl
1019,NKI,0.09083333333333334,asl
1020,NKI,0.0763888888888889,asl
1021,NKI,0.3983333333333333,asl
1022,NKI,0.39805555555555555,asl
1023,NKI,0.49472222222222223,asl
1025,NKI,0.0961111111111111,asl
1026,NKI,0.3063888888888889,asl
1030,NKI,0.09305555555555556,asl
1031,NKI,0.38222222222222224,asl
1032,NKI,0.35944444444444446,asl
1033,NKI,0.38722222222222225,asl
1035,NKI,0.08416666666666667,asl
1036,NKI,0.37527777777777777,asl
1037,NKI,0.39,asl
1039,NKI,0.09333333333333334,asl
1040,NKI,0.095,asl
1041,NKI,0.37583333333333335,asl
1042,NKI,0.33416666666666667,asl
1043,NKI,0.38972222222222225,asl
1045,NKI,0.09305555555555556,asl
1046,NKI,0.3838888888888889,asl
1048,NKI,0.31833333333333336,asl
1050,NKI,0.08972222222222222,asl
1051,NKI,0.4152777777777778,asl
1052,NKI,0.4038888888888889,asl
1053,NKI,0.40694444444444444,asl
1055,NKI,0.49722222222222223,asl
1056,NKI,0.40166666666666667,asl
1057,NKI,0.4797222222222222,asl
1060,NKI,0.08944444444444444,asl
1061,NKI,0.3875,asl
1062,NKI,0.0913888888888889,asl
1063,NKI,0.39805555555555555,asl
1065,NKI,0.08777777777777777,asl
1066,NKI,0.4022222222222222,asl
1067,NKI,0.39444444444444443,asl
1069,NKI,0.3763888888888889,asl
1070,NKI,0.0913888888888889,asl
1071,NKI,0.3225,asl
1072,NKI,0.3786111111111111,asl
1073,NKI,0.3005555555555556,asl
1074,NKI,0.30944444444444447,asl
1075,NKI,0.09388888888888888,asl
1076,NKI,0.31194444444444447,asl
1079,NKI,0.4938888888888889,asl
1080,NKI,0.09416666666666666,asl
1081,NKI,0.34694444444444444,asl
1082,NKI,0.4036111111111111,asl
1085,NKI,0.08,asl
1086,NKI,0.3908333333333333,asl
1087,NKI,0.3938888888888889,asl
1088,NKI,0.39,asl
1090,NKI,0.25333333333333335,asl
1092,NKI,0.3688888888888889,asl
1093,NKI,0.3705555555555556,asl
1095,NKI,0.4263888888888889,asl
1096,NKI,0.39305555555555555,asl
1099,NKI,0.37833333333333335,asl
1100,NKI,0.09444444444444444,asl
1105,NKI,0.09027777777777778,asl
1106,NKI,0.09555555555555556,asl
1107,NKI,0.3111111111111111,asl
1108,NKI,0.38055555555555554,asl
1110,NKI,0.09805555555555556,asl
1111,NKI,0.39361111111111113,asl
1112,NKI,0.0961111111111111,asl
1113,NKI,0.37583333333333335,asl
1114,NKI,0.09416666666666666,asl
1115,NKI,0.0961111111111111,asl
1116,NKI,0.38472222222222224,asl
1117,NKI,0.37916666666666665,asl
1118,NKI,0.3902777777777778,asl
1120,NKI,0.09666666666666666,asl
1122,NKI,0.3377777777777778,asl
1123,NKI,0.44666666666666666,asl
1125,NKI,0.09,asl
1127,NKI,0.31333333333333335,asl
1130,NKI,0.095,asl
1131,NKI,0.37666666666666665,asl
1133,NKI,0.4761111111111111,asl
1135,NKI,0.09083333333333334,asl
1136,NKI,0.36777777777777776,asl
1137,NKI,0.09027777777777778,asl
1140,NKI,0.09444444444444444,asl
1142,NKI,0.36944444444444446,asl
1143,NKI,0.32916666666666666,asl
1145,NKI,0.0913888888888889,asl
1146,NKI,0.4058333333333333,asl
1149,NKI,0.39861111111111114,asl
1150,NKI,0.09444444444444444,asl
1151,NKI,0.4822222222222222,asl
1155,NKI,0.08888888888888889,asl
1156,NKI,0.37194444444444447,asl
1157,NKI,0.3927777777777778,asl
1160,NKI,0.095,asl
1161,NKI,0.3844444444444444,asl
1162,NKI,0.3636111111111111,asl
1165,NKI,0.09472222222222222,asl
1166,NKI,0.41305555555555556,asl
1167,NKI,0.32861111111111113,asl
1169,NKI,0.3952777777777778,asl
1170,NKI,0.48333333333333334,asl
1171,NKI,0.40194444444444444,asl
1172,NKI,0.38166666666666665,asl
1173,NKI,0.33194444444444443,asl
1175,NKI,0.09,asl
1176,NKI,0.3736111111111111,asl
1177,NKI,0.38305555555555554,asl
1179,NKI,0.38055555555555554,asl
1180,NKI,0.0763888888888889,asl
1182,NKI,0.3888888888888889,asl
1185,NKI,0.24916666666666668,asl
1186,NKI,0.4777777777777778,asl
1187,NKI,0.37833333333333335,asl
1190,NKI,0.0961111111111111,asl
1192,NKI,0.38305555555555554,asl
1193,NKI,0.38555555555555554,asl
1194,NKI,0.37472222222222223,asl
1195,NKI,0.08777777777777777,asl
1196,NKI,0.39,asl
1197,NKI,0.3688888888888889,asl
1200,NKI,0.0925,asl
1201,NKI,0.36333333333333334,asl
1202,NKI,0.38861111111111113,asl
1204,NKI,0.3888888888888889,asl
1205,NKI,0.07777777777777778,asl
1207,NKI,0.3869444444444444,asl
1209,NKI,0.38333333333333336,asl
1210,NKI,0.09027777777777778,asl
1211,NKI,0.4041666666666667,asl
1212,NKI,0.33444444444444443,asl
1215,NKI,0.09416666666666666,asl
1217,NKI,0.3933333333333333,asl
1220,NKI,0.095,asl
1221,NKI,0.39944444444444444,asl
1222,NKI,0.3233333333333333,asl
1223,NKI,0.3827777777777778,asl
1224,NKI,0.37444444444444447,asl
1225,NKI,0.09777777777777778,asl
1226,NKI,0.31027777777777776,asl
1228,NKI,0.32416666666666666,asl
1229,NKI,0.345,asl
1230,NKI,0.4922222222222222,asl
1231,NKI,0.3952777777777778,asl
1232,NKI,0.36527777777777776,asl
1235,NKI,0.2511111111111111,asl
1239,NKI,0.38416666666666666,asl
1240,NKI,0.09666666666666666,asl
1241,NKI,0.38083333333333336,asl
1245,NKI,0.09527777777777778,asl
1246,NKI,0.38972222222222225,asl
1247,NKI,0.38166666666666665,asl
1250,NKI,0.09555555555555556,asl
1251,NKI,0.33916666666666667,asl
1252,NKI,0.37555555555555553,asl
1253,NKI,0.4011111111111111,asl
1255,NKI,0.08277777777777778,asl
1256,NKI,0.42138888888888887,asl
1257,NKI,0.3877777777777778,asl
1258,NKI,0.3738888888888889,asl
1259,NKI,0.39166666666666666,asl
1260,NKI,0.08222222222222222,asl
1262,NKI,0.3688888888888889,asl
1263,NKI,0.09388888888888888,asl
1264,NKI,0.3622222222222222,asl
1265,NKI,0.08944444444444444,asl
1266,NKI,0.37916666666666665,asl
1267,NKI,0.3933333333333333,asl
1268,NKI,0.09166666666666666,asl
1271,NKI,0.38805555555555554,asl
1272,NKI,0.38861111111111113,asl
1274,NKI,0.3844444444444444,asl
1275,NKI,0.25055555555555553,asl
1276,NKI,0.33111111111111113,asl
1277,NKI,0.3811111111111111,asl
1278,NKI,0.0913888888888889,asl
1280,NKI,0.0925,asl
1281,NKI,0.37083333333333335,asl
1283,NKI,0.08472222222222223,asl
1285,NKI,0.095,asl
1286,NKI,0.4041666666666667,asl
1287,NKI,0.3705555555555556,asl
1290,NKI,0.08861111111111111,asl
1291,NKI,0.4716666666666667,asl
1292,NKI,0.3411111111111111,asl
1293,NKI,0.3819444444444444,asl
1295,NKI,0.08333333333333333,asl
1297,NKI,0.3213888888888889,asl
1299,NKI,0.4008333333333333,asl
1303,NKI,0.3947222222222222,asl
1304,NKI,0.09555555555555556,asl
1305,NKI,0.37333333333333335,asl
1307,NKI,0.38861111111111113,asl
1308,NKI,0.08638888888888889,asl
1310,NKI,0.3902777777777778,asl
1311,NKI,0.30833333333333335,asl
23,PNC,3.850277777777778,anat
28,PNC,4.671944444444445,anat
62,PNC,4.705555555555556,anat
89,PNC,4.670277777777778,anat
97,PNC,4.6161111111111115,anat
119,PNC,3.8758333333333335,anat
123,PNC,4.616666666666666,anat
125,PNC,3.8713888888888888,anat
130,PNC,4.626388888888889,anat
150,PNC,4.748333333333333,anat
193,PNC,4.6325,anat
199,PNC,4.6075,anat
215,PNC,4.715,anat
250,PNC,3.8516666666666666,anat
270,PNC,4.611944444444444,anat
286,PNC,4.691944444444444,anat
306,PNC,4.634166666666666,anat
315,PNC,4.5825,anat
318,PNC,4.635833333333333,anat
329,PNC,4.786944444444444,anat
334,PNC,4.6819444444444445,anat
349,PNC,4.624722222222222,anat
362,PNC,4.64,anat
411,PNC,4.511666666666667,anat
413,PNC,4.598888888888889,anat
422,PNC,4.602777777777778,anat
443,PNC,4.445,anat
446,PNC,4.545277777777778,anat
449,PNC,4.506666666666667,anat
467,PNC,4.7122222222222225,anat
483,PNC,3.82,anat
515,PNC,4.631944444444445,anat
518,PNC,4.592222222222222,anat
519,PNC,4.707222222222223,anat
536,PNC,4.776666666666666,anat
568,PNC,4.583888888888889,anat
570,PNC,4.569166666666667,anat
589,PNC,4.5744444444444445,anat
592,PNC,4.630833333333333,anat
630,PNC,4.654444444444445,anat
653,PNC,4.6563888888888885,anat
661,PNC,4.565,anat
663,PNC,4.6525,anat
674,PNC,4.674722222222222,anat
683,PNC,4.6625,anat
696,PNC,4.668888888888889,anat
720,PNC,4.923055555555556,anat
725,PNC,3.9305555555555554,anat
727,PNC,4.147222222222222,anat
735,PNC,3.9858333333333333,anat
759,PNC,4.623611111111111,anat
762,PNC,4.578611111111111,anat
800,PNC,4.560277777777777,anat
818,PNC,4.504722222222222,anat
819,PNC,4.582222222222223,anat
833,PNC,4.626944444444445,anat
858,PNC,4.434166666666667,anat
862,PNC,4.584444444444444,anat
882,PNC,4.592777777777778,anat
887,PNC,4.586111111111111,anat
900,PNC,4.455555555555556,anat
927,PNC,4.536388888888889,anat
948,PNC,4.560555555555555,anat
951,PNC,4.5625,anat
975,PNC,3.5580555555555557,anat
1010,PNC,4.598055555555556,anat
1021,PNC,4.662222222222222,anat
1037,PNC,4.643055555555556,anat
1049,PNC,4.619722222222222,anat
1068,PNC,4.594722222222222,anat
1075,PNC,4.5536111111111115,anat
1090,PNC,4.665555555555556,anat
1097,PNC,3.9805555555555556,anat
1106,PNC,4.595277777777778,anat
1123,PNC,4.723611111111111,anat
1151,PNC,4.533055555555555,anat
1162,PNC,4.598055555555556,anat
1189,PNC,4.6033333333333335,anat
1199,PNC,4.583888888888889,anat
1201,PNC,4.5505555555555555,anat
1221,PNC,4.560833333333333,anat
1225,PNC,4.5777777777777775,anat
1252,PNC,4.5441666666666665,anat
1255,PNC,4.5680555555555555,anat
1258,PNC,4.569444444444445,anat
1262,PNC,4.558611111111111,anat
1286,PNC,4.493888888888889,anat
1302,PNC,4.5569444444444445,anat
1307,PNC,4.556111111111111,anat
1317,PNC,4.560555555555555,anat
1325,PNC,4.616666666666666,anat
1331,PNC,4.5536111111111115,anat
1355,PNC,4.628888888888889,anat
1358,PNC,4.585833333333333,anat
1379,PNC,4.546111111111111,anat
1418,PNC,4.5313888888888885,anat
1427,PNC,4.5725,anat
1454,PNC,4.7122222222222225,anat
1551,PNC,4.669444444444444,anat
1576,PNC,3.8008333333333333,anat
1578,PNC,4.558611111111111,anat
1599,PNC,3.8841666666666668,anat
23,PNC,0.4936111111111111,asl
28,PNC,0.37166666666666665,asl
62,PNC,0.18777777777777777,asl
89,PNC,0.18777777777777777,asl
97,PNC,0.3497222222222222,asl
119,PNC,0.18861111111111112,asl
123,PNC,0.1875,asl
125,PNC,0.18805555555555556,asl
130,PNC,0.3452777777777778,asl
150,PNC,0.39,asl
193,PNC,0.2752777777777778,asl
199,PNC,0.3125,asl
215,PNC,0.1775,asl
250,PNC,0.17722222222222223,asl
270,PNC,0.4008333333333333,asl
286,PNC,0.17722222222222223,asl
306,PNC,0.17722222222222223,asl
315,PNC,0.18333333333333332,asl
318,PNC,0.17722222222222223,asl
329,PNC,0.33444444444444443,asl
334,PNC,0.17277777777777778,asl
349,PNC,0.4855555555555556,asl
362,PNC,0.18138888888888888,asl
411,PNC,0.43666666666666665,asl
413,PNC,0.16666666666666666,asl
422,PNC,0.17777777777777778,asl
443,PNC,0.3794444444444444,asl
446,PNC,0.18,asl
449,PNC,0.17666666666666667,asl
467,PNC,0.4816666666666667,asl
483,PNC,0.17833333333333334,asl
515,PNC,0.49805555555555553,asl
518,PNC,0.2697222222222222,asl
519,PNC,0.1763888888888889,asl
536,PNC,0.4855555555555556,asl
568,PNC,0.4986111111111111,asl
570,PNC,0.18055555555555555,asl
589,PNC,0.17722222222222223,asl
592,PNC,0.31027777777777776,asl
630,PNC,0.48055555555555557,asl
653,PNC,0.15666666666666668,asl
661,PNC,0.18222222222222223,asl
663,PNC,0.3686111111111111,asl
674,PNC,0.17972222222222223,asl
683,PNC,0.18055555555555555,asl
696,PNC,0.38027777777777777,asl
720,PNC,0.18055555555555555,asl
725,PNC,0.18416666666666667,asl
727,PNC,0.275,asl
735,PNC,0.36694444444444446,asl
759,PNC,0.3794444444444444,asl
762,PNC,0.1802777777777778,asl
800,PNC,0.31916666666666665,asl
818,PNC,0.18194444444444444,asl
819,PNC,0.17194444444444446,asl
833,PNC,0.17805555555555555,asl
858,PNC,0.2961111111111111,asl
862,PNC,0.4052777777777778,asl
882,PNC,0.17694444444444443,asl
887,PNC,0.17527777777777778,asl
900,PNC,0.25222222222222224,asl
927,PNC,0.17833333333333334,asl
948,PNC,0.49916666666666665,asl
951,PNC,0.3863888888888889,asl
975,PNC,0.1502777777777778,asl
1010,PNC,0.37,asl
1021,PNC,0.36777777777777776,asl
1037,PNC,0.24888888888888888,asl
1049,PNC,0.18777777777777777,asl
1068,PNC,0.2802777777777778,asl
1075,PNC,0.2777777777777778,asl
1090,PNC,0.15916666666666668,asl
1097,PNC,0.40694444444444444,asl
1106,PNC,0.4963888888888889,asl
1123,PNC,0.1786111111111111,asl
1151,PNC,0.48944444444444446,asl
1162,PNC,0.17722222222222223,asl
1189,PNC,0.1786111111111111,asl
1199,PNC,0.1775,asl
1201,PNC,0.49833333333333335,asl
1221,PNC,0.4925,asl
1225,PNC,0.4711111111111111,asl
1252,PNC,0.4905555555555556,asl
1255,PNC,0.15388888888888888,asl
1258,PNC,0.4841666666666667,asl
1262,PNC,0.17777777777777778,asl
1286,PNC,0.47888888888888886,asl
1302,PNC,0.17555555555555555,asl
1307,PNC,0.4922222222222222,asl
1317,PNC,0.49527777777777776,asl
1325,PNC,0.15583333333333332,asl
1331,PNC,0.3333333333333333,asl
1355,PNC,0.27111111111111114,asl
1358,PNC,0.17,asl
1379,PNC,0.49166666666666664,asl
1418,PNC,0.1811111111111111,asl
1427,PNC,0.3616666666666667,asl
1454,PNC,0.1802777777777778,asl
1551,PNC,0.17944444444444443,asl
1576,PNC,0.1802777777777778,asl
1578,PNC,0.28805555555555556,asl
1599,PNC,0.18,asl
0,IRR,4.706666666666667,anat
1,IRR,4.654444444444445,anat
2,IRR,4.637222222222222,anat
3,IRR,4.688888888888889,anat
4,IRR,4.793888888888889,anat
5,IRR,4.650555555555556,anat
6,IRR,4.653333333333333,anat
7,IRR,4.601666666666667,anat
8,IRR,4.651388888888889,anat
9,IRR,4.673611111111111,anat
10,IRR,4.610555555555556,anat
11,IRR,4.576666666666667,anat
12,IRR,4.671666666666667,anat
13,IRR,4.600555555555555,anat
14,IRR,4.651111111111111,anat
15,IRR,5.439444444444445,anat
16,IRR,4.634166666666666,anat
17,IRR,4.626944444444445,anat
18,IRR,4.646111111111111,anat
19,IRR,4.676111111111111,anat
20,IRR,4.838611111111111,anat
21,IRR,4.757777777777778,anat
22,IRR,4.647777777777778,anat
23,IRR,4.622222222222222,anat
24,IRR,4.604722222222223,anat
25,IRR,4.7575,anat
26,IRR,4.6161111111111115,anat
27,IRR,4.105833333333333,anat
28,IRR,4.774444444444445,anat
29,IRR,4.571666666666666,anat
30,IRR,3.5033333333333334,anat
31,IRR,4.730277777777777,anat
32,IRR,4.733888888888889,anat
33,IRR,4.935555555555555,anat
34,IRR,4.747222222222222,anat
35,IRR,4.601666666666667,anat
36,IRR,4.576944444444444,anat
37,IRR,4.716111111111111,anat
38,IRR,4.645833333333333,anat
39,IRR,4.64,anat
40,IRR,4.625277777777778,anat
41,IRR,4.566388888888889,anat
42,IRR,4.656944444444444,anat
43,IRR,4.658888888888889,anat
44,IRR,4.758611111111111,anat
45,IRR,4.818333333333333,anat
46,IRR,4.633333333333334,anat
47,IRR,4.616388888888889,anat
48,IRR,4.604722222222223,anat
49,IRR,4.819166666666667,anat
50,IRR,4.654444444444445,anat
51,IRR,4.641944444444444,anat
52,IRR,4.559444444444445,anat
53,IRR,4.002222222222223,anat
54,IRR,4.7675,anat
55,IRR,4.57,anat
56,IRR,4.733888888888889,anat
57,IRR,4.6402777777777775,anat
58,IRR,4.643611111111111,anat
59,IRR,4.791111111111111,anat
60,IRR,4.67,anat
61,IRR,4.596388888888889,anat
62,IRR,3.6466666666666665,anat
63,IRR,5.403888888888889,anat
64,IRR,4.638888888888889,anat
65,IRR,4.789166666666667,anat
66,IRR,4.678333333333334,anat
67,IRR,4.623333333333333,anat
68,IRR,4.689444444444445,anat
70,IRR,4.737222222222222,anat
71,IRR,4.623611111111111,anat
72,IRR,4.669444444444444,anat
73,IRR,4.693611111111111,anat
74,IRR,4.219444444444444,anat
75,IRR,4.774166666666667,anat
76,IRR,4.579444444444444,anat
77,IRR,4.716944444444445,anat
78,IRR,4.751666666666667,anat
79,IRR,5.275277777777778,anat
80,IRR,4.7027777777777775,anat
81,IRR,4.9875,anat
82,IRR,5.313888888888889,anat
83,IRR,4.6627777777777775,anat
85,IRR,5.296944444444445,anat
86,IRR,4.6225,anat
87,IRR,4.788333333333333,anat
88,IRR,3.57,anat
89,IRR,4.636388888888889,anat
90,IRR,4.746666666666667,anat
91,IRR,4.686944444444444,anat
92,IRR,4.035,anat
93,IRR,4.730833333333333,anat
94,IRR,4.595555555555555,anat
95,IRR,5.038055555555555,anat
96,IRR,4.701666666666667,anat
97,IRR,4.756944444444445,anat
98,IRR,5.325555555555556,anat
99,IRR,4.675833333333333,anat
102,IRR,5.112777777777778,anat
103,IRR,4.687222222222222,anat
104,IRR,4.6433333333333335,anat
105,IRR,4.275277777777778,anat
106,IRR,4.753888888888889,anat
107,IRR,3.6130555555555555,anat
109,IRR,5.4063888888888885,anat
110,IRR,4.7225,anat
111,IRR,5.095277777777778,anat
112,IRR,4.8869444444444445,anat
113,IRR,4.6786111111111115,anat
115,IRR,5.3133333333333335,anat
116,IRR,4.6675,anat
117,IRR,4.049444444444444,anat
118,IRR,4.69,anat
119,IRR,5.089166666666666,anat
120,IRR,3.6308333333333334,anat
121,IRR,4.817222222222222,anat
122,IRR,5.3,anat
123,IRR,4.591388888888889,anat
125,IRR,5.1097222222222225,anat
126,IRR,4.231111111111111,anat
127,IRR,4.703611111111111,anat
128,IRR,5.454722222222222,anat
129,IRR,5.153611111111111,anat
130,IRR,4.8125,anat
132,IRR,5.3025,anat
133,IRR,5.110277777777778,anat
134,IRR,4.775555555555556,anat
135,IRR,5.331944444444445,anat
137,IRR,5.0008333333333335,anat
138,IRR,5.414444444444444,anat
139,IRR,4.226111111111111,anat
140,IRR,4.542777777777777,anat
141,IRR,4.6002777777777775,anat
142,IRR,4.889166666666667,anat
144,IRR,5.3052777777777775,anat
145,IRR,5.0744444444444445,anat
146,IRR,5.321111111111111,anat
148,IRR,5.079444444444444,anat
149,IRR,5.372777777777777,anat
150,IRR,4.8425,anat
152,IRR,5.262777777777778,anat
153,IRR,5.0744444444444445,anat
154,IRR,3.535277777777778,anat
156,IRR,3.6577777777777776,anat
157,IRR,3.549722222222222,anat
158,IRR,5.3775,anat
159,IRR,3.4161111111111113,anat
160,IRR,3.9586111111111113,anat
161,IRR,4.587777777777778,anat
162,IRR,4.754166666666666,anat
163,IRR,4.589444444444444,anat
164,IRR,4.786111111111111,anat
0,IRR,0.30444444444444446,asl
1,IRR,0.32,asl
2,IRR,0.2513888888888889,asl
3,IRR,0.31555555555555553,asl
4,IRR,0.31222222222222223,asl
5,IRR,0.3,asl
6,IRR,0.31666666666666665,asl
7,IRR,0.31027777777777776,asl
8,IRR,0.3252777777777778,asl
9,IRR,0.3038888888888889,asl
10,IRR,0.3163888888888889,asl
11,IRR,0.27694444444444444,asl
12,IRR,0.31805555555555554,asl
13,IRR,0.30666666666666664,asl
14,IRR,0.31305555555555553,asl
15,IRR,0.3194444444444444,asl
16,IRR,0.31916666666666665,asl
17,IRR,0.30027777777777775,asl
18,IRR,0.28055555555555556,asl
19,IRR,0.3202777777777778,asl
20,IRR,0.30722222222222223,asl
21,IRR,0.31555555555555553,asl
22,IRR,0.13472222222222222,asl
23,IRR,0.3186111111111111,asl
24,IRR,0.3202777777777778,asl
25,IRR,0.3169444444444444,asl
26,IRR,0.30333333333333334,asl
27,IRR,0.3038888888888889,asl
28,IRR,0.31277777777777777,asl
29,IRR,0.31166666666666665,asl
30,IRR,0.2511111111111111,asl
31,IRR,0.2863888888888889,asl
32,IRR,0.30527777777777776,asl
33,IRR,0.29583333333333334,asl
34,IRR,0.3113888888888889,asl
35,IRR,0.2513888888888889,asl
36,IRR,0.2941666666666667,asl
37,IRR,0.2972222222222222,asl
38,IRR,0.24555555555555555,asl
39,IRR,0.31583333333333335,asl
40,IRR,0.32083333333333336,asl
41,IRR,0.31222222222222223,asl
42,IRR,0.31916666666666665,asl
43,IRR,0.315,asl
44,IRR,0.25972222222222224,asl
45,IRR,0.2675,asl
46,IRR,0.29388888888888887,asl
47,IRR,0.3275,asl
48,IRR,0.3163888888888889,asl
49,IRR,0.3013888888888889,asl
50,IRR,0.3047222222222222,asl
51,IRR,0.31527777777777777,asl
52,IRR,0.12,asl
53,IRR,0.2513888888888889,asl
54,IRR,0.29388888888888887,asl
55,IRR,0.3047222222222222,asl
56,IRR,0.30444444444444446,asl
57,IRR,0.2363888888888889,asl
58,IRR,0.26166666666666666,asl
59,IRR,0.2363888888888889,asl
60,IRR,0.3111111111111111,asl
61,IRR,0.25666666666666665,asl
62,IRR,0.2991666666666667,asl
63,IRR,0.3211111111111111,asl
64,IRR,0.3136111111111111,asl
65,IRR,0.3169444444444444,asl
66,IRR,0.31083333333333335,asl
67,IRR,0.30777777777777776,asl
68,IRR,0.31055555555555553,asl
70,IRR,0.3283333333333333,asl
71,IRR,0.3063888888888889,asl
72,IRR,0.3063888888888889,asl
73,IRR,0.3005555555555556,asl
74,IRR,0.26555555555555554,asl
75,IRR,0.31194444444444447,asl
76,IRR,0.29555555555555557,asl
77,IRR,0.30972222222222223,asl
78,IRR,0.30583333333333335,asl
79,IRR,0.3269444444444444,asl
80,IRR,0.3061111111111111,asl
81,IRR,0.18083333333333335,asl
82,IRR,0.23194444444444445,asl
83,IRR,0.285,asl
85,IRR,0.31222222222222223,asl
86,IRR,0.17916666666666667,asl
87,IRR,0.2833333333333333,asl
88,IRR,0.31833333333333336,asl
89,IRR,0.30944444444444447,asl
90,IRR,0.31083333333333335,asl
91,IRR,0.23722222222222222,asl
92,IRR,0.3236111111111111,asl
93,IRR,0.325,asl
94,IRR,0.32222222222222224,asl
95,IRR,0.285,asl
96,IRR,0.29388888888888887,asl
97,IRR,0.2525,asl
98,IRR,0.29944444444444446,asl
99,IRR,0.2863888888888889,asl
102,IRR,0.2602777777777778,asl
103,IRR,0.3005555555555556,asl
104,IRR,0.33666666666666667,asl
105,IRR,0.3202777777777778,asl
106,IRR,0.2627777777777778,asl
107,IRR,0.3063888888888889,asl
109,IRR,0.23472222222222222,asl
110,IRR,0.29833333333333334,asl
111,IRR,0.3283333333333333,asl
112,IRR,0.30527777777777776,asl
113,IRR,0.3161111111111111,asl
115,IRR,0.32083333333333336,asl
116,IRR,0.23555555555555555,asl
117,IRR,0.3038888888888889,asl
118,IRR,0.3113888888888889,asl
119,IRR,0.3022222222222222,asl
120,IRR,0.30444444444444446,asl
121,IRR,0.24055555555555555,asl
122,IRR,0.25222222222222224,asl
123,IRR,0.3244444444444444,asl
125,IRR,0.3194444444444444,asl
126,IRR,0.30527777777777776,asl
127,IRR,0.28444444444444444,asl
128,IRR,0.31777777777777777,asl
129,IRR,0.2997222222222222,asl
130,IRR,0.25222222222222224,asl
132,IRR,0.2361111111111111,asl
133,IRR,0.30444444444444446,asl
134,IRR,0.3238888888888889,asl
135,IRR,0.32972222222222225,asl
137,IRR,0.31972222222222224,asl
138,IRR,0.31222222222222223,asl
139,IRR,0.3,asl
140,IRR,0.31416666666666665,asl
141,IRR,0.32416666666666666,asl
142,IRR,0.30527777777777776,asl
144,IRR,0.2325,asl
145,IRR,0.24055555555555555,asl
146,IRR,0.29083333333333333,asl
148,IRR,0.2902777777777778,asl
149,IRR,0.31472222222222224,asl
150,IRR,0.23555555555555555,asl
152,IRR,0.3136111111111111,asl
153,IRR,0.24944444444444444,asl
154,IRR,0.24166666666666667,asl
156,IRR,0.31555555555555553,asl
157,IRR,0.31222222222222223,asl
158,IRR,0.325,asl
159,IRR,0.2827777777777778,asl
160,IRR,0.3061111111111111,asl
161,IRR,0.3013888888888889,asl
162,IRR,0.33666666666666667,asl
163,IRR,0.30666666666666664,asl
164,IRR,0.32472222222222225,asl
0,FTD,3.7488888888888887,anat
1,FTD,4.430833333333333,anat
2,FTD,4.483611111111111,anat
3,FTD,3.9394444444444443,anat
4,FTD,4.048611111111111,anat
5,FTD,4.422777777777778,anat
6,FTD,4.455555555555556,anat
7,FTD,3.8855555555555554,anat
8,FTD,3.7552777777777777,anat
9,FTD,3.8152777777777778,anat
10,FTD,4.466666666666667,anat
11,FTD,4.527777777777778,anat
12,FTD,4.3875,anat
13,FTD,4.4863888888888885,anat
14,FTD,4.433055555555556,anat
15,FTD,4.029722222222222,anat
16,FTD,4.533333333333333,anat
17,FTD,4.453611111111111,anat
18,FTD,4.587777777777778,anat
19,FTD,3.8419444444444446,anat
20,FTD,4.423055555555556,anat
21,FTD,4.472777777777778,anat
22,FTD,4.565277777777778,anat
23,FTD,4.480555555555555,anat
24,FTD,4.5072222222222225,anat
25,FTD,4.542777777777777,anat
26,FTD,4.448055555555555,anat
27,FTD,3.825277777777778,anat
28,FTD,3.752222222222222,anat
29,FTD,4.572777777777778,anat
30,FTD,4.485833333333333,anat
31,FTD,3.414722222222222,anat
32,FTD,4.456388888888889,anat
33,FTD,4.476666666666667,anat
34,FTD,4.441111111111111,anat
35,FTD,3.3658333333333332,anat
36,FTD,4.490277777777778,anat
37,FTD,4.486666666666666,anat
38,FTD,4.4625,anat
39,FTD,4.454722222222222,anat
40,FTD,4.485833333333333,anat
41,FTD,4.471388888888889,anat
42,FTD,4.471666666666667,anat
43,FTD,4.543611111111111,anat
44,FTD,3.3841666666666668,anat
45,FTD,4.424444444444444,anat
46,FTD,4.438055555555556,anat
47,FTD,3.8108333333333335,anat
48,FTD,4.5344444444444445,anat
49,FTD,4.5175,anat
50,FTD,3.948888888888889,anat
51,FTD,4.5325,anat
52,FTD,4.004166666666666,anat
53,FTD,4.551111111111111,anat
54,FTD,4.452222222222222,anat
55,FTD,4.5713888888888885,anat
56,FTD,4.381666666666667,anat
57,FTD,4.491388888888889,anat
58,FTD,4.4525,anat
59,FTD,4.491666666666666,anat
60,FTD,4.571944444444444,anat
61,FTD,3.801388888888889,anat
62,FTD,4.4030555555555555,anat
63,FTD,3.778888888888889,anat
64,FTD,3.803888888888889,anat
65,FTD,4.493333333333333,anat
66,FTD,3.4369444444444444,anat
67,FTD,4.457777777777777,anat
68,FTD,4.498888888888889,anat
69,FTD,3.8247222222222224,anat
70,FTD,4.542777777777777,anat
71,FTD,3.922222222222222,anat
72,FTD,3.9691666666666667,anat
73,FTD,3.441666666666667,anat
74,FTD,4.469166666666666,anat
75,FTD,4.495,anat
76,FTD,4.004444444444444,anat
78,FTD,4.380833333333333,anat
79,FTD,4.4558333333333335,anat
80,FTD,4.4783333333333335,anat
81,FTD,4.510555555555555,anat
82,FTD,4.463055555555556,anat
83,FTD,3.8430555555555554,anat
84,FTD,4.447777777777778,anat
85,FTD,4.016388888888889,anat
86,FTD,4.450555555555556,anat
87,FTD,4.438611111111111,anat
88,FTD,4.475555555555555,anat
89,FTD,4.415555555555556,anat
90,FTD,4.46,anat
91,FTD,4.0088888888888885,anat
92,FTD,3.3980555555555556,anat
93,FTD,4.377777777777778,anat
94,FTD,4.476666666666667,anat
95,FTD,4.463611111111111,anat
96,FTD,3.381388888888889,anat
97,FTD,3.3655555555555554,anat
98,FTD,4.476111111111111,anat
99,FTD,3.4233333333333333,anat
100,FTD,3.4516666666666667,anat
101,FTD,3.4319444444444445,anat
102,FTD,3.414722222222222,anat
103,FTD,3.4294444444444445,anat
104,FTD,3.448611111111111,anat
105,FTD,3.4516666666666667,anat
106,FTD,3.525,anat
107,FTD,3.4155555555555557,anat
108,FTD,3.426111111111111,anat
109,FTD,3.383611111111111,anat
111,FTD,3.47,anat
112,FTD,3.4280555555555554,anat
113,FTD,3.422222222222222,anat
114,FTD,3.406388888888889,anat
116,FTD,3.372777777777778,anat
0,FTD,0.30694444444444446,asl
1,FTD,0.37527777777777777,asl
2,FTD,0.2811111111111111,asl
3,FTD,0.2511111111111111,asl
4,FTD,0.4097222222222222,asl
5,FTD,0.35,asl
6,FTD,0.27305555555555555,asl
7,FTD,0.3630555555555556,asl
8,FTD,0.41333333333333333,asl
9,FTD,0.37694444444444447,asl
10,FTD,0.2627777777777778,asl
11,FTD,0.3869444444444444,asl
12,FTD,0.3466666666666667,asl
13,FTD,0.2986111111111111,asl
14,FTD,0.29,asl
15,FTD,0.44,asl
16,FTD,0.3725,asl
17,FTD,0.37805555555555553,asl
18,FTD,0.29833333333333334,asl
19,FTD,0.4061111111111111,asl
20,FTD,0.43805555555555553,asl
21,FTD,0.4116666666666667,asl
22,FTD,0.2797222222222222,asl
23,FTD,0.29833333333333334,asl
24,FTD,0.2966666666666667,asl
25,FTD,0.3963888888888889,asl
26,FTD,0.3202777777777778,asl
27,FTD,0.39,asl
28,FTD,0.3086111111111111,asl
29,FTD,0.23666666666666666,asl
30,FTD,0.3705555555555556,asl
31,FTD,0.3938888888888889,asl
32,FTD,0.3111111111111111,asl
33,FTD,0.3641666666666667,asl
34,FTD,0.29583333333333334,asl
35,FTD,0.3663888888888889,asl
36,FTD,0.34833333333333333,asl
37,FTD,0.31027777777777776,asl
38,FTD,0.39194444444444443,asl
39,FTD,0.30027777777777775,asl
40,FTD,0.29777777777777775,asl
41,FTD,0.36527777777777776,asl
42,FTD,0.3263888888888889,asl
43,FTD,0.395,asl
44,FTD,0.4086111111111111,asl
45,FTD,0.2916666666666667,asl
46,FTD,0.37666666666666665,asl
47,FTD,0.41305555555555556,asl
48,FTD,0.2825,asl
49,FTD,0.4311111111111111,asl
50,FTD,0.2941666666666667,asl
51,FTD,0.2677777777777778,asl
52,FTD,0.37333333333333335,asl
53,FTD,0.3383333333333333,asl
54,FTD,0.43666666666666665,asl
55,FTD,0.36194444444444446,asl
56,FTD,0.4166666666666667,asl
57,FTD,0.33916666666666667,asl
58,FTD,0.38,asl
59,FTD,0.37666666666666665,asl
60,FTD,0.47583333333333333,asl
61,FTD,0.4025,asl
62,FTD,0.2816666666666667,asl
63,FTD,0.40444444444444444,asl
64,FTD,0.3616666666666667,asl
65,FTD,0.28,asl
66,FTD,0.31527777777777777,asl
67,FTD,0.3938888888888889,asl
68,FTD,0.42833333333333334,asl
69,FTD,0.26055555555555554,asl
70,FTD,0.41583333333333333,asl
71,FTD,0.4225,asl
72,FTD,0.29055555555555557,asl
73,FTD,0.3397222222222222,asl
74,FTD,0.37583333333333335,asl
75,FTD,0.30083333333333334,asl
76,FTD,0.40194444444444444,asl
78,FTD,0.3638888888888889,asl
79,FTD,0.36527777777777776,asl
80,FTD,0.29444444444444445,asl
81,FTD,0.33361111111111114,asl
82,FTD,0.3322222222222222,asl
83,FTD,0.275,asl
84,FTD,0.3525,asl
85,FTD,0.265,asl
86,FTD,0.3575,asl
87,FTD,0.30027777777777775,asl
88,FTD,0.3638888888888889,asl
89,FTD,0.42,asl
90,FTD,0.4072222222222222,asl
91,FTD,0.38972222222222225,asl
92,FTD,0.33666666666666667,asl
93,FTD,0.34944444444444445,asl
94,FTD,0.35944444444444446,asl
95,FTD,0.39111111111111113,asl
96,FTD,0.2783333333333333,asl
97,FTD,0.29694444444444446,asl
98,FTD,0.3736111111111111,asl
99,FTD,0.37027777777777776,asl
100,FTD,0.2808333333333333,asl
101,FTD,0.35388888888888886,asl
102,FTD,0.2872222222222222,asl
103,FTD,0.2677777777777778,asl
104,FTD,0.2825,asl
105,FTD,0.3433333333333333,asl
106,FTD,0.3861111111111111,asl
107,FTD,0.2886111111111111,asl
108,FTD,0.3022222222222222,asl
109,FTD,0.4063888888888889,asl
111,FTD,0.3475,asl
112,FTD,0.38166666666666665,asl
113,FTD,0.395,asl
114,FTD,0.4147222222222222,asl
116,FTD,0.3063888888888889,asl
0,AGE,4.418888888888889,anat
1,AGE,4.3725,anat
2,AGE,3.5625,anat
3,AGE,3.5652777777777778,anat
4,AGE,4.458611111111111,anat
5,AGE,3.668888888888889,anat
6,AGE,4.444166666666667,anat
7,AGE,4.376388888888889,anat
8,AGE,4.463888888888889,anat
9,AGE,4.398333333333333,anat
10,AGE,3.6619444444444444,anat
11,AGE,4.4238888888888885,anat
12,AGE,4.415555555555556,anat
13,AGE,3.4780555555555557,anat
14,AGE,4.347777777777778,anat
15,AGE,3.7675,anat
16,AGE,4.506666666666667,anat
17,AGE,4.450277777777778,anat
18,AGE,4.353611111111111,anat
19,AGE,4.326388888888889,anat
20,AGE,4.377222222222223,anat
21,AGE,4.183888888888889,anat
22,AGE,4.2625,anat
23,AGE,3.6905555555555556,anat
24,AGE,4.3775,anat
25,AGE,4.342777777777778,anat
26,AGE,4.394166666666667,anat
27,AGE,3.292222222222222,anat
28,AGE,4.331944444444445,anat
29,AGE,4.317222222222222,anat
30,AGE,4.4816666666666665,anat
31,AGE,4.369166666666667,anat
32,AGE,4.376111111111111,anat
33,AGE,3.538611111111111,anat
34,AGE,4.442777777777778,anat
35,AGE,4.389166666666667,anat
36,AGE,4.362777777777778,anat
37,AGE,4.3997222222222225,anat
38,AGE,4.368333333333333,anat
39,AGE,3.520277777777778,anat
40,AGE,4.447777777777778,anat
41,AGE,4.1627777777777775,anat
42,AGE,4.363333333333333,anat
43,AGE,4.356111111111111,anat
44,AGE,4.390555555555555,anat
45,AGE,4.323333333333333,anat
46,AGE,4.305,anat
47,AGE,4.381388888888889,anat
48,AGE,4.403611111111111,anat
49,AGE,4.3966666666666665,anat
50,AGE,4.260555555555555,anat
51,AGE,4.3116666666666665,anat
52,AGE,3.4763888888888888,anat
53,AGE,4.305833333333333,anat
54,AGE,4.396388888888889,anat
55,AGE,4.353611111111111,anat
56,AGE,4.4063888888888885,anat
57,AGE,4.320555555555556,anat
58,AGE,3.390833333333333,anat
59,AGE,4.267777777777778,anat
60,AGE,3.6644444444444444,anat
61,AGE,4.4063888888888885,anat
62,AGE,4.4127777777777775,anat
0,AGE,0.22055555555555556,asl
1,AGE,0.19916666666666666,asl
2,AGE,0.22777777777777777,asl
3,AGE,0.21888888888888888,asl
4,AGE,0.21833333333333332,asl
5,AGE,0.20083333333333334,asl
6,AGE,0.23222222222222222,asl
7,AGE,0.22527777777777777,asl
8,AGE,0.19694444444444445,asl
9,AGE,0.21777777777777776,asl
10,AGE,0.20166666666666666,asl
11,AGE,0.2175,asl
12,AGE,0.22583333333333333,asl
13,AGE,0.22305555555555556,asl
14,AGE,0.19305555555555556,asl
15,AGE,0.21916666666666668,asl
16,AGE,0.195,asl
17,AGE,0.19055555555555556,asl
18,AGE,0.23027777777777778,asl
19,AGE,0.1975,asl
20,AGE,0.23333333333333334,asl
21,AGE,0.23166666666666666,asl
22,AGE,0.21333333333333335,asl
23,AGE,0.20666666666666667,asl
24,AGE,0.2152777777777778,asl
25,AGE,0.22055555555555556,asl
26,AGE,0.21638888888888888,asl
27,AGE,0.23416666666666666,asl
28,AGE,0.1875,asl
29,AGE,0.21472222222222223,asl
30,AGE,0.19277777777777777,asl
31,AGE,0.21583333333333332,asl
32,AGE,0.22583333333333333,asl
33,AGE,0.22083333333333333,asl
34,AGE,0.22305555555555556,asl
35,AGE,0.22083333333333333,asl
36,AGE,0.20194444444444445,asl
37,AGE,0.18194444444444444,asl
38,AGE,0.21055555555555555,asl
39,AGE,0.20944444444444443,asl
40,AGE,0.22111111111111112,asl
41,AGE,0.2038888888888889,asl
42,AGE,0.21972222222222224,asl
43,AGE,0.1811111111111111,asl
44,AGE,0.21916666666666668,asl
45,AGE,0.18694444444444444,asl
46,AGE,0.22666666666666666,asl
47,AGE,0.19194444444444445,asl
48,AGE,0.19305555555555556,asl
49,AGE,0.19083333333333333,asl
50,AGE,0.21666666666666667,asl
51,AGE,0.21805555555555556,asl
52,AGE,0.19444444444444445,asl
53,AGE,0.2313888888888889,asl
54,AGE,0.22,asl
55,AGE,0.21027777777777779,asl
56,AGE,0.21638888888888888,asl
57,AGE,0.22916666666666666,asl
58,AGE,0.22055555555555556,asl
59,AGE,0.18055555555555555,asl
60,AGE,0.21666666666666667,asl
61,AGE,0.18833333333333332,asl
62,AGE,0.21833333333333332,asl
