sub	ses	age	gender	handedness
A00086748	BAS1	38	M	R
A00086551	BAS1	40	F	R
A00086551	FLU1	41	F	R
A00086474	BAS1	58	F	R
A00086474	FLU1	59	F	R
A00086467	BAS1	11	M	R
A00086467	TRT	11	M	R
A00086259	BAS1	46	F	R
A00086259	FLU1	47	F	R
A00086238	BAS1	41	F	R
A00086169	BAS1	42	F	R
A00086169	FLU1	42	F	R
A00085951	BAS1	59	M	R
A00085951	FLU1	59	M	R
A00085942	BAS1	7	F	L
A00085942	FLU1	8	F	L
A00085942	TRT		F	L
A00085927	BAS1	57	F	R
A00085927	FLU1	58	F	R
A00085907	BAS1	69	M	R
A00085907	FLU1	70	M	R
A00085906	BAS1	61	F	R
A00085906	FLU1	61	F	R
A00085866	FLU1	57	F	
A00085864	BAS1	58	F	R
A00085828	BAS1	69	F	L
A00085828	FLU1	69	F	L
A00085797	BAS1	70	F	L
A00085797	FLU1	71	F	L
A00085796	BAS1	44	F	R
A00085796	FLU1	46	F	R
A00085795	BAS1	14	F	R
A00085795	FLU1	15	F	R
A00085795	TRT	14	F	R
A00085743	BAS1	71	F	L
A00085743	FLU1	72	F	L
A00085680	BAS1	43	M	R
A00085665	BAS1	63	M	R
A00085665	FLU1	64	M	R
A00085406	BAS1	48	F	R
A00085391	BAS1	66	M	R
A00085298	BAS1	9	F	R
A00085298	FLU1	10	F	R
A00085298	TRT	9	F	R
A00085297	BAS1	58	F	R
A00085297	FLU1	59	F	R
A00085290	BAS1	55	F	R
A00085290	FLU1	57	F	R
A00085095	BAS1	69	F	R
A00085066	BAS1	67	F	R
A00085066	FLU1	68	F	R
A00085057	BAS1	69	M	R
A00085052	BAS1	63	F	R
A00085003	BAS1	7	F	R
A00085003	FLU1	8	F	R
A00085001	BAS1	9	F	R
A00085001	FLU1	10	F	R
A00084956	BAS1	49	F	R
A00084956	FLU1	50	F	R
A00084921	BAS1	39	M	L
A00084901	BAS1	58	F	R
A00084901	FLU1	59	F	R
A00084119	BAS1	64	F	R
A00083983	BAS1	70	F	L
A00083983	FLU1	71	F	L
A00083982	BAS1	64	F	L
A00083982	FLU1	65	F	L
A00083967	BAS1	52	F	R
A00083963	BAS1	51	F	R
A00083963	FLU1	52	F	R
A00083952	BAS1	42	F	R
A00083951	BAS1	13	F	R
A00083951	FLU1	14	F	R
A00083950	BAS1	11	F	R
A00083950	FLU1	12	F	R
A00083949	BAS1	8	F	L
A00083949	FLU1	9	F	L
A00083923	BAS1	45	M	R
A00083847	BAS1	66	F	R
A00083847	FLU1	67	F	R
A00083827	BAS1	7	M	R
A00083745	BAS1	10	M	R
A00083745	FLU1	11	M	R
A00083745	TRT	10	M	R
A00083744	BAS1	6	F	
A00083744	FLU1	7	F	
A00083744	TRT	6	F	
A00083732	BAS1	7	F	R
A00083732	FLU1	8	F	R
A00083731	BAS1	12	F	R
A00083731	FLU1	13	F	R
A00083730	BAS1	7	F	R
A00083687	BAS1	48	F	R
A00083687	FLU1	50	F	R
A00083631	BAS1	64	F	R
A00083631	FLU1	65	F	R
A00083574	BAS1	44	F	R
A00083419	BAS1	69	F	R
A00083419	FLU1	70	F	R
A00083389	BAS1	70	M	R
A00083389	FLU1	71	M	R
A00083208	BAS1	71	F	R
A00083208	FLU1	72	F	R
A00083207	BAS1	63	F	R
A00083207	FLU1	64	F	R
A00083171	BAS1	69	M	R
A00083169	BAS1	63	F	R
A00083169	FLU1	64	F	R
A00083162	BAS1	48	F	R
A00083162	FLU1	49	F	R
A00083142	BAS1	38	F	R
A00083142	FLU1	39	F	R
A00083138	BAS1	64	M	R
A00083138	FLU1	64	M	R
A00083109	BAS1	70	M	R
A00083109	FLU1	71	M	R
A00082987	BAS1	15	M	L
A00082987	FLU1	16	M	L
A00082987	TRT	15	M	L
A00082972	BAS1	8	F	R
A00082972	FLU1	9	F	R
A00082969	BAS1	48	F	
A00082969	FLU1	49	F	
A00082945	BAS1	12	M	R
A00082945	FLU1	13	M	R
A00082945	TRT	12	M	R
A00082943	BAS1	9	F	R
A00082943	FLU1	11	F	R
A00082943	TRT	9	F	R
A00082942	BAS1	49	M	R
A00082942	FLU1	50	M	R
A00082808	BAS1	11	M	R
A00082808	FLU1	12	M	R
A00082808	TRT	11	M	R
A00082807	BAS1	40	F	R
A00082807	FLU1	41	F	R
A00082805	BAS1	9	F	R
A00082805	FLU1	10	F	R
A00082805	TRT	9	F	R
A00082804	BAS1	43	M	R
A00082804	FLU1	44	M	R
A00082781	BAS1	60	F	R
A00082781	FLU1	61	F	R
A00082734	BAS1	65	F	R
A00082672	BAS1	66	F	L
A00082672	FLU1	67	F	L
A00082666	BAS1	60	F	R
A00082666	FLU1	61	F	R
A00082665	FLU1	71	F	
A00082662	BAS1	49	F	R
A00082635	BAS1	55	F	R
A00082635	FLU1	56	F	R
A00082619	BAS1	65	M	R
A00082619	FLU1	66	M	R
A00082590	BAS1	63	F	R
A00082590	FLU1	64	F	R
A00082580	BAS1	53	F	R
A00082580	FLU1	54	F	R
A00082563	BAS1	59	F	L
A00082556	BAS1	55	M	R
A00082556	FLU1	56	M	R
A00082554	BAS1	28	M	R
A00082532	BAS1	53	M	R
A00082529	BAS1	55	F	R
A00082529	FLU1	56	F	R
A00082528	BAS1	63	F	R
A00082528	FLU1	64	F	R
A00082524	BAS1	57	F	R
A00082524	FLU1	58	F	R
A00082442	BAS1	62	F	R
A00082217	BAS1	9	M	R
A00082217	FLU1	10	M	R
A00082217	TRT	9	M	R
A00082216	BAS1	40	F	R
A00082216	FLU1	41	F	R
A00082215	BAS1	51	M	R
A00082215	FLU1	52	M	R
A00081963	BAS1	55	M	R
A00081963	FLU1	56	M	R
A00081962	BAS1	59	F	R
A00081938	BAS1	29	M	R
A00081901	BAS1	43	F	R
A00081854	BAS1	58	F	R
A00081854	FLU1	59	F	R
A00081846	BAS1	47	M	R
A00081846	FLU1	48	M	R
A00081842	BAS1	6	M	L
A00081842	FLU1	7	M	L
A00081805	BAS1	10	M	L
A00081794	BAS1	42	F	R
A00081794	FLU1	43	F	R
A00081785	BAS1	57	M	R
A00081785	FLU1	58	M	R
A00081780	BAS1	44	F	R
A00081780	FLU1	45	F	R
A00081777	BAS1	71	F	R
A00081735	BAS1	68	M	R
A00081735	FLU1	69	M	R
A00081734	BAS1	56	F	R
A00081734	FLU1	57	F	R
A00081729	BAS1	69	M	R
A00081729	FLU1	70	M	R
A00081727	BAS1	17	F	R
A00081727	FLU1	18	F	R
A00081727	FLU2	19	F	R
A00081727	TRT	17	F	R
A00081725	BAS1	56	F	R
A00081725	FLU1	57	F	R
A00081724	BAS1	52	F	R
A00081724	FLU1	53	F	R
A00081721	BAS1	58	M	R
A00081721	FLU1	59	M	R
A00081719	BAS1	68	F	R
A00081719	FLU1	69	F	R
A00081616	BAS1	58	M	R
A00081616	FLU1	59	M	R
A00081552	BAS1	53	F	R
A00081552	FLU1	54	F	R
A00081544	BAS1	54	M	R
A00081543	BAS1	55	F	R
A00081519	BAS1	9	F	R
A00081519	TRT	9	F	R
A00081518	BAS1	11	F	R
A00081518	FLU1	12	F	R
A00081518	TRT	11	F	R
A00081517	BAS1	44	F	R
A00081517	FLU1	45	F	R
A00081479	BAS1	52	F	R
A00081479	FLU1	53	F	R
A00081476	BAS1	12	F	R
A00081476	FLU1	13	F	R
A00081476	TRT	12	F	R
A00081402	BAS1	68	M	R
A00081402	FLU1	69	M	R
A00081394	BAS1	8	M	R
A00081392	BAS1	15	F	R
A00081385	BAS1	6	F	R
A00081385	FLU1	7	F	R
A00081385	FLU2	8	F	R
A00081385	TRT	7	F	R
A00081253	BAS1	51	M	L
A00081253	FLU1	52	M	L
A00081243	BAS1	65	F	R
A00081243	FLU1	66	F	R
A00081239	BAS1	38	F	R
A00081185	BAS1	42	M	R
A00081185	FLU1	43	M	R
A00081175	BAS1	56	F	R
A00081175	FLU1	57	F	R
A00081175	FLU2	58	F	R
A00081149	BAS1	43	M	R
A00081149	FLU1	44	M	R
A00081142	BAS1	38	M	R
A00081142	FLU1	39	M	R
A00081142	FLU2	40	M	R
A00081132	BAS1	70	F	R
A00081126	BAS1	10	M	R
A00081126	FLU1	11	M	R
A00081126	TRT	10	M	R
A00081123	BAS1	47	F	R
A00081123	FLU1	48	F	R
A00081114	BAS1	71	M	R
A00081114	FLU1	72	M	R
A00081112	BAS1	33	F	R
A00081105	BAS1	56	F	R
A00081105	FLU1	57	F	R
A00081103	BAS1	60	M	R
A00081103	FLU1	60	M	R
A00081098	BAS1	71	M	R
A00081098	FLU1	72	M	R
A00081098	FLU2	73	M	R
A00081090	BAS1	8	F	R
A00081090	FLU1	9	F	R
A00081090	FLU2	10	F	R
A00081090	TRT	10	F	R
A00081079	BAS1	9	M	R
A00081079	FLU1	10	M	R
A00081071	BAS1	46	M	R
A00081071	FLU1	47	M	R
A00081071	FLU2	48	M	R
A00081065	BAS1	11	M	R
A00081065	FLU1	12	M	R
A00081065	FLU2	13	M	R
A00081065	TRT	11	M	R
A00081064	BAS1	8	M	R
A00081064	FLU1	9	M	R
A00081064	FLU2	10	M	R
A00081064	TRT	9	M	R
A00080942	BAS1	39	F	R
A00080932	BAS1	46	M	R
A00080932	FLU1	47	M	R
A00080932	FLU2	48	M	R
A00080901	BAS1	69	F	R
A00080901	FLU1	70	F	R
A00080901	FLU2	71	F	R
A00080819	BAS1	57	M	R
A00080819	FLU1	58	M	R
A00080819	FLU2	59	M	R
A00080818	BAS1	8	M	R
A00080818	FLU1	9	M	R
A00080818	FLU2	10	M	R
A00080818	TRT	8	M	R
A00080811	BAS1	55	F	R
A00080811	FLU1	56	F	R
A00080535	BAS1	65	F	R
A00080455	BAS1	6	M	L
A00080453	BAS1	21	F	R
A00080452	BAS1	22	M	R
A00080447	BAS1	22	F	R
A00080428	BAS1	71	F	R
A00080428	FLU1	72	F	R
A00080327	BAS1	9	M	R
A00080327	FLU1	10	M	R
A00080327	TRT	9	M	R
A00080052	BAS1	46	M	
A00080052	FLU1	47	M	
A00080052	FLU2	48	M	
A00079977	BAS1	51	F	R
A00079977	FLU1	52	F	R
A00079977	FLU2	53	F	R
A00079931	BAS1	6	F	R
A00079907	BAS1	22	M	L
A00079850	BAS1	57	M	L
A00079850	FLU1	58	M	L
A00079850	FLU2	59	M	L
A00079818	BAS1	11	M	R
A00079818	TRT	11	M	R
A00079777	BAS1	50	M	
A00079776	BAS1	14	M	R
A00079776	FLU1	15	M	R
A00079776	FLU2	17	M	R
A00079776	TRT	15	M	R
A00079775	BAS1	43	F	R
A00079775	BAS2	44	F	R
A00079775	FLU1	45	F	R
A00079747	BAS1	33	F	R
A00079730	BAS1	70	M	R
A00079730	FLU1	71	M	R
A00079730	FLU2	72	M	R
A00079724	BAS1	61	M	R
A00079724	FLU1	62	M	R
A00079724	FLU2	63	M	R
A00079715	BAS1	44	F	R
A00079715	FLU1	45	F	R
A00079710	BAS1	10	M	R
A00079702	BAS1	26	F	R
A00079422	BAS1	49	M	R
A00079353	BAS1	32	M	R
A00079337	BAS1	12	M	R
A00079337	TRT	12	M	R
A00079334	BAS1	64	M	R
A00079302	BAS1	65	F	R
A00079302	FLU1	66	F	R
A00079301	BAS1	67	M	R
A00079301	FLU1	69	M	R
A00079292	BAS1	45	F	R
A00079292	FLU1	46	F	R
A00078823	BAS1	40	F	L
A00078262	BAS1	50	M	R
A00078262	FLU1	50	M	R
A00078262	FLU2	51	M	R
A00078239	BAS1	6	F	R
A00078239	FLU1	7	F	R
A00078239	FLU2	8	F	R
A00078238	BAS1	34	F	L
A00077758	BAS1	34	M	R
A00077755	BAS1	12	M	R
A00077755	TRT	12	M	R
A00077753	BAS1	10	F	R
A00077753	FLU1	11	F	R
A00077753	FLU2	12	F	R
A00077734	BAS1	26	M	L
A00077733	BAS1	25	F	R
A00077668	BAS1	13	F	
A00077668	FLU1	14	F	
A00077668	FLU2	15	F	
A00077668	TRT	13	F	
A00077638	BAS1	6	M	R
A00077638	TRT	6	M	R
A00077637	BAS1	32	F	R
A00077622	BAS1	68	M	R
A00077585	BAS1	64	M	R
A00077585	FLU1	65	M	R
A00077585	FLU2	66	M	R
A00077577	BAS1	8	M	L
A00077577	FLU1	10	M	L
A00077577	TRT	8	M	L
A00077574	BAS1	12	F	R
A00077574	FLU1	13	F	R
A00077574	TRT	12	F	R
A00077573	BAS1	44	F	L
A00077573	FLU1	46	F	L
A00077556	BAS1	71	F	R
A00077556	FLU1	73	F	R
A00077556	FLU2	74	F	R
A00077528	BAS1	48	F	R
A00077528	FLU1	49	F	R
A00077528	FLU2	50	F	R
A00077453	BAS1	13	M	R
A00077453	FLU1	14	M	R
A00077453	FLU2	15	M	R
A00077453	TRT	14	M	R
A00077413	BAS1	44	F	R
A00077413	FLU1	45	F	R
A00077413	FLU2	46	F	R
A00077412	BAS1	8	F	R
A00077412	FLU1	9	F	R
A00077412	FLU2	10	F	R
A00077412	TRT	8	F	R
A00077397	BAS1	7	M	R
A00077397	FLU1	9	M	R
A00077397	FLU2	10	M	R
A00077395	BAS1	12	M	R
A00077391	BAS1	57	F	R
A00077391	FLU1	59	F	R
A00077311	BAS1	65	F	R
A00077311	FLU1	66	F	R
A00077311	FLU2	67	F	R
A00077304	BAS1	55	F	L
A00077304	FLU1	56	F	L
A00077304	FLU2	57	F	L
A00077252	BAS1	64	M	R
A00077252	FLU1	65	M	R
A00077252	FLU2	66	M	R
A00077213	BAS1	67	F	R
A00077213	FLU1	68	F	R
A00077204	BAS1	31	F	L
A00077203	BAS1	15	F	R
A00077203	FLU1	17	F	R
A00077203	FLU2	18	F	R
A00077203	TRT	15	F	R
A00077201	BAS1	12	F	R
A00077201	FLU1	14	F	R
A00077201	TRT	12	F	R
A00077199	BAS1	13	F	R
A00077192	BAS1	63	M	
A00077188	BAS1	52	F	R
A00077188	FLU1	53	F	R
A00077188	FLU2	54	F	R
A00077184	BAS1	50	F	R
A00077184	FLU2	52	F	R
A00077183	BAS1	57	M	
A00077182	BAS1	34	F	R
A00077181	BAS1	57	M	R
A00077181	FLU1	58	M	R
A00077181	FLU2	59	M	R
A00077144	BAS1	63	F	R
A00077134	BAS1	67	M	R
A00077134	FLU1	68	M	R
A00077134	FLU2	69	M	R
A00077111	BAS1	57	F	
A00077109	BAS1	21	F	R
A00077099	BAS1	69	M	R
A00077099	FLU1	70	M	R
A00077099	FLU2	71	M	R
A00077095	BAS1	54	F	R
A00077091	BAS1	55	M	R
A00077091	FLU1	56	M	R
A00077091	FLU2	57	M	R
A00077088	BAS1	47	F	R
A00077088	FLU1	48	F	R
A00077088	FLU2	48	F	R
A00076941	BAS1	10	M	L
A00076941	FLU1	11	M	L
A00076941	TRT	10	M	L
A00076863	BAS1	49	F	R
A00076798	BAS1	69	F	R
A00076775	BAS1	43	F	R
A00076775	FLU1	44	F	R
A00076775	FLU2	45	F	R
A00076764	BAS1	70	F	R
A00076764	FLU1	71	F	R
A00076759	BAS1	13	M	R
A00076759	FLU1	14	M	R
A00076759	FLU2	15	M	R
A00076759	TRT	13	M	R
A00076757	BAS1	70	F	R
A00076755	BAS1	15	M	R
A00076755	FLU1	16	M	R
A00076755	FLU2	17	M	R
A00076755	TRT	15	M	R
A00076751	BAS1	68	M	R
A00076751	FLU1	69	M	R
A00076751	FLU2	70	M	R
A00076746	BAS1	66	F	R
A00076746	FLU1	67	F	R
A00076746	FLU2	68	F	R
A00076744	BAS1	41	F	R
A00076600	BAS1	68	F	R
A00076600	FLU1	69	F	R
A00076595	BAS1	14	M	R
A00076595	FLU1	15	M	R
A00076595	FLU2	16	M	R
A00076595	TRT	14	M	R
A00076594	BAS1	62	F	R
A00076594	FLU1	63	F	R
A00076594	FLU2	64	F	R
A00076586	BAS1	50	F	R
A00076586	FLU1	51	F	R
A00076574	BAS1	10	F	R
A00076574	FLU1	11	F	R
A00076574	FLU2	12	F	R
A00076574	TRT	12	F	R
A00076568	BAS1	8	M	L
A00076568	FLU1	9	M	L
A00076568	FLU2	10	M	L
A00076568	TRT	10	M	L
A00076559	BAS1	63	F	R
A00076559	FLU1	64	F	R
A00076559	FLU2	65	F	R
A00076546	BAS1	61	F	
A00076546	FLU1	62	F	
A00076546	FLU2	63	F	
A00076381	BAS1	52	M	R
A00076381	FLU1	53	M	R
A00076381	FLU2	54	M	R
A00076380	BAS1	44	F	R
A00076380	FLU2	46	F	R
A00075964	BAS1	27	F	R
A00075898	BAS1	56	F	R
A00075898	FLU1	57	F	R
A00075898	FLU2	58	F	R
A00075896	BAS1	21	M	R
A00075895	BAS1	67	F	R
A00075895	FLU1	68	F	R
A00075895	FLU2	69	F	R
A00075806	BAS1	55	F	R
A00075806	FLU1	56	F	R
A00075757	BAS1	64	M	R
A00075757	FLU1	65	M	R
A00075757	FLU2	66	M	R
A00075746	BAS1	11	M	R
A00075745	BAS1	13	F	L
A00075744	BAS1	14	M	R
A00075741	BAS1	52	F	R
A00075741	FLU1	54	F	R
A00075740	BAS1	11	M	R
A00075740	FLU1	12	M	R
A00075738	BAS1	15	M	R
A00075738	FLU1	16	M	R
A00075738	TRT	15	M	R
A00075737	BAS1	17	M	R
A00075737	FLU1	18	M	R
A00075737	TRT	17	M	R
A00075735	BAS1	55	F	L
A00075735	FLU1	56	F	L
A00075735	FLU2	57	F	L
A00075732	BAS1	16	M	R
A00075732	FLU1	18	M	R
A00075732	FLU2	19	M	R
A00075732	TRT	16	M	R
A00075729	BAS1	11	F	R
A00075729	FLU1	12	F	R
A00075729	TRT	11	F	R
A00075721	BAS1	26	F	R
A00075678	BAS1	54	F	R
A00075678	FLU1	55	F	R
A00075674	BAS1	43	M	R
A00075660	BAS1	37	F	R
A00075657	BAS1	7	M	R
A00075653	BAS1	45	F	R
A00075653	FLU1	46	F	R
A00075653	FLU2	48	F	R
A00075651	BAS1	51	F	R
A00075432	BAS1	75	F	R
A00075412	BAS1	29	M	R
A00075407	BAS1	65	F	R
A00075407	FLU1	66	F	R
A00075407	FLU2	67	F	R
A00075377	BAS1	16	M	R
A00075372	BAS1	12	M	R
A00075372	TRT	12	M	R
A00075369	BAS1	42	F	R
A00075362	BAS1	8	M	R
A00075361	BAS1	10	F	R
A00075361	FLU1	11	F	R
A00075296	BAS1	10	F	R
A00075296	FLU1	11	F	R
A00075296	FLU2	12	F	R
A00075292	FLU1	8	F	
A00075292	FLU2	9	F	
A00075269	BAS1	41	F	R
A00075267	BAS1	42	M	R
A00075231	BAS1	6	M	R
A00075229	BAS1	67	M	R
A00075229	FLU1	68	M	R
A00075229	FLU2	69	M	R
A00075220	BAS1	57	M	R
A00075220	FLU1	58	M	R
A00075220	FLU2	59	M	R
A00075210	BAS1	39	F	R
A00075210	FLU1	40	F	R
A00075193	BAS1	74	F	R
A00075156	BAS1	26	F	R
A00075151	BAS1	16	M	R
A00075151	TRT	16	M	R
A00075150	BAS1	12	M	R
A00075150	TRT	12	M	R
A00074989	BAS1	62	F	R
A00074989	FLU1	63	F	R
A00074989	FLU2	64	F	R
A00074985	BAS1	61	F	R
A00074985	FLU1	62	F	R
A00074985	FLU2	63	F	R
A00074977	BAS1	49	F	R
A00074977	FLU1	50	F	R
A00074977	FLU2	51	F	R
A00074975	BAS1	77	M	R
A00074969	BAS1	49	F	R
A00074969	FLU1	50	F	R
A00074969	FLU2	51	F	R
A00074962	BAS1	45	F	R
A00074962	FLU1	46	F	R
A00074962	FLU2	47	F	R
A00074959	BAS1	57	M	R
A00074959	FLU1	58	M	R
A00074959	FLU2	59	M	R
A00074956	BAS1	61	F	L
A00074953	BAS1	12	M	R
A00074953	TRT	12	M	R
A00074952	BAS1	9	M	R
A00074952	FLU1	11	M	R
A00074952	FLU2	11	M	R
A00074952	TRT	9	M	R
A00074942	BAS1	51	F	R
A00074942	FLU1	52	F	R
A00074942	FLU2	53	F	R
A00074836	BAS1	63	M	R
A00074836	FLU1	64	M	R
A00074836	FLU2	65	M	R
A00074808	BAS1	63	F	R
A00074808	FLU1	64	F	R
A00074808	FLU2	65	F	R
A00074802	BAS1	64	M	L
A00074800	BAS1	49	F	R
A00074800	FLU1	50	F	R
A00074800	FLU2	51	F	R
A00074795	BAS1	49	F	R
A00074795	FLU2	52	F	R
A00074794	BAS1	66	M	L
A00074794	FLU1	67	M	L
A00074794	FLU2	68	M	L
A00074793	BAS1	49	M	R
A00074793	FLU2	51	M	R
A00074787	BAS1	56	F	R
A00074787	FLU1	57	F	R
A00074784	BAS1	49	F	
A00074780	BAS1	23	F	R
A00074769	BAS1	62	F	L
A00074769	FLU1	62	F	L
A00074768	BAS1	63	M	R
A00074768	FLU1	64	M	R
A00074711	BAS1	69	M	R
A00074709	BAS1	59	F	R
A00074709	FLU1	61	F	R
A00074701	BAS1	56	F	R
A00074701	FLU1	57	F	R
A00074688	BAS1	14	M	
A00074688	TRT	14	M	
A00074687	BAS1	58	M	R
A00074657	BAS1	54	F	R
A00074657	FLU1	55	F	R
A00074657	FLU2	57	F	R
A00074652	BAS1	15	M	
A00074641	BAS1	53	F	R
A00074641	FLU1	54	F	R
A00074641	FLU2	55	F	R
A00074639	BAS1	49	F	R
A00074639	FLU1	50	F	R
A00074618	BAS1	82	F	R
A00074609	BAS1	24	M	R
A00074607	BAS1	9	F	R
A00074607	FLU1	10	F	R
A00074607	FLU2	11	F	R
A00074607	TRT	9	F	R
A00074482	BAS1	11	M	R
A00074479	BAS1	8	M	R
A00074447	FLU1	7	M	
A00074447	FLU2	8	M	
A00074447	TRT	8	M	
A00074439	BAS1	62	F	R
A00074439	FLU1	63	F	R
A00074439	FLU2	64	F	R
A00074427	BAS1	12	F	R
A00074427	FLU1	13	F	R
A00074427	FLU2	14	F	R
A00074427	TRT	12	F	R
A00074425	BAS1	22	M	R
A00074114	BAS1	57	F	R
A00074114	FLU1	58	F	R
A00074114	FLU2	59	F	R
A00074113	BAS1	63	F	R
A00074113	FLU1	64	F	R
A00074113	FLU2	65	F	R
A00074095	BAS1	60	F	L
A00074047	BAS1	53	M	R
A00074034	BAS1	10	F	R
A00074034	FLU1	11	F	R
A00074034	FLU2	12	F	R
A00074034	TRT	11	F	R
A00074000	BAS1	30	M	L
A00073975	BAS1	25	F	R
A00073953	BAS1	69	F	R
A00073953	FLU1	70	F	R
A00073953	FLU2	71	F	R
A00073942	BAS1	62	F	R
A00073942	FLU1	63	F	R
A00073942	FLU2	64	F	R
A00073940	BAS1	44	F	R
A00073940	FLU1	45	F	R
A00073705	BAS1	78	F	R
A00073677	BAS1	44	F	R
A00073677	FLU1	46	F	R
A00073677	FLU2	46	F	R
A00073611	BAS1	64	F	R
A00073600	BAS1	22	F	R
A00073545	BAS1	7	F	R
A00073545	FLU1	8	F	R
A00073545	FLU2	9	F	R
A00073545	TRT	9	F	R
A00073539	BAS1	54	F	R
A00073539	FLU1	55	F	R
A00073539	FLU2	56	F	R
A00073529	BAS1	54	F	R
A00073529	BAS1	54	F	R
A00073525	BAS1	52	F	R
A00073525	FLU1	53	F	R
A00073525	FLU2	54	F	R
A00073308	BAS1	74	M	L
A00073303	BAS1	11	M	R
A00073303	FLU1	12	M	R
A00073303	TRT	11	M	R
A00073296	BAS1	74	F	R
A00073283	BAS1	42	F	R
A00073230	BAS1	59	F	R
A00073230	FLU1	60	F	R
A00073230	FLU2	60	F	R
A00072203	BAS1	23	F	R
A00067174	BAS1	67	M	R
A00067174	FLU1	68	M	R
A00067174	FLU2	69	M	R
A00067146	BAS1	13	M	
A00067146	TRT	13	M	
A00067062	BAS1		F	
A00067062	FLU1	45	F	
A00066926	BAS1	23	M	R
A00066871	BAS1	46	F	R
A00066865	BAS1	37	F	R
A00066864	BAS1	58	F	R
A00066864	FLU1	60	F	R
A00066860	BAS1	7	F	R
A00066860	FLU1	8	F	R
A00066860	FLU2	9	F	R
A00066860	TRT	7	F	R
A00066831	BAS1	73	F	R
A00066827	BAS1	26	F	R
A00066822	BAS1	26	F	R
A00066820	BAS1	75	F	R
A00066812	BAS1	23	M	R
A00066800	BAS1	48	F	R
A00066788	BAS1	39	F	R
A00066784	BAS1	12	F	R
A00066784	FLU1	13	F	R
A00066782	BAS1	45	F	R
A00066782	FLU1	47	F	R
A00066781	BAS1	27	M	R
A00066735	BAS1	22	M	R
A00066698	BAS1	10	F	R
A00066698	FLU1	13	F	R
A00066698	TRT	10	F	R
A00066697	BAS1	10	F	R
A00066697	FLU1	13	F	R
A00066697	TRT	10	F	R
A00066589	BAS1	13	F	R
A00066589	FLU1	14	F	R
A00066589	FLU2	15	F	R
A00066589	TRT	13	F	R
A00066584	BAS1	17	M	R
A00066584	TRT	17	M	R
A00066582	BAS1	14	F	R
A00066582	TRT	14	F	R
A00066581	BAS1	12	M	R
A00066581	TRT	12	M	R
A00066580	BAS1	9	F	R
A00066580	TRT	9	F	R
A00066573	BAS1	7	M	R
A00066573	FLU1	8	M	R
A00066573	TRT	7	M	R
A00066572	BAS1	14	F	R
A00066572	FLU1	15	F	R
A00066572	FLU2	16	F	R
A00066572	TRT	14	F	R
A00066539	BAS1	60	M	R
A00066534	BAS1	8	M	L
A00066534	FLU2	9	M	L
A00066534	TRT	9	M	L
A00066460	BAS1	65	M	R
A00066460	FLU1	66	M	R
A00066460	FLU2	67	M	R
A00066419	BAS1	53	F	R
A00066396	BAS1	14	M	R
A00066396	FLU1	15	M	R
A00066396	FLU2	16	M	R
A00066396	TRT	16	M	R
A00066396	TRT	15	M	R
A00066389	BAS1	69	F	L
A00066389	FLU1	70	F	L
A00066389	FLU2	71	F	L
A00066319	BAS1	23	F	R
A00066314	BAS1	13	M	R
A00066314	FLU1	14	M	R
A00066314	TRT	13	M	R
A00066302	BAS1	57	F	
A00066302	FLU2	59	F	
A00066282	BAS1	38	F	R
A00066248	FLU1	8	F	
A00066248	FLU2	9	F	
A00066246	BAS1	22	M	R
A00066245	BAS1	49	F	R
A00066245	FLU1	50	F	R
A00066245	FLU2	51	F	R
A00066237	BAS1	53	F	R
A00066237	FLU1	54	F	R
A00066237	FLU2	55	F	R
A00066236	BAS1	33	M	R
A00066232	BAS1	23	M	R
A00066162	BAS1	52	F	R
A00066154	BAS1	53	F	R
A00066154	FLU1	55	F	R
A00066154	FLU2	56	F	R
A00066153	BAS1	21	M	R
A00066132	BAS1	56	F	R
A00066132	FLU1	57	F	R
A00066130	BAS1	75	F	R
A00066091	BAS1	22	M	R
A00066087	BAS1	22	M	R
A00066013	BAS1	50	F	R
A00066013	FLU1	51	F	R
A00066013	FLU2	52	F	R
A00066013	FLU3	53	F	R
A00065995	BAS1	45	M	L
A00065995	FLU1	46	M	L
A00065995	FLU2	47	M	L
A00065995	FLU3	48	M	L
A00065992	BAS1	7	F	R
A00065992	FLU1	8	F	R
A00065992	FLU2	9	F	R
A00065992	TRT	8	F	R
A00065991	BAS1	43	F	R
A00065991	FLU1	44	F	R
A00065991	FLU2	44	F	R
A00065978	BAS1	15	M	R
A00065978	FLU1	16	M	R
A00065978	FLU2	18	M	R
A00065975	BAS1	16	M	R
A00065975	FLU1	17	M	R
A00065975	FLU2	19	M	R
A00065975	TRT	19	M	R
A00065974	BAS1	44	F	R
A00065974	FLU1	45	F	R
A00065974	FLU2	46	F	R
A00065962	BAS1	39	F	R
A00065962	FLU2	41	F	R
A00065962	FLU3	42	F	R
A00065941	BAS1	15	M	R
A00065941	FLU1	16	M	R
A00065941	FLU2	17	M	R
A00065935	BAS1	42	F	R
A00065935	FLU1	43	F	R
A00065935	FLU2	44	F	R
A00065935	FLU3	45	F	R
A00065934	BAS1	17	M	R
A00065873	BAS1	52	F	R
A00065865	BAS1	81	M	R
A00065820	BAS1	9	M	R
A00065820	TRT	9	M	R
A00065802	BAS1	14	M	R
A00065802	FLU1	15	M	R
A00065802	FLU2	16	M	R
A00065802	TRT	14	M	R
A00065792	BAS1	7	F	R
A00065792	FLU1	8	F	R
A00065792	TRT	7	F	R
A00065790	BAS1	23	F	L
A00065750	BAS1	8	M	R
A00065749	BAS1	60	M	L
A00065743	BAS1	51	F	L
A00065743	FLU1	52	F	L
A00065743	FLU3	54	F	L
A00065722	BAS1	59	M	R
A00065717	BAS1	61	M	R
A00065617	BAS1	23	M	R
A00065574	BAS1	23	M	R
A00065572	BAS1	54	F	R
A00065572	FLU1	55	F	R
A00065572	FLU2	56	F	R
A00065572	FLU3	57	F	R
A00065565	BAS1	84	M	R
A00065487	BAS1	42	F	R
A00065487	BAS2	43	F	R
A00065487	FLU1	44	F	R
A00065487	FLU2	45	F	R
A00065480	BAS1	45	F	L
A00065480	FLU1	46	F	L
A00065480	FLU2	47	F	L
A00065478	BAS1	54	F	R
A00065478	FLU1	55	F	R
A00065478	FLU2	56	F	R
A00065379	BAS1	42	M	R
A00065302	BAS1	70	F	R
A00065302	FLU1	71	F	R
A00065302	FLU2	72	F	R
A00065302	FLU3	73	F	R
A00065263	BAS1	12	M	R
A00065262	BAS1	13	F	L
A00065261	BAS1	9	M	L
A00065261	FLU1	10	M	L
A00065261	FLU2	11	M	L
A00065250	BAS1	10	M	R
A00065250	FLU1	11	M	R
A00065250	FLU2	12	M	R
A00065250	TRT	10	M	R
A00065197	BAS1	18	M	R
A00065185	BAS1	6	M	R
A00065185	FLU2	8	M	R
A00065178	BAS1	10	M	R
A00065178	FLU1	11	M	R
A00065178	FLU2	12	M	R
A00065178	TRT	12	M	R
A00065178	TRT	11	M	R
A00064597	BAS1	10	F	R
A00064597	FLU1	11	F	R
A00064596	BAS1	12	M	R
A00064596	FLU1	13	M	R
A00064596	FLU2	14	M	R
A00064596	TRT	12	M	R
A00064580	BAS1	25	M	R
A00064507	BAS1	10	M	R
A00064507	FLU1	12	M	R
A00064507	FLU2	13	M	R
A00064507	TRT	10	M	R
A00064505	BAS1	15	M	R
A00064505	FLU1	17	M	R
A00064505	TRT	15	M	R
A00064503	BAS1	12	M	R
A00064503	FLU1	13	M	R
A00064503	FLU2	14	M	R
A00064503	TRT	12	M	R
A00064418	BAS1	11	F	R
A00064418	FLU1	12	F	R
A00064418	FLU2	13	F	R
A00064418	TRT	11	F	R
A00064416	BAS1	17	F	L
A00064415	BAS1	48	M	R
A00064328	BAS1	69	F	R
A00064328	FLU1	70	F	R
A00064328	FLU2	71	F	R
A00064328	FLU3	72	F	R
A00064323	BAS1	65	M	R
A00064081	BAS1	44	F	R
A00064081	FLU1	46	F	R
A00064081	FLU2	47	F	R
A00064061	BAS1	74	F	R
A00064058	BAS1	70	F	R
A00064058	FLU2	72	F	R
A00064058	FLU3	73	F	R
A00064053	BAS1	52	F	R
A00063589	BAS1	24	M	R
A00063481	BAS1	53	F	R
A00063479	BAS1	75	F	R
A00063473	BAS1	73	F	R
A00063470	BAS1	75	M	R
A00063458	BAS1	82	M	R
A00063455	BAS1	66	M	R
A00063450	BAS1	19	F	L
A00063425	BAS1	14	M	R
A00063424	BAS1	47	F	R
A00063424	BAS2	49	F	R
A00063424	FLU1	50	F	R
A00063383	BAS1	17	F	R
A00063383	FLU2	20	F	R
A00063383	TRT	17	F	R
A00063368	BAS1	27	F	R
A00063329	BAS1	12	F	R
A00063329	FLU1	14	F	R
A00063329	FLU2	15	F	R
A00063327	BAS1	9	F	R
A00063327	FLU1	11	F	R
A00063327	FLU2	12	F	R
A00063327	TRT	11	F	R
A00063327	TRT		F	R
A00063326	BAS1	35	M	R
A00063110	BAS1	54	M	L
A00063110	BAS2	55	M	L
A00063110	FLU1	56	M	L
A00063103	BAS1	23	F	R
A00063031	BAS1	56	F	R
A00063008	BAS1	43	F	R
A00063006	BAS1	11	F	R
A00063006	FLU1	13	F	R
A00063006	TRT	11	F	R
A00063003	BAS1	13	M	R
A00063003	FLU1	15	M	R
A00063003	TRT	13	M	R
A00063000	BAS1	57	F	
A00062997	BAS1	8	M	R
A00062997	TRT	8	M	R
A00062996	BAS1	11	F	R
A00062996	TRT	11	F	R
A00062989	BAS1	15	F	R
A00062989	FLU2	17	F	R
A00062989	TRT		F	R
A00062983	BAS1	17	M	R
A00062983	FLU1	18	M	R
A00062983	FLU2	20	M	R
A00062983	TRT	17	M	R
A00062982	BAS1	57	M	R
A00062942	BAS1	42	F	R
A00062937	BAS1	63	M	R
A00062937	BAS2	64	M	R
A00062937	FLU1	65	M	R
A00062937	FLU2		M	R
A00062934	BAS1	34	M	R
A00062929	BAS1	57	F	R
A00062928	BAS1	62	F	R
A00062926	BAS1	46	F	R
A00062923	BAS1	67	F	R
A00062917	BAS1	24	F	R
A00062809	BAS1	15	F	R
A00062809	FLU1	16	F	R
A00062809	TRT		F	R
A00062798	BAS1	6	F	R
A00062797	BAS1	11	F	R
A00062797	FLU2	14	F	R
A00062797	TRT	11	F	R
A00062416	BAS1	57	F	R
A00062411	BAS1	27	F	R
A00062369	BAS1	16	F	L
A00062369	FLU1	17	F	L
A00062369	TRT	16	F	L
A00062368	BAS1	52	F	R
A00062361	BAS1	9	M	R
A00062361	FLU1	10	M	R
A00062361	FLU2	12	M	R
A00062361	TRT		M	R
A00062355	BAS1	8	F	R
A00062353	BAS1	10	F	R
A00062353	FLU1	11	F	R
A00062353	TRT	10	F	R
A00062351	BAS1	29	M	R
A00062349	BAS1	6	M	R
A00062349	FLU1	7	M	R
A00062349	FLU2	8	M	R
A00062349	TRT	8	M	R
A00062292	BAS1	52	F	R
A00062288	BAS1	33	M	R
A00062285	BAS1	51	F	L
A00062285	BAS2	52	F	L
A00062285	FLU1	53	F	L
A00062285	FLU2	54	F	L
A00062282	BAS1	38	M	R
A00062282	BAS2	40	M	R
A00062282	FLU1	41	M	R
A00062268	BAS1	50	F	R
A00062266	BAS1	42	F	R
A00062255	BAS1	46	M	R
A00062248	BAS1	30	F	R
A00062210	BAS1	43	F	R
A00062210	BAS2	45	F	R
A00062210	FLU1	46	F	R
A00062210	FLU2	47	F	R
A00062146	BAS1	14	F	R
A00062146	TRT	14	F	R
A00062144	BAS1	15	F	R
A00062144	TRT	15	F	R
A00062085	BAS1	8	M	L
A00062085	FLU1	10	M	L
A00062085	FLU2	11	M	L
A00062085	TRT	8	M	L
A00062081	BAS1	12	M	R
A00062081	FLU1	14	M	R
A00062081	FLU2	15	M	R
A00062081	TRT	12	M	R
A00062009	BAS1	11	M	R
A00062009	TRT	11	M	R
A00061962	BAS1	51	F	R
A00061962	BAS2	52	F	R
A00061962	FLU1	53	F	R
A00061923	BAS1	16	F	R
A00061883	BAS1	14	M	R
A00061883	FLU1	15	M	R
A00061883	FLU2	17	M	R
A00061883	TRT	14	M	R
A00061882	BAS1	25	F	R
A00061881	BAS1	19	M	R
A00061806	BAS1	37	M	R
A00061802	BAS1	54	M	R
A00061790	BAS1	49	F	R
A00061787	BAS1	69	F	R
A00061767	BAS1	65	M	R
A00061749	BAS1	13	F	R
A00061749	FLU1	14	F	R
A00061749	FLU2	16	F	R
A00061749	TRT	13	F	R
A00061730	BAS1	11	F	R
A00061728	BAS1	66	F	R
A00061727	BAS1	20	F	R
A00061725	BAS1	74	F	R
A00061715	BAS1	17	M	R
A00061715	FLU1	18	M	R
A00061715	TRT	17	M	R
A00061714	BAS1	16	M	R
A00061714	FLU1	17	M	R
A00061714	TRT	16	M	R
A00061711	BAS1	42	M	R
A00061709	BAS1	23	M	R
A00061666	BAS1	69	F	L
A00061656	BAS1	65	M	L
A00061656	BAS2	66	M	L
A00061656	FLU1	67	M	L
A00061656	FLU2	68	M	L
A00061647	BAS1	52	F	R
A00061634	BAS1	51	F	
A00061600	BAS1	65	M	R
A00061598	BAS1	28	F	R
A00061597	BAS1	45	F	R
A00061485	BAS1	64	F	R
A00061483	BAS1	62	F	R
A00061415	BAS1	10	M	L
A00061415	FLU1	11	M	L
A00061415	FLU2	12	M	L
A00061415	TRT	10	M	L
A00061413	FLU1	10	M	
A00061413	FLU2	11	M	
A00061413	TRT	10	M	
A00061387	BAS1	22	M	R
A00061298	BAS1	17	F	L
A00061298	FLU2	19	F	L
A00061298	TRT	17	F	L
A00061284	BAS1	31	F	R
A00061281	BAS1	66	M	L
A00061276	BAS1	37	F	R
A00061275	BAS1	65	M	R
A00061274	BAS1	76	M	R
A00061263	BAS1	49	M	R
A00061210	BAS1	57	M	R
A00061204	BAS1	40	M	R
A00061203	BAS1	53	F	L
A00061021	BAS1	62	F	R
A00061001	BAS1	44	F	R
A00060925	BAS1	24	F	R
A00060923	BAS1	64	F	R
A00060848	BAS1	27	F	R
A00060846	BAS1	13	F	L
A00060846	BAS1	13	F	L
A00060846	FLU1	14	F	L
A00060846	FLU2	15	F	L
A00060846	TRT	13	F	L
A00060806	BAS1	16	F	R
A00060806	TRT	16	F	R
A00060773	BAS1	23	F	R
A00060675	BAS1	6	F	R
A00060675	FLU2	8	F	R
A00060664	BAS1	12	F	R
A00060664	FLU1	13	F	R
A00060664	FLU2	14	F	R
A00060664	TRT	12	F	R
A00060662	BAS1	26	M	R
A00060632	BAS1	33	M	R
A00060630	BAS1	28	F	R
A00060629	BAS1	19	M	R
A00060628	BAS1	18	F	R
A00060603	BAS1	11	M	R
A00060603	FLU1	12	M	R
A00060603	FLU2	14	M	R
A00060603	TRT	11	M	R
A00060602	BAS1	67	F	R
A00060602	BAS2	68	F	R
A00060602	FLU1	69	F	R
A00060602	FLU2	70	F	R
A00060582	BAS1	22	F	L
A00060582	BAS1	22	F	L
A00060581	BAS1	32	M	
A00060576	BAS1	21	M	L
A00060575	BAS1	66	F	R
A00060575	BAS2	67	F	R
A00060575	FLU1	68	F	R
A00060575	FLU2	69	F	R
A00060574	BAS1	57	F	R
A00060516	BAS1	23	M	R
A00060503	BAS1	13	M	L
A00060503	FLU1	14	M	L
A00060503	FLU2	15	M	L
A00060503	TRT	13	M	L
A00060493	BAS1	6	F	R
A00060493	FLU1	8	F	R
A00060493	FLU2	9	F	R
A00060493	TRT	6	F	R
A00060480	BAS1	32	M	R
A00060472	BAS1	16	M	R
A00060472	FLU1	18	M	R
A00060472	TRT	16	M	R
A00060471	BAS1	25	M	R
A00060431	BAS1	72	M	L
A00060430	BAS1	45	F	R
A00060429	BAS1	10	F	R
A00060429	FLU1	11	F	R
A00060429	FLU2	12	F	R
A00060429	TRT	10	F	R
A00060407	BAS1	43	M	R
A00060384	BAS1	12	F	R
A00060384	FLU1	13	F	R
A00060384	FLU2	15	F	R
A00060384	TRT	12	F	R
A00060383	BAS1	55	M	L
A00060372	BAS1	30	F	R
A00060306	BAS1	76	M	R
A00060302	BAS1	22	F	R
A00060301	BAS1	75	M	R
A00060280	BAS1	16	M	L
A00060280	FLU1	18	M	L
A00060280	FLU2	19	M	L
A00060280	TRT	16	M	L
A00060279	BAS1	28	F	R
A00060265	BAS1	11	F	R
A00060264	BAS1	52	F	R
A00060264	BAS2	53	F	R
A00060259	BAS1	32	F	R
A00060252	BAS1	78	F	R
A00060185	BAS1	68	F	R
A00060184	BAS1	70	M	R
A00060170	BAS1	65	M	R
A00060169	BAS1	22	F	R
A00060100	BAS1	10	M	R
A00060100	FLU1	12	M	R
A00060100	FLU2	13	M	R
A00060100	TRT	12	M	R
A00060099	BAS1	12	M	R
A00060099	FLU1	13	M	R
A00060099	FLU2	14	M	R
A00060099	TRT	12	M	R
A00060093	BAS1	27	M	R
A00060006	BAS1	31	F	R
A00060005	BAS1	56	F	
A00059990	BAS1	18	M	R
A00059935	BAS1	15	M	R
A00059911	BAS1	26	F	R
A00059875	BAS1	8	F	R
A00059865	BAS1	14	F	R
A00059865	FLU1	16	F	R
A00059865	FLU2	17	F	R
A00059865	TRT	14	F	R
A00059845	BAS1	44	M	R
A00059756	BAS1	34	F	R
A00059734	BAS1	6	F	R
A00059733	BAS1	9	M	R
A00059733	FLU1	10	M	R
A00059664	BAS1	63	F	R
A00059663	BAS1	71	F	R
A00059662	BAS1	57	F	
A00059527	BAS1	21	F	R
A00059428	BAS1	34	F	R
A00059427	BAS1	10	F	R
A00059361	BAS1	69	M	R
A00059361	BAS2	70	M	R
A00059361	FLU1	71	M	R
A00059361	FLU2	72	M	R
A00059361	FLU3	73	M	R
A00059346	BAS1	42	F	
A00059344	BAS1	43	M	R
A00059344	BAS2	44	M	R
A00059344	FLU1	45	M	R
A00059344	FLU2	46	M	R
A00059327	BAS1	11	F	R
A00059327	FLU1	13	F	R
A00059327	FLU2	14	F	R
A00059327	TRT	11	F	R
A00059326	BAS1	8	M	
A00059326	FLU1	9	M	
A00059326	FLU2	11	M	
A00059325	BAS1	12	M	R
A00059325	FLU1	13	M	R
A00059325	TRT	12	M	R
A00059109	BAS1	11	M	R
A00059107	BAS1	57	F	R
A00059074	BAS1	35	F	R
A00058999	BAS1	21	F	R
A00058998	BAS1	71	F	R
A00058952	BAS1	38	M	R
A00058952	BAS2	39	M	R
A00058952	FLU1	39	M	R
A00058951	BAS1	8	F	R
A00058685	BAS1	17	M	R
A00058685	FLU2	20	M	R
A00058667	BAS1	23	F	R
A00058644	BAS1	71	F	R
A00058621	BAS1	21	F	R
A00058570	BAS1	9	F	R
A00058570	FLU1	10	F	R
A00058552	BAS1	45	F	R
A00058537	BAS1	14	M	R
A00058537	FLU2	17	M	R
A00058516	BAS1	10	M	R
A00058516	TRT	10	M	R
A00058515	BAS1	25	F	L
A00058503	BAS1	42	F	R
A00058503	BAS2	43	F	R
A00058503	FLU1	44	F	R
A00058503	FLU2	45	F	R
A00058436	BAS1	70	F	R
A00058318	BAS1	72	F	R
A00058229	BAS1	15	M	R
A00058229	FLU1	16	M	R
A00058229	FLU2	17	M	R
A00058229	TRT	15	M	R
A00058215	BAS1	6	F	R
A00058215	FLU1	8	F	R
A00058215	FLU2	9	F	R
A00058215	TRT	6	F	R
A00058214	BAS1	24	F	R
A00058145	BAS1	80	F	R
A00058130	BAS1	80	M	L
A00058061	BAS1	10	F	L
A00058061	TRT	10	F	L
A00058060	BAS1	8	F	R
A00058060	TRT	8	F	R
A00058053	BAS1	14	F	R
A00058053	FLU1	15	F	R
A00058053	TRT	14	F	R
A00058004	BAS1	8	M	R
A00058004	FLU1	9	M	R
A00058004	FLU2	10	M	R
A00058004	TRT	10	M	R
A00057967	BAS1	11	M	R
A00057965	BAS1	37	M	R
A00057863	BAS1	8	M	L
A00057863	FLU1	9	M	L
A00057863	FLU2	10	M	L
A00057863	TRT	10	M	L
A00057862	BAS1	10	F	R
A00057862	FLU1	11	F	R
A00057862	FLU2	13	F	R
A00057862	TRT	11	F	R
A00057809	BAS1	8	F	R
A00057809	FLU1	9	F	R
A00057809	FLU2	11	F	R
A00057809	TRT	8	F	R
A00057808	BAS1	27	F	R
A00057786	BAS1	22	F	R
A00057726	FLU1	11	M	
A00057726	FLU2	12	M	
A00057726	TRT	12	M	
A00057725	BAS1	7	F	R
A00057725	FLU1	8	F	R
A00057725	FLU2	9	F	R
A00057725	TRT	7	F	R
A00057480	BAS1	10	M	L
A00057480	FLU1	12	M	L
A00057480	FLU2	13	M	L
A00057480	TRT	10	M	L
A00057445	BAS1	56	F	R
A00057445	BAS2	58	F	R
A00057445	FLU1	59	F	R
A00057445	FLU2	60	F	R
A00057444	BAS1	23	F	R
A00057406	BAS1	21	F	R
A00057405	BAS1	13	F	R
A00057405	FLU1	14	F	R
A00057405	FLU2	16	F	R
A00057405	TRT	13	F	R
A00057372	BAS1	26	M	R
A00057235	BAS1	21	F	R
A00057203	BAS1	21	F	R
A00057183	BAS1	28	F	L
A00057182	BAS1	21	F	R
A00057076	BAS1	7	M	R
A00057076	FLU1	8	M	R
A00057076	FLU2	9	M	R
A00057076	TRT	8	M	R
A00057035	BAS1	23	M	R
A00057005	BAS1	21	M	R
A00056949	BAS1	33	F	R
A00056920	BAS1	10	M	R
A00056920	TRT	10	M	R
A00056919	BAS1	25	M	R
A00056898	BAS1	22	F	R
A00056830	BAS1	8	F	R
A00056830	FLU2	11	F	R
A00056746	BAS1	8	M	R
A00056746	FLU2	10	M	R
A00056746	TRT	8	M	R
A00056703	BAS1	16	M	R
A00056679	BAS1	9	F	R
A00056679	FLU1	11	F	R
A00056679	FLU2	12	F	R
A00056679	TRT	9	F	R
A00056628	BAS1	13	M	R
A00056627	BAS1	22	F	R
A00056605	BAS1	14	F	L
A00056605	FLU1	16	F	L
A00056605	FLU2	17	F	L
A00056605	TRT	14	F	L
A00056556	BAS1	38	M	R
A00056489	BAS1	36	M	R
A00056470	BAS1	12	F	R
A00056470	TRT	12	F	R
A00056453	BAS1	17	M	R
A00056452	BAS1	40	F	R
A00056452	BAS2	42	F	R
A00056420	BAS1	9	M	R
A00056420	FLU1	10	M	R
A00056420	FLU2	11	M	R
A00056420	TRT	9	M	R
A00056419	BAS1	6	F	R
A00056419	FLU2	9	F	R
A00056419	TRT	9	F	R
A00056372	BAS1	68	F	R
A00056307	BAS1	8	F	R
A00056307	FLU1	10	F	R
A00056307	FLU2	11	F	R
A00056307	TRT		F	R
A00056306	BAS1	38	F	R
A00056295	FLU1	14	M	R
A00056295	FLU2	15	M	R
A00056295	TRT	12	M	R
A00056198	BAS1	9	F	R
A00056198	FLU1	10	F	R
A00056198	FLU2	11	F	R
A00056198	TRT	9	F	R
A00056164	BAS1	62	M	R
A00056138	BAS1	15	M	R
A00056138	FLU1	16	M	R
A00056138	TRT	15	M	R
A00056099	BAS2	38	M	R
A00056099	FLU1	39	M	R
A00056098	BAS1	34	F	R
A00056098	BAS2	36	F	R
A00056097	BAS1	26	M	R
A00056022	BAS1	9	M	R
A00056022	FLU1	11	M	R
A00056022	FLU2	12	M	R
A00056022	TRT	9	M	R
A00056020	BAS1	6	M	R
A00056020	FLU1	8	M	R
A00056020	FLU2	9	M	R
A00056020	TRT	9	M	R
A00055991	BAS1	15	F	R
A00055991	TRT	15	F	R
A00055962	BAS1	36	F	R
A00055946	BAS1	7	F	R
A00055946	FLU1	9	F	R
A00055946	FLU2	10	F	R
A00055946	TRT	10	F	R
A00055921	BAS1	7	F	R
A00055921	FLU1	9	F	R
A00055921	FLU2	10	F	R
A00055921	TRT	10	F	R
A00055920	BAS1	9	F	R
A00055920	FLU1	11	F	R
A00055920	FLU2	12	F	R
A00055920	TRT	9	F	R
A00055908	BAS1	10	M	R
A00055908	FLU1	11	M	R
A00055908	TRT	10	M	R
A00055907	BAS1	7	F	R
A00055907	BAS1	7	F	R
A00055907	FLU2	10	F	R
A00055907	TRT	7	F	R
A00055906	BAS1	15	M	R
A00055903	BAS1	8	F	R
A00055903	TRT	8	F	R
A00055867	BAS1	15	M	R
A00055867	TRT	15	M	R
A00055866	BAS1	9	F	R
A00055866	TRT	9	F	R
A00055832	BAS1	6	F	R
A00055832	FLU1	7	F	R
A00055806	BAS1	30	F	R
A00055765	BAS1	9	M	R
A00055763	BAS1	36	M	R
A00055763	BAS2	39	M	R
A00055763	FLU1	40	M	R
A00055738	BAS1	25	F	R
A00055728	BAS1	9	F	R
A00055728	FLU2	12	F	R
A00055728	TRT	9	F	R
A00055727	BAS1	8	F	R
A00055727	FLU2	11	F	R
A00055727	TRT	8	F	R
A00055693	BAS1	8	F	L
A00055693	FLU1	9	F	L
A00055693	FLU2	10	F	L
A00055693	TRT	8	F	L
A00055692	BAS1	56	F	L
A00055624	BAS1	10	F	R
A00055624	FLU1	12	F	R
A00055612	BAS1	8	F	L
A00055612	FLU1	9	F	L
A00055612	FLU2	11	F	L
A00055612	TRT	8	F	L
A00055542	BAS1	29	F	R
A00055541	BAS1	9	M	R
A00055462	BAS1	15	M	R
A00055462	FLU1	16	M	R
A00055462	FLU2	18	M	R
A00055462	TRT	15	M	R
A00055447	BAS1	36	M	R
A00055446	BAS1	29	F	R
A00055373	BAS1	28	M	R
A00055353	BAS1	68	F	R
A00055352	BAS1	59	F	R
A00055332	BAS1	15	M	R
A00055267	BAS1	13	M	R
A00055267	FLU1	14	M	R
A00055267	FLU2	16	M	R
A00055267	TRT	13	M	R
A00055262	BAS1	9	M	R
A00055262	FLU1	11	M	R
A00055262	FLU2	12	M	R
A00055262	TRT	12	M	R
A00055215	BAS1	22	F	R
A00055122	BAS1	15	M	R
A00055122	FLU1	16	M	R
A00055122	FLU2	18	M	R
A00055122	TRT	15	M	R
A00055121	BAS1	28	M	R
A00055116	BAS1	15	F	R
A00055076	BAS1	10	F	R
A00055076	FLU1	11	F	R
A00055076	TRT	10	F	R
A00055061	BAS1	53	F	R
A00054929	BAS1	73	F	R
A00054914	BAS1	39	F	R
A00054913	BAS1	83	F	R
A00054897	BAS1	49	M	R
A00054895	BAS1	59	F	R
A00054895	BAS2	61	F	R
A00054895	FLU1	62	F	R
A00054857	BAS1	39	F	R
A00054857	BAS2	42	F	R
A00054621	BAS1	70	F	R
A00054581	BAS1	10	M	R
A00054581	FLU1	12	M	R
A00054581	FLU2	13	M	R
A00054581	TRT	10	M	R
A00054578	BAS1	9	M	
A00054578	TRT	9	M	
A00054534	BAS1	21	F	R
A00054533	BAS1	21	F	R
A00054532	BAS1	22	F	R
A00054504	BAS1	25	F	R
A00054482	BAS1	71	F	R
A00054441	BAS1	32	F	R
A00054358	BAS1	56	F	R
A00054206	BAS1	14	M	R
A00054206	FLU1	15	M	R
A00054206	FLU2	17	M	R
A00054206	TRT	14	M	R
A00054173	BAS1	20	F	L
A00054153	BAS1	61	M	L
A00054153	BAS2	63	M	L
A00054153	FLU1	64	M	L
A00054153	FLU2	65	M	L
A00054038	BAS1	68	F	R
A00054019	BAS1	32	F	R
A00053949	BAS1	64	M	L
A00053949	BAS2	67	M	L
A00053949	FLU1	68	M	L
A00053927	BAS1	48	M	R
A00053902	BAS1	37	F	R
A00053901	BAS1	43	F	R
A00053874	BAS1	47	F	R
A00053873	BAS1	6	M	L
A00053873	FLU1	8	M	L
A00053873	FLU2	9	M	L
A00053873	TRT	6	M	L
A00053854	BAS1	33	F	R
A00053851	BAS1	29	F	R
A00053850	BAS1	25	F	L
A00053744	BAS1	17	M	R
A00053744	TRT	17	M	R
A00053627	BAS1	53	F	R
A00053626	BAS1	78	F	R
A00053625	BAS1	72	F	R
A00053578	BAS1	21	F	R
A00053577	BAS1	23	F	R
A00053576	BAS1	20	F	R
A00053546	BAS1	18	M	R
A00053490	BAS1	12	M	R
A00053490	TRT	12	M	R
A00053475	BAS1	30	M	R
A00053474	BAS1	20	M	R
A00053473	BAS1	31	M	R
A00053456	BAS1	85	F	R
A00053455	BAS1	38	F	R
A00053390	BAS1	14	F	R
A00053390	TRT	14	F	R
A00053369	BAS1	62	F	R
A00053320	BAS1	8	M	R
A00053320	FLU1	10	M	R
A00053320	FLU2	11	M	R
A00053320	TRT	8	M	R
A00053203	BAS1	10	M	R
A00053203	FLU1	12	M	R
A00053203	TRT	10	M	R
A00053202	BAS1	43	F	L
A00053202	BAS2	46	F	L
A00053202	FLU1	47	F	L
A00053202	FLU2	49	F	L
A00053171	BAS1	8	M	R
A00053171	FLU1	10	M	R
A00053171	FLU2	11	M	R
A00052639	BAS1	59	F	R
A00052614	BAS1	17	F	R
A00052613	BAS1	14	M	R
A00052612	BAS1	47	F	R
A00052577	BAS1	50	F	R
A00052577	BAS2	53	F	R
A00052577	FLU1	54	F	R
A00052577	FLU2	55	F	R
A00052560	BAS1	38	M	R
A00052502	BAS1	18	M	R
A00052500	BAS1	29	M	R
A00052499	BAS1	68	F	R
A00052461	BAS1	14	M	R
A00052461	FLU1	15	M	R
A00052461	FLU2	16	M	R
A00052461	TRT	14	M	R
A00052340	BAS1	33	F	R
A00052319	BAS1	47	F	R
A00052307	BAS1	22	M	R
A00052237	BAS1	17	F	R
A00052237	FLU1	19	F	R
A00052237	FLU2	20	F	R
A00052237	TRT	20	F	R
A00052235	BAS1	27	M	R
A00052234	BAS1	66	F	R
A00052234	BAS2	68	F	R
A00052234	FLU1	70	F	R
A00052234	FLU2	71	F	R
A00052214	BAS1	75	F	R
A00052197	BAS1	18	M	R
A00052183	BAS1	16	M	R
A00052183	FLU1	18	M	R
A00052183	FLU2	19	M	R
A00052183	TRT	16	M	R
A00052182	BAS1	12	M	R
A00052182	FLU1	13	M	R
A00052182	FLU2	14	M	R
A00052182	TRT	14	M	R
A00052181	BAS1	37	F	R
A00052181	BAS2	40	F	R
A00052181	FLU1	41	F	R
A00052180	BAS1	47	F	R
A00052165	BAS1	8	F	R
A00052165	TRT	8	F	R
A00052126	BAS1	24	M	L
A00052125	BAS1	26	F	R
A00052118	BAS1	68	F	L
A00052117	BAS1	42	F	R
A00052117	BAS2	44	F	R
A00052070	BAS1	67	M	R
A00052069	BAS1	10	M	R
A00052069	FLU1	11	M	R
A00052069	TRT	10	M	R
A00051927	BAS1	38	F	R
A00051925	BAS1	49	F	R
A00051882	BAS1	53	F	R
A00051882	BAS2	56	F	R
A00051882	FLU1	57	F	R
A00051835	BAS1	60	F	L
A00051835	BAS2	62	F	L
A00051835	FLU1	63	F	L
A00051835	FLU2	64	F	L
A00051796	BAS1	78	M	R
A00051774	BAS1	30	M	R
A00051758	BAS1	15	F	R
A00051727	BAS1	15	F	R
A00051727	TRT	15	F	R
A00051726	BAS1	18	M	R
A00051691	BAS1	6	M	
A00051691	FLU1	8	M	
A00051691	FLU2	9	M	
A00051691	TRT	6	M	
A00051690	BAS1	15	F	R
A00051679	BAS1	27	M	R
A00051678	BAS1	66	F	R
A00051676	BAS1	32	M	R
A00051658	BAS1	18	F	R
A00051638	BAS1	18	F	R
A00051604	BAS1	69	M	R
A00051603	BAS1	18	M	R
A00051548	BAS1			
A00051539	BAS1	28	F	R
A00051529	BAS1	57	F	R
A00051528	BAS1	61	M	L
A00051517	BAS1	67	F	L
A00051514	BAS1	21	F	R
A00051513	BAS1	40	M	R
A00051477	BAS1	21	M	R
A00051457	BAS1	69	M	R
A00051456	BAS1	62	F	R
A00051456	BAS2	65	F	R
A00051456	FLU1	66	F	R
A00051456	FLU2	67	F	R
A00051455	BAS1	77	F	R
A00051064	BAS1	19	F	L
A00051063	BAS1	18	M	R
A00051023	BAS1	54	F	R
A00050998	BAS1	47	F	R
A00050977	BAS1	71	F	R
A00050940	BAS1	31	M	R
A00050912	BAS1	53	F	L
A00050911	BAS1	66	F	R
A00050848	BAS1	16	M	R
A00050848	FLU1	18	M	R
A00050848	FLU2	19	M	R
A00050848	TRT	16	M	R
A00050847	BAS1	10	M	R
A00050847	FLU1	12	M	R
A00050847	FLU2	13	M	R
A00050815	BAS1	44	M	L
A00050795	BAS1	22	M	R
A00050743	BAS1	15	F	R
A00050742	BAS1	53	F	R
A00050721	BAS1	46	F	L
A00050720	BAS1	40	F	R
A00050679	BAS1	81	F	R
A00050677	BAS1	7	F	R
A00045590	BAS1	29	M	R
A00045589	BAS1	63	M	R
A00045554	BAS1	42	M	R
A00044427	BAS1	75	F	R
A00044410	BAS1	71	F	R
A00044408	BAS1	82	F	R
A00044405	BAS1	49	F	R
A00044370	BAS1	56	F	L
A00044369	BAS1	66	M	R
A00044345	BAS1	47	F	R
A00044344	BAS1	63	F	R
A00044307	BAS1	21	M	R
A00044291	BAS1	24	F	R
A00044217	BAS1	9	M	L
A00044217	FLU2	12	M	L
A00044171	BAS1	18	F	R
A00044154	BAS1	53	F	R
A00044131	BAS1	22	M	R
A00044130	BAS1	22	F	R
A00044084	BAS1	17	F	R
A00044084	FLU1	19	F	R
A00044068	BAS1	79	F	R
A00044012	BAS1	19	F	R
A00044011	BAS1	44	F	R
A00043998	BAS1	28	M	R
A00043790	BAS1	49	F	R
A00043788	BAS1	13	F	R
A00043788	FLU1	15	F	R
A00043788	TRT	13	F	R
A00043762	BAS1	53	F	R
A00043762	BAS2	56	F	R
A00043762	FLU1	57	F	R
A00043762	FLU2	58	F	R
A00043758	BAS1	16	F	R
A00043740	BAS1	14	M	R
A00043740	FLU1	16	M	R
A00043740	TRT	14	M	R
A00043739	BAS1	49	F	R
A00043722	BAS1	28	M	R
A00043721	BAS1	36	F	R
A00043704	BAS1	27	M	R
A00043677	BAS1	25	M	L
A00043649	BAS1	22	M	R
A00043635	BAS1	50	M	R
A00043634	BAS1	58	F	R
A00043617	BAS1	47	F	R
A00043617	BAS2	50	F	R
A00043617	FLU1	52	F	R
A00043521	BAS1	44	F	R
A00043520	BAS1	28	M	R
A00043509	BAS1	23	M	R
A00043494	BAS1	9	M	R
A00043494	TRT		M	R
A00043494	TRT		M	R
A00043466	BAS1	19	M	R
A00043462	BAS1	21	M	R
A00043450	BAS1	22	F	R
A00043417	BAS1	53	F	R
A00043384	BAS1	21	F	R
A00043325	BAS1	56	M	R
A00043324	BAS1	46	F	R
A00043299	BAS1	34	F	R
A00043283	BAS1	44	M	R
A00043282	BAS1	16	F	R
A00043240	BAS1	15	F	L
A00043240	TRT	15	F	L
A00041540	BAS1	46	F	R
A00041503	BAS1	8	M	R
A00041049	BAS1	58	F	R
A00040992	BAS1	9	M	R
A00040944	BAS1	35	M	R
A00040915	BAS1	21	M	R
A00040891	BAS1	57	F	R
A00040890	BAS1	24	F	R
A00040827	BAS1	18	F	R
A00040815	BAS1	9	M	R
A00040815	FLU1	10	M	R
A00040815	FLU2	11	M	R
A00040815	TRT	9	M	R
A00040806	BAS1	45	M	R
A00040800	BAS1	16	M	L
A00040800	FLU1	18	M	L
A00040800	FLU2	19	M	L
A00040800	TRT	16	M	L
A00040798	BAS1	11	M	R
A00040798	FLU1	13	M	R
A00040798	FLU2	14	M	R
A00040798	TRT	11	M	R
A00040784	BAS1	60	F	R
A00040757	BAS1	49	F	R
A00040741	BAS1	66	F	R
A00040740	BAS1	23	M	R
A00040678	BAS1	46	F	R
A00040640	BAS1	28	F	R
A00040629	BAS1	76	F	L
A00040628	BAS1	20	F	R
A00040628	BAS2	22	F	R
A00040623	BAS1	34	F	R
A00040604	BAS1	45	F	R
A00040604	BAS2	48	F	R
A00040604	FLU1	49	F	R
A00040604	FLU2	50	F	R
A00040599	BAS1	61	F	R
A00040594	BAS1	51	M	L
A00040580	BAS1	60	F	R
A00040580	BAS2	63	F	R
A00040580	FLU1	64	F	R
A00040573	BAS1	27	F	R
A00040567	BAS1	65	F	L
A00040556	BAS1	9	M	L
A00040556	FLU1	11	M	L
A00040556	FLU2	12	M	L
A00040556	TRT		M	L
A00040543	BAS1	19	F	R
A00040525	BAS1	43	F	R
A00040524	BAS1	25	F	R
A00040517	BAS1	61	M	R
A00040500	BAS1	51	F	R
A00040494	BAS1	45	F	R
A00040493	BAS1	45	F	R
A00040462	BAS1	47	F	R
A00040461	BAS1	52	F	R
A00040440	BAS1	8	F	R
A00040439	BAS1	58	F	R
A00040383	BAS1	52	F	R
A00040383	BAS2	55	F	R
A00040382	BAS1	79	M	R
A00040351	BAS1	75	F	R
A00040343	BAS1	63	F	R
A00040342	BAS1	13	F	R
A00040324	BAS1	70	M	R
A00040312	BAS1	66	M	R
A00040312	BAS2	69	M	R
A00040311	BAS1	66	F	R
A00040311	BAS2	69	F	R
A00040311	FLU1	69	F	R
A00040301	BAS1	23	F	R
A00040286	BAS1	65	F	R
A00040286	BAS2	68	F	R
A00040286	FLU1	69	F	R
A00040286	FLU2	70	F	R
A00040285	BAS1	68	M	R
A00040285	BAS2	71	M	R
A00040285	FLU1	72	M	R
A00040285	FLU2	73	M	R
A00040257	BAS1	70	F	R
A00040248	BAS1	77	F	R
A00040226	BAS1	29	F	R
A00040225	BAS1	63	M	R
A00040225	BAS2	67	M	R
A00040193	BAS1	35	F	R
A00040182	BAS1	71	F	R
A00040181	BAS1	85	F	R
A00040174	BAS1	48	F	R
A00040152	BAS1	76	M	R
A00040151	BAS1	32	F	R
A00040117	BAS1	6	M	R
A00040117	FLU1	8	M	R
A00040117	FLU2	9	M	R
A00040117	TRT	8	M	R
A00040116	BAS1	50	F	R
A00040104	BAS1	67	F	R
A00040091	BAS1	60	F	R
A00040055	BAS1	59	F	R
A00040054	BAS1	71	M	R
A00039988	BAS1	73	M	R
A00039975	BAS1	65	F	R
A00039975	BAS2	69	F	R
A00039975	FLU1	70	F	R
A00039974	BAS1	60	F	L
A00039966	BAS1	69	F	L
A00039965	BAS1	75	M	R
A00039952	BAS1	65	F	R
A00039951	BAS1	42	M	R
A00039951	BAS2	46	M	R
A00039951	FLU1	47	M	R
A00039951	FLU2	48	M	R
A00039943	BAS1	15	M	R
A00039943	FLU1	17	M	R
A00039943	FLU2	18	M	R
A00039943	TRT	17	M	R
A00039923	BAS1	73	F	R
A00039916	BAS1	72	F	R
A00039895	BAS1	50	F	R
A00039866	BAS1	12	F	R
A00039846	BAS1	58	F	R
A00039846	BAS2	61	F	R
A00039846	FLU1	62	F	R
A00039845	BAS1	72	F	R
A00039820	BAS1	57	F	R
A00039820	BAS2	60	F	R
A00039820	FLU1	61	F	R
A00039820	FLU2	62	F	R
A00039819	BAS1	24	M	R
A00039783	BAS1	74	M	R
A00039758	BAS1	66	M	L
A00039758	BAS2	70	M	L
A00039758	FLU1	71	M	L
A00039756	BAS1	80	F	L
A00039755	BAS1	22	F	R
A00039700	BAS1	77	F	L
A00039699	BAS1	59	M	R
A00039686	BAS1	21	F	R
A00039685	BAS1	50	M	L
A00039685	BAS2	54	M	L
A00039669	BAS1	61	F	R
A00039657	BAS1	83	F	R
A00039655	BAS1	69	M	R
A00039640	BAS1	68	F	R
A00039639	BAS1	71	M	R
A00039636	BAS1	23	M	R
A00039635	BAS1	53	F	R
A00039607	BAS1	42	F	R
A00039593	BAS1	66	F	R
A00039593	BAS2	69	F	R
A00039593	FLU1	70	F	R
A00039593	FLU2	71	F	R
A00039560	BAS1	48	F	R
A00039560	BAS2	51	F	R
A00039560	FLU1	52	F	R
A00039560	FLU2	53	F	R
A00039559	BAS1	66	M	R
A00039500	BAS1	45	F	R
A00039490	BAS1	71	F	R
A00039488	BAS1	27	M	L
A00039488	BAS2	28	M	L
A00039463	BAS1	25	F	R
A00039461	BAS1	45	M	R
A00039432	BAS1	59	F	R
A00039431	BAS1	33	F	R
A00039393	BAS1	49	F	L
A00039391	BAS1	37	F	R
A00039391	BAS2	40	F	R
A00039391	FLU1	41	F	R
A00039391	FLU2	42	F	R
A00039353	BAS1	52	F	L
A00039353	BAS2	55	F	L
A00039353	FLU2	57	F	L
A00039331	BAS1	59	F	R
A00039277	BAS2	29	F	R
A00039276	BAS1	58	F	R
A00039257	BAS1	55	F	L
A00039249	BAS1	52	F	R
A00039218	BAS1	26	M	R
A00039168	BAS1	50	M	L
A00039159	BAS1	18	F	R
A00039143	BAS1	24	F	R
A00039118	BAS1	49	F	R
A00039084	BAS1	27	F	R
A00039083	BAS1	79	F	R
A00039075	BAS1	16	M	R
A00039074	BAS1	47	F	R
A00039041	BAS1	60	F	R
A00039040	BAS1	83	F	R
A00038998	BAS1	26	M	R
A00038998	BAS2	28	M	R
A00038959	BAS1	67	F	R
A00038957	BAS1	50	F	R
A00038832	BAS1	19	F	R
A00038831	BAS1	23	M	R
A00038817	BAS1	49	F	L
A00038806	BAS1	62	F	R
A00038806	BAS2	66	F	R
A00038806	FLU1	67	F	R
A00038806	FLU2	68	F	R
A00038805	BAS1	70	F	R
A00038731	BAS1	21	F	R
A00038718	BAS1	21	M	R
A00038706	BAS1	13	M	R
A00038642	BAS1	28	M	R
A00038642	BAS2	30	M	R
A00038623	BAS1	42	F	R
A00038623	BAS2	45	F	R
A00038623	FLU1	46	F	R
A00038623	FLU2	47	F	R
A00038616	BAS1	29	M	R
A00038605	BAS1	20	F	R
A00038603	BAS1	8	F	R
A00038522	BAS1	25	M	R
A00038520	BAS1	62	F	R
A00038519	BAS1	78	F	R
A00038424	BAS1	66	F	R
A00038424	BAS2	70	F	R
A00038414	BAS1	60	F	R
A00038414	BAS2	64	F	R
A00038414	FLU1	65	F	R
A00038411	BAS1	44	F	R
A00038285	BAS1	19	M	R
A00038189	BAS1	29	F	R
A00038159	BAS1	18	M	R
A00038158	BAS1	18	M	R
A00038115	BAS1	38	F	R
A00037877	BAS1	19	F	R
A00037866	BAS1	37	M	R
A00037848	BAS1	32	M	R
A00037848	BAS2	33	M	R
A00037831	BAS1	49	F	R
A00037818	BAS1	74	M	R
A00037817	BAS1	55	F	R
A00037817	BAS2	59	F	R
A00037817	FLU1	60	F	R
A00037784	BAS1	41	M	R
A00037783	BAS1	38	M	R
A00037768	BAS1	41	F	R
A00037767	BAS1	54	F	R
A00037726	BAS1	56	F	R
A00037725	BAS1	30	M	R
A00037647	BAS1	24	F	R
A00037646	BAS1	53	F	R
A00037635	BAS1	59	M	R
A00037589	BAS1	79	F	R
A00037588	BAS1	57	M	R
A00037582	BAS1	37	M	L
A00037545	BAS1	58	M	R
A00037531	BAS1	21	F	R
A00037522	BAS1	64	M	R
A00037522	BAS2	67	M	R
A00037522	FLU1	68	M	R
A00037511	BAS1	31	M	R
A00037511	BAS2	32	M	R
A00037510	BAS1	60	F	R
A00037492	BAS1	55	M	R
A00037483	BAS1	11	M	R
A00037476	BAS1	20	M	R
A00037459	BAS1	13	M	L
A00037458	BAS1	16	F	R
A00037457	BAS1	55	F	R
A00037457	BAS2	59	F	R
A00037457	FLU1	60	F	R
A00037445	BAS1	31	F	R
A00037439	BAS1	53	M	R
A00037421	BAS1	44	F	R
A00037396	BAS1	31	F	R
A00037387	BAS1	18	M	R
A00037386	BAS1	57	F	R
A00037378	BAS1	24	M	R
A00037377	BAS1	49	F	R
A00037375	BAS1	55	M	R
A00037368	BAS1	12	M	R
A00037267	BAS1	54	F	R
A00037267	BAS2	58	F	R
A00037267	FLU1	59	F	R
A00037267	FLU2	60	F	R
A00037266	BAS1	24	M	L
A00037244	BAS1	51	M	R
A00037229	BAS2	56	F	R
A00037229	FLU1	57	F	R
A00037198	BAS1	31	F	R
A00037170	BAS1	30	M	L
A00037160	BAS1	18	M	R
A00037126	BAS1	12	M	R
A00037126	BAS2	16	M	R
A00037126	TRT	16	M	R
A00037125	BAS1	7	F	R
A00037123	BAS1	18	F	R
A00037122	BAS1	27	M	R
A00037120	BAS1	67	F	R
A00037119	BAS1	45	M	L
A00037118	BAS1	27	M	R
A00037117	BAS1	27	M	R
A00037115	BAS1	48	F	R
A00037112	BAS1	35	F	R
A00037112	BAS2	36	F	R
A00037111	BAS1	52	F	R
A00037110	BAS1	52	F	R
A00037081	BAS1	35	F	R
A00035960	BAS1	21	F	L
A00035951	BAS1	44	M	R
A00035945	BAS1	13	M	R
A00035945	FLU1	14	M	R
A00035945	TRT	14	M	R
A00035943	BAS1	26	F	R
A00035941	BAS1	14	F	R
A00035940	BAS1	16	M	R
A00035940	FLU1	17	M	R
A00035926	BAS1	21	M	R
A00035881	BAS1	24	F	R
A00035879	BAS1	22	M	R
A00035869	BAS1	12	F	L
A00035840	BAS1	25	F	R
A00035840	BAS2	26	F	R
A00035827	BAS1	36	M	R
A00035827	BAS2	38	M	R
A00035798	BAS1	44	M	R
A00035765	BAS1	40	F	R
A00035744	BAS1	49	F	R
A00035699	BAS1	46	F	R
A00035633	BAS1	49	M	R
A00035625	BAS1	49	F	R
A00035608	BAS1	24	M	R
A00035606	BAS1	48	F	R
A00035562	BAS1	51	F	R
A00035561	BAS1	11	M	R
A00035561	FLU1	12	M	R
A00035561	FLU2	14	M	R
A00035553	BAS1	23	M	R
A00035535	BAS1	43	F	R
A00035504	BAS1	49	F	R
A00035440	BAS1	62	F	R
A00035437	BAS1	56	F	R
A00035378	BAS1	54	F	R
A00035377	BAS1	15	F	L
A00035377	FLU1	16	F	L
A00035377	FLU2	18	F	L
A00035377	TRT		F	L
A00035364	BAS1	12	M	R
A00035364	FLU1	14	M	R
A00035363	BAS1	22	M	R
A00035337	BAS1	81	F	R
A00035292	BAS1	11	M	R
A00035292	FLU1	12	M	R
A00035292	FLU2	14	M	R
A00035292	TRT	12	M	R
A00035291	BAS1	13	F	R
A00035291	FLU1	14	F	R
A00035076	BAS1	73	M	R
A00035072	BAS1	36	F	R
A00035072	BAS2	38	F	R
A00035054	BAS1	81	M	R
A00035036	BAS1	30	M	R
A00034987	BAS1	42	F	R
A00034854	BAS1	21	F	R
A00034854	BAS2	23	F	R
A00034827	BAS1	47	M	R
A00034400	BAS1	59	F	R
A00034385	BAS1	34	F	R
A00034350	BAS1	11	M	R
A00034350	FLU1	13	M	R
A00034350	TRT	13	M	R
A00034193	BAS1	27	F	R
A00034193	BAS2	32	F	R
A00034093	BAS1	75	M	R
A00034074	BAS1	17	F	R
A00034073	BAS1	16	M	R
A00033998	BAS1	62	M	R
A00033963	BAS1	66	F	R
A00033962	BAS1	65	M	R
A00033903	BAS1	58	F	R
A00033849	BAS1	57	F	R
A00033834	BAS1	51	F	R
A00033832	BAS1	39	F	R
A00033764	BAS1	48	F	R
A00033752	BAS1	65	F	R
A00033748	BAS1	58	F	R
A00033747	BAS1	26	F	R
A00033747	BAS2	27	F	R
A00033735	BAS1	70	F	R
A00033734	BAS1	63	F	R
A00033714	BAS1	15	M	R
A00033714	FLU1	16	M	R
A00033714	FLU2	18	M	R
A00033714	TRT	16	M	R
A00033673	BAS1	66	F	R
A00033673	BAS2	71	F	R
A00033673	FLU1	72	F	R
A00033647	BAS1	68	F	R
A00033643	BAS1	26	M	R
A00033640	BAS1	21	M	L
A00033609	BAS1	47	M	R
A00033589	BAS1	58	F	R
A00033248	BAS1	21	M	R
A00033247	BAS1	22	M	R
A00033232	BAS1	27	M	R
A00033231	BAS1	18	M	R
A00033180	BAS1	18	F	R
A00033021	BAS1	74	F	R
A00033011	BAS1	41	F	R
A00032876	BAS1	60	F	R
A00032875	BAS1	37	F	L
A00032875	BAS2	40	F	L
A00032875	BAS3	42	F	L
A00032875	FLU1	43	F	L
A00032862	BAS1	50	F	R
A00032817	BAS1	11	M	L
A00032010	BAS1	76	F	R
A00032008	BAS1	6	F	
A00032007	BAS1	20	M	R
A00031894	BAS1	41	M	R
A00031893	BAS1	51	F	R
A00031881	BAS1	15	M	R
A00031881	FLU1	17	M	R
A00031881	FLU2	19	M	R
A00031881	TRT	17	M	R
A00031872	BAS1	59	M	R
A00031871	BAS1	33	M	R
A00031794	BAS1	63	F	R
A00031794	BAS2	68	F	R
A00031794	FLU1	69	F	R
A00031683	BAS1	51	M	L
A00031625	BAS1	30	F	R
A00031605	BAS1	39	F	R
A00031604	BAS1	25	F	R
A00031578	BAS1	10	F	R
A00031549	BAS1	23	F	R
A00031459	BAS1	20	M	R
A00031452	BAS1	50	M	R
A00031452	BAS2	55	M	R
A00031452	FLU1	56	M	R
A00031411	BAS1	9	F	R
A00031410	BAS1	9	F	L
A00031272	BAS1	22	F	R
A00031219	BAS1	17	F	R
A00031219	BAS2	21	F	R
A00031217	BAS1	18	M	R
A00031216	BAS1	18	F	R
A00031167	BAS1	47	F	R
A00031166	BAS1	21	M	R
A00031145	BAS1	18	M	R
A00030990	BAS1	66	F	R
A00030989	BAS1	30	F	R
A00030989	BAS2	35	F	R
A00030981	BAS1	14	F	R
A00030980	BAS1	13	F	R
A00030947	BAS1	36	F	R
A00030947	BAS2	41	F	R
A00030913	BAS1	18	M	R
A00030912	BAS1	62	F	R
A00029979	BAS1	20	F	R
A00029304	BAS1	32	M	R
A00029303	BAS1	19	F	R
A00029231	BAS1	23	F	R
A00029230	BAS1	51	F	R
A00029219	BAS1	77	M	L
A00029215	BAS1	54	F	R
A00029127	BAS1	23	M	R
A00029126	BAS1	34	M	R
A00029104	BAS1	44	F	R
A00029092	BAS1	20	F	R
A00029076	BAS1	20	M	R
A00029075	BAS1	71	M	R
A00028995	BAS1	49	R	
A00028994	BAS1	54	F	R
A00028929	BAS1	63	F	R
A00028912	BAS1	67	M	R
A00028858	BAS1	80	M	R
A00028845	BAS1	76	M	R
A00028844	BAS1	19	M	R
A00028842	BAS1	42	M	R
A00028822	BAS1	57	F	R
A00028784	BAS1	43	F	R
A00028766	BAS1	19	M	R
A00028754	BAS1	42	F	R
A00028754	BAS2	46	F	R
A00028753	BAS1	41	F	R
A00028753	BAS2	46	F	R
A00028694	BAS1	25	F	R
A00028691	BAS1	59	F	R
A00028678	BAS1	69	M	R
A00028656	BAS1	20	F	R
A00028625	BAS1	73	M	R
A00028613	BAS1	64	F	R
A00028606	BAS1	22	M	R
A00028605	BAS1	59	M	L
A00028552	BAS1	61	F	
A00028522	BAS1	84	M	L
A00028468	BAS1	46	M	R
A00028430	BAS1	57	F	R
A00028429	BAS1	20	F	R
A00028400	BAS1	48	F	R
A00028399	BAS1	53	M	R
A00028389	BAS1	61	M	R
A00028380	BAS1	60	F	R
A00028352	BAS1	23	F	R
A00028352	BAS2	26	F	R
A00028340	BAS1	75	F	R
A00028339	BAS1	56	F	R
A00028339	BAS2	61	F	R
A00028339	FLU1	62	F	R
A00028287	BAS1	21	F	R
A00028266	BAS1	65	F	R
A00028246	BAS1	55	F	R
A00028207	BAS1	26	F	R
A00028192	BAS1	49	M	R
A00028185	BAS1	26	M	R
A00028185	BAS2	28	M	R
A00028184	BAS1	57	M	L
A00028177	BAS1	24	F	R
A00028152	BAS1	51	M	R
A00028150	BAS1	44	F	R
A00027651	BAS1	68	F	L
A00027544	BAS1	22	M	R
A00027443	BAS1	15	M	R
A00027439	BAS1	15	M	R
A00027439	FLU1	17	M	R
A00027439	TRT	17	M	R
A00027167	BAS1	14	F	R
A00027167	FLU1	16	F	R
A00027167	TRT	16	F	R
A00027159	BAS1	11	M	R
A00027159	FLU1	13	M	R
A00027159	TRT	13	M	R
A00025566	BAS1	72	M	R
A00023510	BAS1	23	M	R
A00021039	BAS1	67	F	R
A00019903	BAS1	83	M	R
A00018030	BAS1	11	F	L
A00018030	FLU1	13	F	L
A00018030	TRT	13	F	L
A00013809	BAS1	61	F	R
A00010893	BAS1	28	M	R
A00008399	BAS1	23	M	R
A00008326	BAS1	59	F	R
A00008326	BAS2	64	F	R
A00008326	FLU1	65	F	R