sub,CBF,SCRUB,BASIL,PVGM,PVWM
1000393599,4.328002851,4.007027343,5.470705128,5.95213407,6.578608392
2933325835,4.374350776,4.359691097,5.362936861,5.376351007,6.832388817
1000881804,4.290201461,4.889704276,5.425108018,5.405547154,7.415813633
2933490015,4.167411575,4.016152261,6.230694642,5.815965905,7.558313645
1001970838,4.143864451,3.951319307,5.575346646,5.637639233,7.577180864
2933854864,4.594397681,4.98972035,6.398809533,6.569548,7.892643574
100527940,5.355789246,5.176308747,6.961367822,5.606544754,8.303744813
2934644075,4.54374198,4.577592801,5.615190237,5.785470848,7.188549674
1006151876,4.358228607,4.273630616,5.496508834,5.638802598,6.981167782
2935256495,4.537771174,5.093198094,5.664114998,5.722098512,6.998473045
1007995238,4.461755141,4.718783664,6.359720118,5.534577383,7.874268019
2939120682,4.57726285,5.125777582,5.586481241,5.340859081,8.409771192
1011497669,4.48114713,4.139551596,5.558091509,5.732921478,7.038070749
2939479952,3.908322801,3.919614426,5.098074782,6.071527684,6.683801034
1012530688,7.013351229,4.071424405,9.229437842,11.59312747,9.537165667
2943493898,4.206889719,4.157709458,5.64255747,5.706466378,7.340078481
1017092387,4.199676584,4.016922686,5.863400075,5.540252679,6.615342775
2944925114,5.163247687,4.58825019,6.532518265,5.517455882,7.680451927
1020132225,4.28759815,4.2907066,6.569643819,6.081783884,6.964296539
2947976933,4.210975731,3.871687994,5.24570751,5.708246148,6.708575378
1023701836,4.331866045,5.191793153,5.644200621,5.771325781,7.852615193
2951167051,3.97278808,3.958633518,6.287525882,6.211718153,6.574244686
1025031408,4.364909581,4.955230533,6.656699938,6.014412407,8.144776087
2967555571,4.619611024,4.413808108,6.073570806,5.891899737,7.578240252
1027389114,4.796072529,4.50447003,6.571767483,6.777790885,7.659888763
296947353,4.261862815,4.252487612,6.140578695,5.681272801,6.9657043
1030193285,4.050976272,3.934038491,5.229861779,5.453966446,6.599739981
2970389523,4.275721974,4.272116904,6.185754982,5.739892797,6.992197295
103652366,4.628412455,5.155458654,6.661146914,5.913379962,7.107322939
2972126748,4.267998818,4.254781664,6.057629861,5.247988264,7.454334559
1037644062,4.188139432,4.132613428,5.408856202,5.714139373,6.770061107
2976850765,4.045313068,4.020434212,5.869060497,5.367658926,6.846446057
1039797417,5.071623103,4.300575724,6.671084097,8.049906367,7.747449036
2978762615,4.360660507,4.315132242,6.319155254,5.722007181,7.061582347
1039936647,4.136000692,4.092922778,5.528251871,6.096705341,6.742759559
2979786632,4.314073603,4.811721118,6.289768177,5.537433243,8.313520284
1043634177,4.233121072,4.266880785,5.583864081,5.79647629,7.228476202
29811890,4.289536,4.489336906,6.461745433,5.687410825,7.671406091
1044438549,4.437246257,4.454083752,5.490394739,5.305282121,7.487849515
2981829638,4.372409309,4.91245278,5.792556554,5.824210945,8.192050431
1046353426,4.146541868,4.415664665,5.494902052,5.480301669,8.113818644
2982184070,4.255100842,4.129520643,5.701007024,6.343426532,7.574333082
1046399178,4.672424634,4.150555398,5.448917002,5.992981821,7.577163037
2988053796,4.392571196,4.389361397,5.281318734,5.320192748,7.798679559
1048162151,4.338257455,4.778017781,5.584034017,5.510275419,7.517719172
2990984557,4.646163514,4.264338791,5.9273773,6.597154519,7.057353279
1050116930,4.223717778,4.279706576,5.414100646,5.702137793,7.392172999
2991801804,3.959642732,4.000119242,6.135568646,5.50564858,6.983870703
1057423710,4.132789051,4.033803596,5.914369985,5.980542687,7.263567768
2994983988,4.547690805,4.383578235,6.121075736,6.191235948,7.458501732
105914514,4.25791836,4.3933443,6.65008197,6.14145624,7.34613636
2996472019,4.414269479,5.022953115,5.39640844,5.552035325,7.220634515
1060532313,4.16180608,4.142243578,5.796455454,5.967581639,6.637353171
299894413,4.47327672,4.466045508,5.4375809,5.714960027,6.650253069
1060668554,4.387640677,4.891207776,5.377775945,5.474856664,7.117661273
3010264843,3.894463836,3.977284031,5.901671374,5.365940516,6.464375097
1065666069,3.816216994,3.632762564,5.491083783,5.881766056,6.601156941
3010354631,4.170944882,4.175321238,6.339822806,5.849074303,7.588223848
1068261111,4.928350694,4.22216761,5.898202623,6.08984366,8.13996948
3014879953,4.229083798,4.195994169,5.564031898,5.801943743,6.782954094
1070737504,4.186434845,4.318168784,5.259557358,5.571332754,7.230942768
3016118416,4.486000271,4.714783394,6.232827472,6.283654323,7.021055967
107578676,4.978500026,4.932798197,6.299804791,5.965945443,7.014054579
3017936002,4.220354998,4.800344245,5.514434653,5.781924182,7.590366681
1076565274,4.418252233,4.346133257,5.98155359,5.290405738,6.97511321
3022646611,4.2903581,4.243436632,5.41245815,5.606261192,7.624917427
1081366850,4.54388674,4.496663612,6.376701286,5.780802067,7.303931206
3029167955,4.114457272,4.104933332,6.078282966,5.565600036,7.559163772
1081730904,4.394202869,4.674389542,5.746460681,5.796985701,8.868163915
3030572467,4.280590152,4.156083743,5.535031908,5.954761017,7.519968313
1084225445,4.317306062,4.137348806,6.312150168,5.760809191,6.776537888
3032863642,4.390071344,4.872081223,5.944116858,5.364273279,6.719716214
1084860562,3.964567918,3.790905169,5.412680665,5.654648412,7.381010468
3035602262,4.26843032,4.591870807,6.385725224,6.087389986,7.112793984
108828000,4.572537519,4.46324861,6.074400406,5.922913849,7.262930805
3038035275,4.354794083,4.271233233,6.308104178,5.614690476,6.568178501
1088695522,4.111839757,4.088688834,5.104914583,5.281257316,6.282929966
3039910629,4.632947953,5.167157753,6.601617481,5.644244486,7.251260604
1091857727,4.213765484,4.089959782,5.390006427,5.829311019,7.436866567
3043294809,4.297934383,4.27435066,5.064980256,5.494777707,7.065500485
1094939473,5.068760997,4.556677469,6.720640167,6.246175668,7.41166863
3052691308,4.62439824,4.511467691,6.915058903,6.400361793,8.063970749
1095340536,4.211077721,4.294721743,5.321823199,5.523475605,7.150370338
3055237322,4.738821342,5.044436573,5.399130262,5.581412204,8.064529279
1097398405,4.48809663,4.967259921,7.495662649,6.757567028,9.005045902
3059148008,4.452942219,4.898321734,5.783993491,5.61612844,7.620276577
1101490424,4.313137763,4.881126153,5.558176379,5.632010806,7.618160798
3060404940,4.661424978,4.267979486,6.076528038,7.667851564,7.460713256
1103118018,4.34040301,4.425905815,6.078200937,5.757040183,7.192423608
3062402909,4.416353134,4.8126636,5.656996967,5.701903543,7.662188596
1105526680,4.271874376,4.214035192,5.380392798,5.54926345,7.229952421
3066751024,4.365649943,4.922302765,6.261394478,5.582228343,8.076919157
1110356321,4.524891618,4.432715647,6.478421946,6.233625278,7.949826054
306816217,4.199454521,4.384146736,5.520189692,5.79825983,7.144165866
1111014310,4.497444443,4.808263289,6.511161449,6.256225151,7.325975133
307169010,4.288711316,4.326688053,5.3606687,5.518881164,7.179083143
1113295648,4.24596737,4.206948375,6.403742322,6.041391036,7.420756501
3073794839,,,,,
1114035056,4.275869141,4.260447331,6.14812451,6.292862861,9.487844627
3076915122,4.339831257,4.365964455,5.432268075,5.939529727,6.974891435
1120275692,4.289312949,4.76272481,6.091037208,5.589068166,7.088799197
307804547,4.356910293,4.689200687,6.221117651,5.511255439,7.735657419
1120459625,4.225309139,4.119420028,4.934189837,5.339853375,6.787235712
3081556774,4.187992271,4.162761796,5.325399934,5.796273341,6.367977736
1120521402,4.457728303,4.442957496,5.678356237,6.002549798,6.626433523
308228517,4.186112375,4.104816687,6.226309102,5.899674363,7.875787803
1123556411,3.761169642,3.837711858,5.276980923,5.177720825,6.304598597
3082686752,4.167371378,4.198326384,5.287924379,5.302336968,7.125173205
1125207511,4.684191936,5.176360807,6.306243974,6.341816831,7.755637723
3090132303,4.280516137,4.058987549,5.96926363,5.7165399,6.60264669
113335479,4.226603556,4.510816167,6.456569348,5.711852042,7.550976807
3090659941,5.046645773,4.868458896,6.673595854,6.093558749,7.30743009
1133357643,4.691607537,5.102159451,6.204120854,6.022626397,7.626383705
309129555,4.367150684,4.42100586,6.661854521,5.784519256,7.218715428
1134044888,4.45430776,4.393483187,5.882208325,6.194823263,7.573086224
3091738725,4.354567673,4.202853913,5.837580873,7.146646645,6.771378279
1137076695,4.24148407,4.080469037,5.366440925,5.600995806,7.050348732
3091757174,4.06609655,3.97405211,5.15065968,5.457352574,6.452379604
1137996270,4.55054304,4.516350704,5.534333433,5.342452709,6.92255087
3092187032,4.623081672,4.418374673,6.664752297,6.540626899,8.52727096
1139941451,4.309722072,4.892221237,5.321541347,5.546670512,7.625726226
3093541482,4.573704794,4.183881513,7.384414935,9.260027105,10.53098068
11407866,4.366238974,4.512381237,5.354318668,5.290094631,7.045620838
3095311898,4.448774415,4.408236898,5.557287364,6.084443632,7.659719295
1145936325,4.236779826,4.226920443,5.652517307,5.59637448,6.781263564
3100094802,4.391394446,5.036068577,6.603298215,6.137470633,6.715083389
1150278162,4.29891369,4.326701666,5.562213751,6.128675484,7.427475424
3103368139,3.982381973,3.792772094,5.357281737,5.635229573,8.178167756
1150591062,4.491163228,4.342118004,5.78659985,5.836831891,6.885395059
3104080596,3.708979237,3.561563439,5.162405218,5.312869792,6.872294528
1152449741,4.228830022,4.310735582,5.4191744,5.349477759,7.637453891
310631091,4.159100233,3.878957507,5.810032461,5.427345706,6.661237991
1156073272,4.496674773,5.048804428,6.608008812,5.839626368,7.687040717
3109977781,4.077697154,3.830917155,5.942815825,6.458757825,7.229112586
1157233457,4.584862221,4.216517475,6.089756701,6.693340903,7.994161137
3112586807,4.200197157,4.134484487,5.399234118,5.503845813,6.794169847
11574123,4.669227176,4.691705133,5.832122673,5.958021193,7.657942714
3117043986,4.38759871,4.282293399,5.715853634,6.226637844,7.694297792
1157595916,4.402916572,4.333556154,6.060898589,6.074188513,7.284112703
3117409134,3.945805477,3.861901872,4.80280733,5.058579853,6.494767477
115784129,3.964802898,3.840240291,5.179868399,5.635653115,6.521991551
3123429468,4.205685696,4.207819186,6.220568822,5.745149183,7.643855827
1161329133,4.650246099,4.570309834,5.741606128,5.812502533,6.984966735
3123810007,4.178191652,4.233568684,5.551975187,5.572353457,7.563774323
1161373229,4.322125809,4.717590609,5.416959875,5.428255142,6.673569133
3128815857,4.311297123,4.381105628,5.290579186,5.454287029,7.131046629
1161831083,4.540792003,4.287482196,5.771684494,5.7730469,7.422177776
3133368442,4.091086148,4.18212936,6.148128762,5.494971689,6.878935269
1162141764,4.386376045,4.189802199,5.787355013,5.790853404,6.95356876
31361606,4.586381107,5.005187172,5.566962458,5.945249865,8.042896774
1163553824,4.086711069,3.972423284,5.282531072,5.609292879,6.757320573
3138342343,6.460860646,4.619640572,8.131644095,9.167502098,9.680284748
1164794273,4.356707978,4.119251912,5.641983926,5.821104703,7.129080806
3138616935,4.321901008,4.286731599,5.530928043,5.582917069,7.137771203
1168021938,4.712801425,4.228548747,5.600820259,5.911370645,6.851637855
3140512536,4.923561607,4.417372724,6.368829141,6.667021171,7.113095908
1169616649,4.559680633,4.552491589,5.590526619,5.940922281,7.070809714
3147576269,4.181982266,4.195816648,5.214013254,5.622654175,7.418521023
1170788175,4.198924913,4.27277965,5.670971652,6.43720004,6.667420135
3148192122,4.492498415,4.479597296,6.278628305,6.163625515,7.661093026
1172262944,4.560673985,4.595048607,5.646963821,5.519162022,8.016720438
3150163478,4.643965267,5.234457303,6.755697732,5.867910557,7.371307985
1177503761,4.438736037,4.127996331,7.140831113,6.568483441,8.32479854
3165713481,4.149598664,4.113917286,5.190930675,5.471198343,6.942854964
1184389633,4.156995161,4.204768486,5.783406505,5.779362414,7.324705106
3170512105,4.375951755,4.065460106,5.739006551,5.835702394,7.208315675
1185574887,4.123845231,3.881063536,6.8811586,6.697457774,7.902189102
3171575673,4.422574597,4.333551315,5.808983272,6.148679126,7.502358607
1190308761,4.062355194,3.879793941,5.741629598,5.801298787,6.350740685
3172989359,4.202734466,4.636659215,6.181509501,5.795554838,7.635530933
119126177,4.37336637,4.309743613,5.527540536,5.64984814,6.83816918
3176046588,4.277913758,4.328559739,6.807317319,6.018531066,7.593856678
1196527465,4.523588873,4.540072787,5.63669612,5.417183941,7.345580436
3176914833,4.605212997,4.557729394,5.703618661,5.864589853,6.890843191
1197045954,4.618389461,4.39056826,6.695354085,7.326669129,8.483151552
3182049011,4.601543775,5.174395595,5.610013848,5.429066465,8.040725565
1198356813,4.301126929,4.508179153,6.171970521,5.647930227,7.298622736
3185151244,4.456539455,4.975790372,6.672862417,5.473881017,7.445738905
1200684014,4.304279274,4.766291547,6.003922284,5.433998547,7.543143702
3185171421,4.583918244,4.667840833,5.988224185,6.10199864,7.652244049
1201047966,4.320013048,4.329731193,5.200816559,5.14620161,6.660110118
3190862186,4.322411586,4.270451461,6.06116735,5.410776168,6.867737862
1204013299,4.346624842,4.753346354,6.978971998,6.286052914,7.578374448
3192540230,4.220732617,4.367828976,5.557326916,6.150927337,7.441041618
1204359507,4.350208131,4.336607909,5.599057258,5.862537878,7.159244996
3194237272,4.321458927,4.179468512,5.796463395,5.747287547,7.519720392
1207361199,4.634827648,4.567838271,5.858693106,5.885600932,8.02961507
3194463561,4.212366009,4.00172219,5.932362079,5.68092657,6.659670985
1214132906,4.467536358,4.256238998,5.311862751,5.544212607,7.277008346
320127697,4.376733474,4.520976627,5.743072081,5.652758074,8.070831139
1216701855,4.288463136,4.189097425,5.846461152,5.912233583,8.04370914
3204472167,4.503336349,4.406817687,5.767331766,5.820710074,7.487550327
121697273,4.405315552,4.467794046,6.406906923,5.458962288,7.365262273
3209198339,4.36165882,4.963485682,6.088221279,5.265841291,7.136444829
1217141098,4.25440704,4.278348238,5.028707502,5.096315192,6.117811574
3212763876,4.574807086,4.29724862,6.335932308,6.193272088,7.07178078
1220374725,4.257489514,4.172397951,6.451345509,6.0235893,7.828996448
3213518740,4.511128574,4.472226751,5.941220495,6.091645243,8.450424333
1221640483,4.175760614,3.990001266,6.089708188,5.990103819,7.048378703
3214822644,5.179857645,5.111100771,6.395666872,5.466142443,7.183854401
1222330281,5.218303758,5.253074133,6.823016534,5.55229237,7.793470821
3216964316,4.140051179,4.148105435,5.512253813,5.705354032,7.832124257
1222568744,4.98658655,5.042395203,6.603597641,5.324845094,8.00530746
3218515872,4.209197505,4.159330922,5.465150793,5.612201088,7.304708374
1228855311,4.294270185,4.322338323,5.626988169,5.786440619,8.272847107
3219790231,4.142078531,4.089921075,5.97705604,5.425531179,6.977550084
1228891697,4.453368016,4.314191567,6.490947124,6.58067183,7.579883346
3220670955,4.41701891,4.400946021,5.94407474,6.372972577,7.607396384
1235977088,4.260138367,4.958346496,6.502926063,5.609874708,6.894034867
3221434093,4.171987339,4.030746735,5.321751681,5.519787546,6.377245832
1236117854,4.30912215,4.723667146,6.516566057,5.55049537,6.894291166
3221624404,4.098855127,4.014222587,5.268230639,5.790913241,6.69684885
1238240598,4.160121133,4.057637337,6.388924695,6.221448078,6.953967294
322458406,4.240906623,4.675988505,5.389747507,5.48770761,7.6933916
1238756309,4.334047048,4.204399245,6.211601847,6.491524611,7.427117576
3225665554,4.226889542,4.31433645,6.603956342,6.650221108,7.600717845
1240942354,4.481590427,4.460851327,5.509013971,5.619204003,7.608405024
3227202635,4.940667703,4.84681549,6.604963956,6.042454669,7.20276904
1248515966,4.297272043,4.790507536,5.386730268,5.481648961,7.177446167
3231527178,5.105047747,5.179179217,6.674603478,5.578806535,7.916294664
1250648840,3.979987342,3.949657122,5.327610189,5.377311363,7.225237895
3234489701,4.327625228,4.317802041,5.971509658,5.456632997,7.357037264
1254730664,4.204022952,4.22755296,6.315488451,5.784676017,7.208738533
3234586495,5.128073106,5.059145737,5.777153213,5.706380948,7.456707867
1279886614,4.879467352,4.772419111,6.307891334,5.831412831,7.624442014
3235320003,4.496116122,5.114251227,6.714295628,5.804192932,7.730590844
1280157702,4.33602373,4.078392024,5.547036425,6.600228817,7.19124061
3236504015,4.105475202,4.179513381,5.172526449,5.726266385,6.499074335
1293529777,4.380575635,4.256804892,5.989407901,6.213606725,7.824034703
3236644272,4.792796219,4.825586963,6.424652887,5.414734789,7.730188146
1296243384,3.937889524,3.81509352,6.110595986,6.05048794,8.349541414
3241674953,4.247391292,4.176612613,5.528441633,5.565321944,7.044223228
1299596535,4.337937959,4.356437514,5.448309089,5.670776544,6.846709237
3245338991,4.143746463,4.692076182,5.874592576,5.279147667,6.601072013
1299713973,4.199148585,4.324547759,5.506097019,5.576547856,7.967635031
3245755395,4.161114705,4.115566273,5.355196365,5.70014175,6.262916809
130118047,4.357314021,4.271691702,6.255331615,5.536525126,7.617206464
3245954075,4.13280647,4.057391944,6.071603708,5.735456427,6.779317214
1303822344,4.446588674,4.383883849,6.488250131,7.168527378,7.718641603
324718088,4.677194885,4.629215067,5.880707842,5.87671484,7.645435514
1303893979,4.17451567,4.059976078,5.723313462,6.002487352,7.33707111
3247943782,4.071627949,4.025068507,5.368112002,5.363640401,6.637615942
1304389731,3.98998147,3.955714516,6.016105047,5.404689928,7.350736003
3249817543,4.223450913,4.283634739,5.527927724,5.902881771,6.73643175
1307181116,4.195801811,4.25857778,5.276575652,5.627555962,8.106935909
3250922962,4.08431171,4.610610311,6.071033121,5.327891676,7.028078742
1308201745,5.179391941,5.124311559,7.074649648,6.044746663,7.947429275
3253387239,4.317000747,4.463714283,5.77123547,5.609467995,7.065726961
1310206420,4.621984057,4.001182653,5.106560699,5.824130387,6.498369839
3255836650,4.122107491,4.006259224,5.00542572,5.096660356,6.782918681
1310346718,4.246389664,4.230173554,5.092032095,5.31641335,6.754855244
3260871738,4.260494081,4.09290703,5.410891136,5.741728721,6.505069155
1313957126,4.416580919,4.145016203,5.283869725,5.801216399,7.121238964
3260960488,4.271684858,4.104909372,5.867534442,7.005263846,8.048120524
131655018,4.251989635,4.202884734,5.887742837,5.638005079,7.628145759
3262225790,4.223015768,4.088862431,5.489222878,5.579171469,7.422454205
1317462,4.308461329,4.293226987,6.115030427,5.35594271,7.216322324
3264624310,5.044979063,4.763947909,6.350988294,6.168989974,7.016311098
1332795634,4.450781245,4.358348748,5.892882046,6.287313797,7.628504067
3264978932,3.946168169,3.917011075,5.533022126,6.018161155,7.872899036
1334116930,4.226858608,4.259444072,5.344360933,5.878602573,7.64560141
3266753211,4.364511001,4.375598884,5.994683045,6.054729364,6.939484002
1336976954,4.138991517,3.877631081,5.177806464,5.622479658,6.524869113
326891280,4.187634521,4.049422866,5.308650333,5.794200176,6.973060702
1337936015,4.634313021,4.572665467,5.517278782,5.99735538,7.098296944
3271604994,,,,,
1340072536,5.138688441,5.130305516,5.771076289,5.700222471,7.713726695
3275217080,4.35207885,4.779686896,5.497978913,5.532863603,6.822940085
1342487188,4.831997387,4.772789928,6.943039788,7.506899563,7.91336304
3277181789,4.331683883,4.803036319,6.516220304,6.000921815,7.547747599
1342685465,4.405475981,4.129369352,5.699777665,6.05566193,7.696889895
3279245901,4.479205247,4.506051104,6.920114278,6.041808033,7.956770184
134279804,4.109614713,4.143499438,5.238140511,5.383527486,7.024975127
3288745244,4.328282057,4.315836459,5.634798909,6.226101918,7.130802272
1344101127,4.077750437,4.046122584,4.910572007,5.176502229,6.438533831
3289273628,4.40838693,4.788115389,6.589749479,6.213367012,7.152621741
1346910582,4.557495321,4.565520223,6.507879061,5.752176374,6.893682235
3289562482,3.981288952,3.990093015,6.064083854,5.735925592,7.307942435
1348459455,4.237748873,4.804528384,5.368538338,5.377149705,7.490028996
3290096905,4.317214336,4.334667101,5.545444469,5.745463167,6.98618782
1351409340,4.433984765,4.368461644,6.296577615,5.721519058,7.704200995
3293621097,4.545515771,4.505957577,5.930263388,5.489318711,7.573325682
1357417369,4.466784978,4.974464458,6.04189765,5.239767786,7.263803759
32938469,4.572622547,4.897106628,7.216667552,5.942485425,7.862838244
1365145510,4.386489909,4.612587014,6.372542316,6.226096413,6.718697034
3297348664,5.012745535,4.94893269,5.969517478,5.477508377,7.528418924
1378634377,4.497291572,5.063024247,5.490620961,5.239173375,7.427707716
3298815936,4.503546876,4.407530172,6.628682467,5.662189458,7.696732293
1380078917,4.490777346,4.512025238,5.598792331,6.272370974,7.156238619
3316130924,4.10492462,4.169220194,5.67927269,6.011797846,6.96148431
1381671196,4.288484136,4.236608479,5.201570173,5.356777016,7.340326366
3319985890,4.830364103,4.915061799,6.360571264,5.367258427,7.396738825
1382465428,4.192437588,4.228289038,5.83755455,6.127895157,7.822292913
3321849919,4.180623669,4.252824558,5.108813005,5.233777529,6.837782382
138434806,4.137029689,4.708186258,6.202329608,5.5537926,7.538651124
3323308438,4.061474931,4.005521358,5.219073476,5.571474026,7.693623452
1386561348,4.250444311,4.195841029,5.642355078,5.696447882,7.886546129
3327313154,4.2891722,4.227981089,5.268651884,5.497267358,6.651181497
1391684772,4.340295944,4.31840093,5.932553138,6.584932846,8.315472464
3332328549,4.5064882,5.061365374,5.693408415,5.729806721,7.253208364
1393778620,4.321903355,4.933216935,6.491902982,5.313922196,6.962449453
3337257001,6.20342542,4.326352681,6.311156002,6.68720719,7.229649006
1394077291,4.451816341,4.955273394,6.401395207,5.884143862,7.248252501
3338094212,4.301658309,4.354105827,5.614940516,5.619027441,7.743963658
1400509715,4.492070456,5.041163813,6.724022825,5.958303244,7.939164069
3340124957,4.404831385,4.483475025,5.568577956,5.530120827,7.375610176
1402618672,4.781518171,4.86846659,6.364179095,5.522421584,7.016076482
3340851327,4.453176448,4.544410558,5.899767297,6.099260718,7.684849001
1403873511,4.527799683,4.487567133,5.668933994,5.585328765,8.447135239
3342182273,4.299750439,4.181566793,5.593803238,6.344984452,8.393765885
1410948099,4.029180765,4.453361125,5.247157421,5.424953004,7.773461484
334290435,4.040274048,4.019311894,5.789627563,6.11116093,8.21324168
1412450749,5.032643166,4.190326643,6.254535053,5.823191359,7.56190662
3343129791,4.342235788,4.742609919,6.364283703,5.833805844,7.541954918
1413282375,4.452072166,5.019844633,5.804501399,6.059441987,7.412746125
334468298,4.156433477,4.16643719,5.485775873,5.781803164,7.654651223
1417920839,4.22213464,4.186916214,6.122034754,5.227218953,7.030959825
3345297865,4.23010267,4.620020642,6.310800499,5.883654824,6.906899289
1433666289,4.267064548,4.223310184,6.239221711,5.613990973,7.324760551
3346107281,4.242416284,4.105756857,5.572661523,5.550717646,8.121977553
1437821247,4.157105505,4.041265086,5.07860277,5.255212402,6.863374456
3346511370,4.576681569,4.549327563,6.755723515,5.743588106,7.931916512
1438348583,4.566479385,4.67647487,6.094342388,6.390136712,7.299778773
3349861642,4.357539969,4.348270472,5.826493351,6.12994819,7.733448547
1440643572,4.39489277,4.383500752,5.669634759,5.972619987,8.490774208
335003211,4.297918999,4.216323793,6.114309115,5.788219587,7.731672897
1440768299,4.277319964,3.849770807,5.470475796,6.550618782,6.950303666
335104664,4.167764905,4.601130767,6.189973193,5.48161276,7.220832129
1446259968,4.359272185,4.236355396,5.479419788,5.642308269,7.402012386
3351164964,4.243273342,4.933832889,5.502004734,5.927870317,7.974895931
1446589628,5.214527728,5.033161937,7.4830969,7.188132268,7.530976728
3354511550,4.138405012,3.928469669,5.362150666,5.856614958,6.792300186
1447464089,4.197692288,4.5622704,5.926995277,5.416583695,7.086669345
3357695482,4.379574471,4.80424469,6.198232862,5.84388021,7.55805633
1448081953,4.113107459,4.251747037,5.155357181,5.429328299,6.710540652
3359871584,4.2895667,4.772394505,6.105170596,5.597199354,6.319206492
1448457386,4.311270491,4.693608587,5.39252594,5.30287489,7.320006306
3362293049,4.608264715,4.294169538,6.323762481,5.890958424,7.479392919
1452555764,4.192934325,3.823336509,5.719252093,6.29609218,7.088078681
336426329,4.064748798,3.959217026,5.321267689,5.866560146,7.535256327
1453109530,4.361702906,4.441260907,6.412603716,5.691597384,6.917932996
3371160733,4.337142296,4.34963575,6.362570488,6.114156248,7.824109239
1453143940,4.261998546,4.340678614,5.470893962,5.334550875,7.98081641
337120853,4.542488318,4.553887435,6.650494249,5.812442621,7.585458136
1457648056,4.457376258,4.328725125,6.181720059,5.675602599,7.684771267
3373021317,4.457464212,4.528079322,5.74686567,5.819743087,8.029212002
1457842729,4.140834123,4.142827008,6.009120519,5.471391069,6.837750855
3373396339,4.477698702,4.524595927,6.243210868,5.925524118,7.57516767
1459501611,4.39625184,4.84979895,6.181705189,5.444606514,7.175771195
3374628517,4.398799674,4.377482291,6.22795462,5.466785578,7.606883673
1466472141,4.189490785,4.155110951,6.057745662,5.703388541,7.699601012
3376877661,4.462704457,4.272667845,6.451526963,6.262654401,6.995984824
1467419170,5.008979613,4.662830666,3.662418308,4.100397774,3.793627982
3377759088,4.431316988,4.3972911,5.596757952,5.641462458,7.302248192
1467713509,4.393814713,4.733903764,6.173087999,6.0874552,7.734490155
3381441522,4.444138498,4.343749565,6.562705378,6.133391024,6.93724383
1469221931,4.233365323,4.019436341,5.406683087,6.016862018,7.455729908
3386202055,4.706126018,4.366919391,5.234369712,5.624253475,6.611346193
1472207263,4.195038568,4.115123552,5.400690071,5.639776598,6.529963745
3392035756,4.266099001,4.689751318,5.192196978,5.552494199,7.456832335
1476023122,4.373998334,4.228412762,5.5977644,6.097857243,7.260594214
3392963865,4.150358221,3.921227497,5.774628769,6.01839105,8.017316629
1477683629,4.685255797,4.61148114,6.235922657,7.379438694,7.914972274
340803193,4.138846835,4.089334883,6.393020893,5.614336353,6.980499626
1479578650,4.348839601,4.310080784,6.446401282,6.442584431,7.018492174
3410508529,4.22585905,4.190015653,5.554249388,5.890448555,7.225803592
1481550494,3.880272556,3.830803446,5.354146591,5.846305926,6.482468081
3410573615,4.410278798,4.980532262,5.622784694,5.685187265,8.189206716
1483500237,4.37780822,4.432415357,5.792632986,5.835533684,6.626487486
3410668296,4.269090238,4.289560796,6.252560985,5.307085475,7.62770906
1484543503,4.472772856,4.287928126,5.63415031,5.86369756,7.480468235
3410682651,4.459264039,4.370679955,6.278768121,5.69360589,7.960617639
1485100276,4.366417088,4.912086944,6.437270291,6.103563617,8.08607656
3419043004,4.240339757,4.14825065,6.161948803,6.015598175,7.404452061
1485727346,4.511762522,4.493078255,5.698096682,5.380237974,7.755481634
342333582,4.304526059,4.014667496,5.210162821,6.016721864,6.610100535
1489422464,4.277948503,4.316870559,5.488842176,5.666870002,6.876765594
3428149887,4.439224475,4.41422625,5.716684308,5.798184206,7.43894585
1492693407,4.504593617,4.574128856,6.984601769,6.006451541,8.041454953
3437461935,4.554595799,4.786816661,6.140926027,5.412737722,6.998972068
1494969836,4.360195082,4.143745214,5.311160483,5.574768212,6.991693632
3438308617,4.460055237,4.544437495,7.038962917,6.127334589,6.806102002
1496827612,4.280779371,4.266121085,5.546709164,5.853197076,7.454458278
3439727076,4.092016749,4.142158673,5.922361508,6.273535998,8.022717014
1497934968,3.984061834,3.814870131,6.083632964,5.975573592,7.28075196
3441116881,4.181485044,3.935870566,5.303261143,5.389090374,6.545094156
1498873540,4.405183366,4.400629443,5.407932259,5.657348781,8.176644445
3443753647,4.704365642,4.770932854,6.022911641,5.383058152,7.078439802
1502224855,5.087998622,4.855097215,7.687828287,6.691586024,7.079733315
3443950251,4.113160587,4.093661608,5.136410968,5.547075121,7.041505672
1506379233,4.304168814,4.34188337,5.418513038,5.6354961,7.480931603
3445089839,4.133996609,4.159230023,6.006989144,6.574440615,7.835198987
1506723543,4.088372085,4.023453463,5.019638199,5.199237961,6.613306796
3445216767,4.32916405,4.159057798,5.448840311,5.514580274,7.493702416
1510691965,4.639703299,4.384932686,7.114409191,7.210284244,8.341656925
344766746,4.060651714,4.027344878,5.259975037,5.496628886,5.861519555
1511417686,,,,,
3447842173,4.199814209,3.811152919,5.556312279,6.445437039,6.550786872
1512248949,4.213289313,4.15675149,6.145360538,5.49884954,7.276337456
3450122487,4.158247598,4.903789479,5.262162256,5.305902144,6.89556758
1512440794,4.616223779,5.086323523,5.798208337,5.566202575,7.372380588
3451752350,4.358825794,4.145154862,5.206404433,5.569695597,7.196844707
1512563087,4.537881076,4.461198332,5.655876355,5.57047085,7.517879169
3452453842,4.161140865,4.021535517,4.554169398,4.568622373,6.114131348
1513736265,4.588830507,5.155973135,5.713991857,5.767513412,8.146149169
3458965699,4.088141193,3.984609351,5.352619474,5.290553849,6.670343553
1513930399,4.186791667,4.58773933,6.042985679,5.606784838,7.167828998
3459140306,4.322257266,4.176374591,5.674010127,5.935183397,6.970191305
1516788178,4.278869969,4.687060025,6.235619865,5.743271293,6.993494546
3467479455,4.574518292,5.002716479,6.56965736,5.814671576,7.416580627
1521763392,4.192960198,4.160988103,5.84018183,5.698504585,6.661185617
3468032341,4.02514962,3.794959521,5.152776476,5.624313803,7.119393689
1525589082,4.673724237,5.109195071,7.018430153,6.89087319,7.81311586
3470362520,4.301427748,4.683938338,5.296608346,5.550998968,7.486678683
1526154632,4.18366214,4.122145055,6.028610062,5.601623399,6.63943871
3470445476,4.887615076,5.160445524,6.674873517,5.505567393,7.442471211
1531348005,4.407652022,4.205356311,7.266833757,6.033850081,8.251574465
3474248854,4.266483786,4.034679521,6.809992254,6.047170802,8.505209692
1531930180,4.460693926,5.002700565,5.538992659,5.731817657,7.606204023
3474496151,4.218511207,4.149228211,5.444011439,5.894522613,6.770223685
1533767893,4.164079807,4.030868984,5.602090435,5.946288501,7.507657183
3477990078,4.473369714,4.773118673,6.365907201,5.840166011,7.452630833
1536441148,4.108669972,3.921257057,4.884501514,5.120572835,6.420071864
3481634232,4.401937268,4.787682277,6.462814574,5.859456442,7.330117703
1545837513,4.038173078,3.964879054,5.057338689,5.477654402,7.118667058
3482208722,4.497111955,4.349062841,5.815769892,5.83986259,7.818807341
154667058,3.935379961,3.816071911,5.393897391,5.690724015,6.60297114
3482761158,,,,,
1547173705,4.081022834,4.015756332,5.594020137,6.38748042,7.026074704
3486713588,5.399307271,4.466426712,7.53983174,9.479674594,9.697124852
1547321683,5.015505673,4.966908139,6.722773729,5.902531329,7.70839637
348711479,4.161270058,4.542086216,5.913159746,5.632955596,6.795507236
1547584703,4.345450807,4.11470162,5.22681272,5.486464247,8.215849422
348742929,4.426658577,4.034339277,6.071990606,6.201210307,8.696362001
1560233178,4.42792002,4.853206779,6.287561786,5.617136791,7.332822022
3492490140,4.887895542,4.992174846,6.473775423,5.976288479,7.676720022
1560828340,4.325290786,4.216027372,5.447582792,5.551625664,7.343492063
3495559578,4.220647766,4.809241523,6.209441977,5.376945644,7.156540957
1564801354,4.549358259,4.945835025,5.612504114,5.621469132,6.942965297
3498010347,4.423325875,4.58263065,6.099357442,5.635742076,7.473706527
1566869901,4.219056593,4.277703204,6.269291739,5.536310723,7.305789222
3498378981,4.178786467,4.191427226,5.535808315,5.765123736,6.923538906
1569318720,4.358150707,4.32129769,5.669951896,6.060621151,7.002695346
349934174,4.302067976,4.164495465,6.108450976,5.550075512,6.990739805
1569761975,4.085903712,3.866656641,4.974450505,5.440111913,6.98496608
3501955380,4.407192517,4.274641785,5.791210193,5.880840794,7.337914297
1570413707,,,,,
3506213723,4.225982369,4.258691602,5.451284762,5.608075207,7.289328683
1572161461,4.430511515,4.957559834,5.820638129,5.729309825,7.741300433
3506926170,4.164270731,4.684078362,6.404634358,5.878356805,7.060424925
1579351358,4.238913172,4.254869969,5.787283865,6.186662408,7.61016041
351109165,4.269837183,4.805699453,6.518953268,6.159567144,7.431611254
1580563603,4.51430373,4.598585463,5.734132,6.394546992,7.29426062
3511384247,4.463744318,4.904456107,6.417122072,5.900371517,7.72446608
1584150953,4.166579738,4.093632562,5.389028247,5.777406375,7.300084948
3511452762,5.649159546,4.721886634,7.086925677,7.086635693,7.517975745
1585331466,4.157509399,4.169001686,5.458734719,5.763062158,7.711513769
3512003246,3.902684511,3.799959765,5.493895526,6.317318484,6.780663694
1586254402,4.832504179,4.208560664,6.037395333,6.879993482,8.383710419
3516454823,5.079100084,4.919985895,6.388826473,5.606864649,7.605014061
158779019,4.052265466,4.399766972,5.685952695,5.272783795,7.293176655
3520758666,4.37917943,4.129592929,5.334437007,5.621076518,7.629380955
1590131354,4.371248261,4.332829891,6.429037791,6.357643872,7.683756788
3524638841,4.394716277,4.47643924,6.719490844,5.703958888,8.210427444
1592697722,4.998162675,4.963369978,6.228674481,5.458404504,6.456085465
352505908,4.121220479,4.224381076,5.30987064,5.716332141,7.010479394
1592786106,4.728805059,4.578175105,5.977375324,6.240626818,8.106858481
3530244209,4.413399596,4.416106515,6.238401262,5.629402901,6.593910236
1593612444,4.080952923,3.889013859,6.282919684,6.127482302,7.198884239
3531047767,4.085941671,4.191093415,5.562529235,6.004367884,7.542294662
1594198178,4.167361948,4.023976458,6.300543718,5.637811641,7.750907702
3533807592,3.981732526,3.940814214,5.079639085,5.66156082,6.977620371
1602583606,4.354458316,4.366759732,5.503905872,5.609901419,7.327701719
3533959599,4.448674371,4.303766614,5.278344936,5.412253518,7.288949744
1604003015,4.333968733,3.993217965,5.401753399,5.910417336,7.115748214
3535052608,4.413801728,4.352988458,5.603634402,6.232045413,6.775729974
1604268733,4.574270864,4.594581422,5.776997381,5.260841737,6.956538611
3535898260,4.42744416,4.981445007,6.23155775,5.366071129,7.726759841
1605617010,4.173565186,3.998073827,5.875523723,5.61755999,7.063734177
3538085126,5.030693295,4.380770995,5.162144013,5.387128548,6.781602441
1607063270,4.538651604,5.103473497,6.802739182,6.025628125,8.596149106
3539567950,4.271142733,4.197476886,5.360048318,5.622034051,7.264189563
1607889954,4.542668698,5.229080349,6.562490434,5.436613206,7.334356647
3539717209,4.128934403,3.784400768,5.295666962,5.585235299,6.760608056
1612290284,4.164463548,4.218147675,6.176842072,5.692227796,7.491620049
3544869608,4.079552554,4.060833472,5.269340627,6.147437514,6.570498931
1613166374,4.565548943,5.219164767,5.404943019,5.385867247,6.68517078
3545637731,4.11226683,3.90988874,6.1436099,5.611998203,7.476217158
1614363829,4.167296121,4.177823423,5.539650954,5.491480501,7.42536536
3548675539,4.130369625,4.114094905,5.467311797,6.087114403,6.984764105
1615516059,4.206782335,4.125272063,5.728210106,5.382646704,6.815904729
3549161979,4.015490426,4.016216356,5.145798652,5.583472434,6.813321366
1616242378,4.39331301,4.344515287,5.438406512,5.461392706,6.844947642
3549674509,4.452330543,4.201774773,6.507708927,5.893635805,7.392863142
1620557808,4.505836012,4.102163423,6.171544452,5.667857266,7.281446986
3552163094,4.393119071,4.424586819,5.468272321,5.60458807,7.108348629
1621617031,4.199906219,4.721166664,6.111191927,6.126428773,6.895752888
355612286,4.319779176,4.350082741,5.386936629,5.569530163,8.193976366
162526644,4.866902324,4.97556876,6.535613651,5.646947648,7.942619922
3561979823,4.398949678,4.676793483,6.692306874,6.205931504,7.343403447
1630775946,4.304859903,4.162595259,6.189573161,5.615582661,7.572004434
3565014343,4.15109468,4.941426939,6.570026338,5.857271313,7.16963464
1630871538,4.291380921,4.239309452,7.204597635,7.707802828,7.869352373
3566300931,4.364666765,4.224104544,5.716111705,5.683646231,8.231036594
1631350938,4.219586686,4.586071794,5.234404813,5.480826688,7.442715336
3567315418,4.44885293,5.051993542,6.513944915,5.472301974,7.885753253
163259093,4.408445058,4.307110443,5.563612849,5.965823279,6.842585787
3569165538,4.235485576,4.091722121,5.445859343,5.619716696,7.630816112
1636295669,4.393560594,4.98933547,6.552593084,5.379351077,7.940742956
3572235922,4.846040324,4.98735803,5.584638602,5.742394005,8.099385459
1636587618,5.092143565,4.991065017,6.827835071,5.544859034,7.455832395
3573560794,4.352062095,4.319613777,5.770230732,5.859987344,8.684901999
1637723952,4.114612615,4.664200734,5.503079054,5.331866504,8.344803308
3598760125,4.445892679,4.955399196,5.506229691,5.342522025,7.418216683
1638126951,5.209725368,5.102155502,6.445795561,6.178259557,7.184823007
3601751755,4.376456995,4.216447423,5.402310402,5.561776141,7.127479101
1638715823,4.31723516,4.010145145,5.486273077,5.685842449,7.302480866
360338543,4.387356089,4.422581352,6.446721981,5.903092045,7.614359108
1643083161,4.407231507,4.460851053,6.004013064,5.321685819,7.321167186
360427065,4.064631849,3.964350977,5.551618203,5.651176731,7.070881021
1643725238,4.602118637,4.170710531,6.609333707,6.645085911,7.716814697
360459346,4.308727941,4.290736797,5.986299515,5.630340673,8.06179196
1645871327,4.058120747,4.157198235,5.089714019,5.187306347,6.893655007
3604691191,4.235714489,4.194204576,6.131581259,5.701349751,7.012222476
1648798153,4.279527673,4.162311773,6.136968841,5.551255607,7.130062807
3605497536,4.335738715,4.310754465,6.167354525,5.955923183,7.282183255
1649501759,4.669256866,4.69337239,6.684979572,6.180627477,7.460711731
3606976091,4.439955338,4.437050619,5.65450064,5.772154815,7.629363356
1649551035,7.751432257,4.979279961,11.01527738,10.15335497,10.26903166
3607981599,4.159507425,4.006323187,5.708277799,6.415257211,6.424410601
1651940244,,,,,
3608113928,4.795344654,4.483160284,5.890441756,6.264101605,7.917371641
1653206368,5.131679724,4.588916032,6.43924995,6.911182812,7.724762022
3612049856,4.394972582,4.428529554,5.454946452,5.763266318,6.997448349
1654119012,4.209863384,4.003221888,4.749292186,5.160985541,6.302801494
361460013,4.219322826,4.14335688,5.621011424,5.958703375,8.27686579
1654508502,4.703844718,4.576080597,5.654405908,6.380998094,8.159537995
3614947229,4.258199673,4.163558814,6.296175576,5.498944769,7.6644412
1654523276,4.252673807,4.200158612,5.448505961,5.60021039,6.880158556
3615907583,5.014780645,4.56521972,6.679213279,5.520104316,7.447702719
1656931768,4.856518041,4.505490044,6.102961698,6.043152945,8.002641331
3620165734,4.319172057,4.028742484,6.325728294,6.201139496,7.896789783
1660839245,4.196813314,4.282075299,5.332565377,5.512787229,6.725068026
3620213387,4.455016041,4.459313603,5.662571895,5.617482368,7.845901126
16684978,4.602235966,5.127904932,6.639485226,5.7378848,8.171327775
3621702873,4.391535476,4.414029129,5.391550481,5.376059906,7.191649212
1671345251,4.399607884,4.535823952,6.685292841,5.976290453,7.048513155
362293270,4.497197462,4.916516536,6.317810552,5.44759439,7.850780751
1673549883,4.316838161,4.2436586,5.683782994,5.716702749,6.785926193
3625162682,4.434556922,4.963483316,5.742008381,5.686503972,7.215587837
1678076849,4.313844054,3.939079551,6.19932937,5.9752012,7.923068726
363441871,4.140599489,4.090343146,6.469307174,5.847245161,7.876278073
1679688116,4.114761284,4.043244759,5.671820517,5.982934831,7.58147733
3635306093,3.932537661,3.784667027,6.157573547,5.821127918,7.826826707
1682850665,4.148808517,4.335494378,5.591675361,5.654230154,7.517115105
3637736036,5.510537744,4.256977442,6.369691837,7.387872211,8.016602261
1686389288,4.236752526,4.126963829,5.787963988,5.969429475,8.277686872
3644730316,4.158686546,4.028292543,5.014780156,5.295712193,7.251974339
1687224870,4.193187497,4.717316361,6.340058063,5.611377094,7.286546724
3647998632,4.366218307,4.313944521,6.344187558,6.027281134,8.251525519
1687315516,4.303840716,5.072388319,7.115547006,5.83050038,8.206187347
3653965527,4.379490939,4.474993851,5.447834708,5.448269783,6.625069828
1695950181,4.504866686,4.810096273,6.821819173,6.110568692,8.377334388
3655426254,4.057604551,4.119322071,4.994162426,5.341400837,6.996148597
1696518862,4.370420608,4.088158794,5.284650751,5.97008806,7.133576168
3661330789,4.473089725,4.465961064,5.94169817,5.85701344,6.992979584
1697787695,4.467960705,4.582082544,6.597309793,5.979640974,7.14418115
3666908232,4.497953261,4.40653833,5.542199939,5.586340605,7.474432966
1697816442,4.858792747,4.73771815,5.499320021,5.529372814,6.946531849
3669543341,4.169593014,3.814875194,5.810957769,6.507163741,7.239343574
1705895007,4.314852354,4.297056101,5.761879325,5.626749049,6.93532375
3670092995,3.909668152,3.831301727,6.10722822,6.011400031,7.02050459
1708583305,4.020768892,3.960124599,5.422574478,5.844492812,6.647222745
3670726676,4.505624516,3.992443299,5.345419127,5.655254898,6.39590604
1710493410,4.140411604,3.999735678,5.286723713,5.662274048,6.891981272
367320913,4.658111088,4.272924211,6.577030715,7.046655474,8.128604853
1711930631,4.452890789,4.363636084,5.507587553,5.968174945,7.774801687
3675176980,4.161091967,4.181189334,5.875208348,5.867266188,6.685702977
1724567179,4.414444724,4.102001847,5.711850284,6.036929166,7.228761094
3675945478,4.004316893,4.396392159,5.512616578,5.502953114,7.575412979
1730231179,4.036375178,4.056006343,5.172293909,5.254290231,6.88443286
3678218578,4.758222309,4.124113427,5.448387172,5.848499392,7.686782896
1730541924,3.997846821,3.78596074,5.193347662,6.073548991,6.97407024
3683182920,4.35568915,4.460729819,5.597344148,6.056176403,7.131639802
1735315447,4.256391434,4.162776282,6.287893459,5.791949466,7.463668563
3685268115,4.275089685,3.956594841,5.470434676,6.277019081,6.332752443
1735338986,4.266471071,4.268643618,5.783582471,5.650362729,7.852870563
36895554,4.492033984,4.300526896,5.552960074,5.539274059,8.455227282
1736791488,4.487274691,4.740593441,5.808235167,6.149658909,7.591529978
3691492943,5.073571279,4.427545249,6.39776721,5.631732532,7.895383275
1738235220,4.381404521,4.253971639,7.063474051,7.021510603,7.727575337
3692156343,4.47405936,4.507228244,5.747977473,5.703426434,7.768352739
1742732745,4.551639932,4.330674952,5.946237586,6.233906648,7.150867897
3694822252,4.448423321,5.026994407,6.359275923,5.252522976,7.332766131
1743802575,4.364838344,4.32354533,5.604952248,5.833721204,6.963116355
3696718394,4.195388669,4.033189018,5.331404035,5.653735366,6.495001638
1744430207,5.161657302,5.090314712,6.458549413,5.752042291,7.069523358
370053661,4.200617471,4.158090685,6.243972604,5.716029172,7.434409918
1748232481,4.365343587,4.397871718,6.775705816,6.601358532,7.995217346
3703469018,4.174751228,4.732504465,6.441714871,5.450840329,8.148448934
1752698697,4.125027167,4.081084061,5.567930001,5.928080808,6.60582011
3704095570,4.218698064,4.040774397,5.99298465,6.134262981,7.256421608
1753282419,4.357128366,4.304495167,5.767798004,5.694582135,7.433154271
3704894948,4.263458726,4.20897186,5.066502075,5.230534589,6.262668499
176129790,4.215136157,4.17153158,6.23057613,5.507446297,8.060835928
3706183788,4.166556395,4.128053041,5.295175159,5.774101838,6.795114631
1761473096,4.314052431,3.757759753,5.325784432,5.991728733,7.506220718
3711850368,4.06617881,4.053217022,5.644761987,5.811633878,6.659340093
1761492502,4.227257721,4.092500205,5.570899663,5.565707379,6.353219077
3712060241,4.311346475,4.741955838,6.31594333,5.793552313,7.219428915
1762027912,4.31809963,4.229961733,5.428399411,5.671530678,8.291989843
3716972371,4.592595771,4.380732583,6.729428024,6.209014449,7.604545787
1762102677,4.385688748,4.476399501,5.629705786,5.877974919,8.170692722
3719615756,4.189295357,3.905801537,5.290308465,5.458061127,6.98135112
1764158413,4.377799122,4.906810472,6.283446767,5.494688519,7.928657102
372100986,4.645120538,4.623162556,5.855601397,6.143299612,8.750491284
1767985023,4.447709299,4.558310858,5.894839765,6.224120207,7.346949086
3722539437,4.74521933,4.469783104,6.587981911,8.182703448,8.685011631
1770415263,3.955546022,3.902903082,5.501189393,5.990019882,7.227628732
3724047858,4.156096849,4.62831582,6.087123694,5.787045969,7.274590856
1773584299,4.417769025,4.397940141,6.289262074,5.523978639,6.917271389
3724155829,3.987153578,4.208226883,5.471304806,5.80034803,8.048638259
1778227059,5.209709242,4.891838133,6.721851325,5.754473577,7.483691533
3726776317,4.293047241,4.199238429,5.602845198,5.835111157,6.634957365
1779232530,4.43065753,5.018831205,6.538988913,5.938387382,6.883456876
3730474103,4.245101136,4.177689383,6.346579679,5.7771333,7.287515985
177928631,4.160523549,4.045908246,6.140741578,5.788915369,6.864145764
3731824395,4.091066382,4.070613087,5.12215596,5.659404747,6.84717045
1779531630,4.440481156,4.414587093,5.62983139,6.490980112,6.848523778
3732485344,4.215475741,4.26008828,6.059771349,5.500142125,6.878101392
1781205887,4.311827505,4.098032178,6.231065248,6.226862642,7.676890294
37329051,4.62030225,4.687481181,5.850073885,6.047791183,6.572060325
1781775187,4.246869431,4.160799048,6.533478444,6.096132623,7.683222738
3733544876,4.070340497,4.14408919,5.295993665,5.436192393,6.724564956
1782265789,4.19792846,4.877169266,5.429746705,5.41961322,7.352747542
3733778000,4.49889428,4.492766441,5.819186429,6.221412539,7.457645545
1785444398,4.194920034,4.057185253,5.285870405,5.670975626,7.357929888
3735452556,5.990970572,4.587397961,6.936126863,8.778723479,8.743742372
1786222403,4.528055365,4.610219325,5.703053047,5.706800895,6.728910522
373574366,4.435068341,4.391503278,6.245755851,5.815429573,8.156703748
1786758517,4.248535808,4.136764049,6.31997199,5.742035173,7.301673358
3743186010,4.401172628,4.790235918,6.694362636,6.278289096,7.85359981
1786969075,4.52061034,4.336751552,5.659234613,6.058208652,8.144917838
3743427092,3.900222197,3.821835375,5.300617845,5.534431403,6.696089301
1789695979,4.412548002,4.713921122,6.061809193,5.961653064,6.819177052
3744541693,4.695946861,5.146791732,6.868328322,5.951368719,8.246626662
1790488894,4.429464915,4.331067398,5.56467063,5.721000051,7.438361626
3744667754,4.259751799,4.249478008,5.309644002,5.948424061,6.339411765
1794346030,4.477739493,4.383125126,5.289459536,5.522134227,7.109273427
3744723479,4.384974027,4.308285301,5.444655303,5.394003887,6.725255042
1794800030,4.405441237,4.092248847,6.393817903,5.827373879,7.182761562
3745413288,4.344600469,4.363572896,5.61476584,6.49875737,7.201800084
1795409854,4.784248856,4.759453982,6.372225274,5.885833385,7.739328875
3746502009,4.16431214,4.079804278,6.166492291,5.955451687,7.375183316
1799875502,4.437056999,4.498799427,6.286945269,5.7194425,8.125894251
3747270459,4.461891723,5.044213489,6.51001292,5.686868648,8.209784751
1804076739,4.380897073,4.151359001,5.889062478,6.025893921,8.029115174
3748226758,4.050903194,3.784473706,5.224889148,5.57804091,6.774791657
1804310687,4.57084565,5.005134473,6.547337544,5.915045796,7.911313038
3749102689,4.439872474,4.444729595,6.408406712,5.934452517,8.541146058
1812622069,4.322127447,4.486423017,5.598207643,5.880824255,7.173319363
3753452353,4.369712198,4.854979825,6.207854923,5.48483203,7.253404313
1814037649,4.035532011,3.893884775,4.903138126,5.475046239,6.684976338
3753613715,4.353295738,4.365991953,6.154884996,5.913638976,7.172741774
1818459775,4.548485876,4.587238489,5.470946839,5.384928805,8.445960224
375434957,4.343357257,4.38821197,5.59756008,6.476926589,6.79558409
1819013777,4.153906965,4.124846898,5.088211325,5.734274293,7.327385644
3756388677,4.209669024,4.313275787,5.624776783,5.943074797,7.287113407
1819473619,4.321533862,4.461421822,5.779230058,6.38665884,6.904947547
375686109,4.805021363,4.752090044,6.122234163,5.965972693,7.470532786
182017409,4.351351395,4.971523747,6.765832167,5.713275311,6.304627892
3758103185,4.680683425,5.197256105,7.069810867,7.314010328,8.005850331
1822850038,3.977509496,3.977416946,4.972156162,5.461555967,6.590531011
3761349403,4.057034722,4.080810913,5.373786505,5.538674789,7.242024181
1823231434,3.767418663,3.710283814,4.91429003,5.303627057,6.531908452
3762475569,4.303761994,4.247572803,6.251147105,5.652543292,7.143397978
1826680116,4.48162854,4.93935664,6.366368949,5.63354159,7.596662534
3763213896,4.462859628,4.932430124,5.544224862,5.761616432,8.148686664
1827965364,4.295705686,4.608980149,6.183495947,5.771347196,7.902559976
3769010696,4.092914439,4.018638995,5.927991437,5.535281927,6.91094256
1828951258,4.274731328,4.279403864,5.866417008,5.284766716,6.736067293
3770031954,4.256229305,4.205998405,5.527421564,5.940441671,7.435241868
1829191843,4.500264268,4.646807026,5.614693002,5.604279318,7.338967675
377178190,4.383603689,4.42171363,5.731616081,5.778033033,7.003595064
1829488364,4.244442448,4.190571035,5.260726798,5.636940609,6.599169778
3777345255,4.271932036,4.213913603,5.367672995,5.617020225,6.690500079
1830789740,4.371690824,4.102039566,5.398144951,5.921323979,6.770718655
3778234840,4.637762333,4.370164759,6.521236798,6.131772615,8.908117689
1832999514,4.390646933,4.12993037,5.759419247,6.266686394,7.218259641
3778541583,4.229689691,4.332222496,6.081083923,5.398804264,7.623418121
1833416906,4.053056841,4.027238164,5.132513018,5.250702203,6.783997046
3782270648,4.417147866,4.91682614,5.696953618,5.742758811,7.609686081
1836756700,4.298604692,4.425782458,5.692646271,6.131984673,7.195701765
37835493,4.448864332,4.360489385,6.040204539,5.82886229,7.390332037
1838048191,4.343571762,4.360413021,6.18625967,5.573393393,7.148491645
3793444603,5.521051088,4.433239093,6.657194295,6.386566891,7.736812003
1838464457,4.398034318,4.141378412,5.439636929,5.649937856,7.128496136
3800855923,4.555921811,4.236085193,5.886458847,6.513036038,7.364559972
1841154314,4.493236982,4.570448003,6.811210789,6.051612752,8.171004102
3806576780,4.30519909,4.214069514,5.987863258,5.611491527,8.03271019
1852239521,4.324424173,4.411625315,6.540283914,5.966312275,7.127595827
3807715038,4.396754998,4.383346612,6.380251825,5.707991817,8.016117532
1852377689,3.906877474,3.838221918,4.800731707,5.166575229,7.072666385
3807880204,4.282504033,4.100391314,5.549017717,5.783407092,7.096200415
1854364375,4.302170968,4.237789842,5.424338751,5.747577916,6.961388413
3808965674,4.352899982,4.243411155,5.417822442,5.720340802,7.271753012
1857834970,5.21988025,5.240109041,6.74240454,5.469674022,7.898085656
3809027065,4.274253293,4.316673632,5.336900583,5.836314777,6.654776501
1858784998,4.317281055,4.101557435,5.700397228,5.763792595,6.743191869
3809989470,4.481557355,4.880207059,5.831516843,5.990722904,8.155690663
1859900144,4.127169576,4.012062039,5.486710437,5.853501538,6.887509563
3813030131,4.1839236,4.228802435,5.147244639,5.215780992,6.755513924
1860819350,4.101275177,4.191123267,6.173204394,5.556537053,6.730672934
3814863545,3.936713735,4.072969676,6.092304784,5.472525741,7.040240181
1860870575,4.325983691,4.35645511,6.261308699,5.905520398,7.433383014
3815131512,4.243555638,4.260839048,5.544800355,5.812196242,7.195651534
1861299663,4.015096029,3.932606008,6.062395935,6.318780565,7.885503047
3816691265,4.394514236,4.488195803,5.675415751,5.635237902,7.55466148
1861767482,4.246958027,3.925431399,5.092571218,5.630485398,6.312024475
3818082974,4.345440733,4.319123663,5.557606179,5.820426909,7.884818876
1867827374,3.957521411,3.880096965,5.658511577,5.217555887,6.43469492
3818720350,4.070873305,4.168746592,6.087111642,5.805922997,6.853002983
1870893305,4.044304596,3.966930058,5.748380757,5.610913921,7.694383429
3822559318,4.530139918,4.557953608,5.920411386,6.236943618,7.005425593
1871767977,4.269847065,4.131206776,5.690589656,6.055170361,6.999079367
3827457731,4.223854398,4.488447985,6.235872762,5.853840982,6.799522594
1873729948,4.077008587,3.921564792,6.014689989,6.303838313,6.911105287
3829047511,4.035349934,3.895217482,5.11374665,5.728716682,7.183140669
1876155559,4.266449689,4.168897808,6.454454458,6.215281156,7.875863428
3830031504,4.427633299,5.048370298,5.533083678,5.490546573,7.669806831
1877783147,4.274080372,4.723195524,6.319772869,5.630230447,7.731357528
383103459,4.355575521,4.260864735,5.768904784,5.464519091,7.550423602
1885577882,4.233108187,3.933551073,5.261945067,5.724317507,6.521894209
3831608525,4.730468035,4.416952859,6.543216218,6.891298525,8.527950289
1887252222,4.390624896,4.302738684,5.561832159,5.947250991,6.635863781
3836020010,4.306220926,4.121605903,6.189283747,6.635554493,8.347226049
1887390452,4.271749131,4.621100656,6.150171739,5.440443764,8.123258523
3836403514,4.960693191,3.891628824,5.688861256,6.454386113,6.578181504
1890822437,4.273138242,4.281943808,6.108631701,5.834949285,7.351963464
3837482902,4.270311126,4.170094884,5.183438176,5.376751946,6.667304834
1892704317,4.111432723,4.152503659,6.184609921,5.428157603,7.13592718
3840308617,4.113327215,4.06800552,5.965440442,5.698013441,6.802211543
1896354997,4.437476174,4.276574363,5.373507379,5.599871074,7.289344148
3840869169,4.485341902,5.048651522,5.504983624,5.816510311,7.739271719
189913356,4.506655709,4.525460383,6.420695138,6.282201698,7.893015321
3846816171,4.380862438,4.26750985,6.07676414,7.079202029,7.397846435
190100766,4.078458343,4.123391859,6.021689259,5.258416364,7.021725256
3847306693,4.401983796,4.462657775,6.141533697,5.580209621,7.35827844
1901159589,4.322259526,4.551945921,5.442166302,6.381551849,7.18231706
3851803705,4.353202019,4.31233829,5.618740735,5.703134034,6.584546696
1901910719,4.212899138,3.838454585,5.22273413,5.85585752,7.165572118
385564988,4.972979656,4.21040808,6.465650689,6.797952753,8.112459508
1904270196,4.091701548,4.022214127,5.328671406,5.452903755,7.351201439
3856077977,4.167541783,3.924329137,5.157699853,5.589752405,7.030089862
1904603550,4.85652805,4.687568807,6.693615407,7.606211144,7.569923053
3859141450,4.108139651,4.239452918,5.213815267,5.328101512,6.787218158
1905979097,4.137324759,4.240041498,5.464358213,5.623931323,6.809474301
3866325191,4.360820686,4.432468476,5.459306814,5.552120273,8.163250077
1908390739,4.154733128,4.226433133,5.847738666,5.433699667,6.565203447
3867430894,4.399019958,4.163918611,6.357498348,6.129437007,7.806413632
1908959165,4.288241922,4.199469455,5.467830227,5.948520701,6.482908733
3867546625,4.702494162,4.363557017,7.868252987,6.676261821,8.278766879
1910420386,4.331151072,4.382597331,5.911626297,5.213004158,6.655871848
3869583798,3.973992646,4.031882411,5.145595462,5.385858175,7.591766809
1915723430,4.38024907,4.474449979,5.627579094,5.953654924,7.415183015
3870273492,4.556847305,4.368152191,5.385888013,5.986905634,6.978580069
1915807892,4.504389733,4.969039599,6.6825442,6.651559434,7.282018471
3870295870,4.057759201,3.966299041,5.403564712,5.583967904,6.961221938
1919055552,4.407329888,4.617600429,6.307792051,5.49366963,6.874224797
3870702454,4.425708808,4.457232957,6.177653945,5.755615065,7.752370033
192039987,4.149496922,4.541372377,5.616212771,5.76139544,6.859085679
3874353588,,,,,
1922557027,4.252445417,4.242857225,6.106404777,5.660138772,6.640814053
3876784770,4.183965684,4.170000854,5.28343993,6.042763544,6.412857278
192271174,4.322972747,4.347849036,5.537148792,5.826062348,8.302519529
3880233477,3.895030209,3.852539712,5.868435302,6.065801899,6.887262361
1924109233,4.25937652,4.210124345,5.35829404,5.574898465,7.63068627
3880738222,4.460036986,4.492984681,5.73131974,5.826801436,7.23638619
192413932,4.092120752,4.156282645,5.367081484,5.816832391,6.662408507
3882431387,4.371139607,4.361957603,5.463717872,5.359747586,6.893995161
1924149526,4.078483099,4.049490482,6.059405094,5.56378423,7.000901404
3885398873,4.345318105,4.190626025,5.121137886,5.377561734,6.615769811
1924569075,4.23147394,4.260704527,5.56189721,5.775612639,6.466397934
388650152,4.311545644,4.333630727,5.533601081,5.343109644,7.113476394
1930702369,4.249853629,4.62317011,5.945946653,5.932672816,7.329376801
3888585994,4.456264931,4.079707824,5.285177188,6.218437783,6.862871895
1934623281,4.405321565,4.863100363,6.381145943,5.721627436,7.766541356
3891584278,4.322992289,4.088882631,6.303184655,6.43969039,8.229522056
1939119029,4.495429194,4.483713627,5.836429061,6.252063812,7.554225376
3891810238,4.354969734,4.695325175,5.337892858,5.811338303,7.635722172
1942822174,4.527863075,4.51948972,6.498641226,5.53267235,6.513838611
389182564,4.191135323,4.094057568,5.425271361,5.467806194,7.574321098
194293030,4.449476259,4.240043103,5.247865509,5.330131267,6.682586668
3892575145,4.093767425,4.029084532,5.636391074,5.896991897,8.170531988
1942988748,5.225695353,4.378134778,6.768034212,6.911798244,7.753180516
3896564969,4.496230862,4.404734621,5.476189335,5.585013544,7.593877622
194324018,4.189149253,4.110862922,5.15967527,6.006059136,6.475019704
3901605230,4.666205815,4.251470882,6.737914682,6.219582579,8.155257543
1944147637,4.285275574,4.903161213,6.312820371,5.453588844,6.69435498
3902996821,4.284348324,4.359295484,5.332556121,5.624152259,6.511927031
195168692,4.084379432,3.961238203,5.378076837,6.008707288,7.384282117
3906186680,4.46568209,4.276903196,6.44740877,5.858925375,7.608628542
1960268000,4.080527433,3.865901956,4.84882618,5.347139004,6.414629205
3906575236,4.234293976,4.283883128,5.401878164,5.348573828,7.683885265
1963601913,4.149529511,4.137652841,5.172619011,5.490509737,6.60365663
3909015218,4.315613651,4.818308647,6.238602147,5.791426253,7.81972713
1965701522,4.580710344,4.931472653,6.336791298,5.443341131,7.186688624
3914722336,4.242605935,4.147617507,6.122279777,5.680323077,6.696583766
1968175551,4.902511572,4.11374007,6.017020839,6.978243294,7.594496376
3915422918,4.460880478,4.370965,5.685591302,5.948195355,7.235012422
1977306864,4.189599506,4.002718975,5.355149218,6.216600407,7.110421012
3917125611,4.614179315,4.201371395,6.449315765,6.065243079,7.502352065
198051119,4.386058871,4.334533017,5.777740532,6.132953329,7.733390759
3917203499,4.401763232,4.245657242,5.600652245,6.260286741,6.759734042
1989985299,4.272182162,4.29740878,5.380783367,5.545721937,6.757506158
3917353122,4.343797972,4.253374636,6.295275229,5.814062864,7.580868545
1991567562,4.959489037,4.873529511,6.382034731,5.814696814,7.329898224
3920704580,4.440651296,4.269831616,6.07292173,6.240980677,8.365209157
1991951207,3.988664723,4.454074881,5.784178602,5.351766443,6.961452388
3921457149,4.005844587,3.89407803,5.152082236,5.645977361,6.221649199
1992060521,4.527019908,4.398015921,6.673743419,5.6957467,8.565079975
3923883359,4.480332119,4.93238319,6.321335421,5.562700533,8.029076759
199547104,4.01046516,4.064049724,5.034366713,5.111554623,6.752263621
3925151495,4.256815702,4.121349713,5.961565108,5.422771322,6.846275025
1996891106,4.768006392,4.796580061,7.524910167,6.636621331,8.679232155
3925565817,4.330916158,4.130270093,6.186508125,5.839958696,6.863242603
1997401992,4.158988726,4.071395587,6.318084382,6.228648909,7.722328952
3925705705,4.487193578,4.403267998,5.405665523,5.472711764,7.914688617
199809850,4.076843855,3.982876204,5.241714947,5.868611625,7.429990236
3926498329,4.355797605,4.293505864,6.452024498,5.967166003,6.957105409
1998578790,4.336072391,4.586456753,6.516921268,6.154975373,8.084407791
392818846,4.213161712,4.152768141,6.187478417,5.653818847,7.599526839
2000585278,4.242404322,4.192956346,5.092490252,5.142527333,6.998278248
3930335526,4.495223039,4.774421468,5.680604621,6.071497182,7.992854112
200066829,4.233768267,4.251896897,4.998757881,5.325829009,6.475286778
3931419723,4.179432762,4.235947696,5.194166772,5.129039838,6.903175754
2001714085,4.395920695,4.357431367,6.390617659,5.703035584,6.468462908
3931956861,5.328385427,5.2536468,5.876912252,5.402110301,7.740442609
2002122030,3.944045849,3.721547931,5.042164771,5.383301903,7.379382085
3932933674,4.126855717,4.049093981,6.046187034,6.327390901,6.69294075
2010454025,4.18310049,4.122430466,6.115135216,5.584271413,6.991552439
3945053428,4.671789318,4.982471384,6.776510444,6.532400278,8.067650049
2017344284,4.483793657,4.342003641,6.35790462,7.202853768,9.004861737
396724706,4.071893793,3.856648658,4.973888131,5.297624682,6.531715246
2017765808,4.257791665,4.248073673,6.582208626,6.06737464,7.182112246
396928608,4.17194333,4.172371872,5.155131452,5.506157567,6.795640223
2022868892,4.679838309,4.63575766,6.99729381,6.384697658,7.637789311
3970800099,4.076119548,3.994356809,5.368921933,5.53533198,7.621143449
2023285198,4.137886368,4.04600535,6.005920717,5.356345251,6.685150358
3972288841,4.652929366,4.554962037,5.778196269,6.185778141,6.975512756
2026754591,4.651187491,4.591370708,6.803172451,6.043060758,7.360921667
3978744570,4.203890217,4.077512016,5.779129939,6.120129055,8.270688522
2033463791,4.369352381,4.311168326,6.174622457,6.006319055,6.885860594
398131152,4.619860127,4.061368463,6.693391899,7.828281007,8.335928673
2037552598,4.852380831,5.198104357,5.582223586,5.400832805,8.05186548
3982145425,4.183736644,4.040868235,5.292583253,5.711320395,7.255158916
2041229468,4.18793053,4.10391329,5.311350435,5.47914209,6.651278019
3984163767,3.823144705,3.656566572,5.362700589,5.406887866,6.772634986
2047559103,4.006375047,3.686404056,5.015031994,5.556458922,6.620031481
3985888022,4.3029099,4.082193173,6.098598649,7.100663786,7.259701914
2047595784,4.032341296,3.904550175,5.29185806,5.679561958,6.84781977
3991005721,4.1963777,4.050905876,5.368302173,5.638098301,7.35541834
2048917421,4.085632144,3.890726024,5.38944306,5.246255176,5.973515651
3993637691,4.169739757,4.057569861,5.097536567,5.418153488,7.273908337
2051099070,4.416214474,4.633895273,6.428658922,6.292489006,7.247054561
3995554858,4.695439311,4.318230862,6.09718048,6.704977053,7.726422552
2057058534,4.431650456,4.380732492,6.380305454,5.815875807,8.259784237
3996598573,4.259113912,4.192318868,5.252601555,5.537405835,6.773032139
2058693392,4.206288764,3.996560602,5.397254829,6.051835955,6.615280258
4006534625,4.24619887,4.540347477,5.354424602,5.346594393,7.080317385
2060298621,4.069899892,3.939689164,5.502617089,6.147744695,7.186990005
4016765342,4.359741897,4.377246263,5.287878899,5.088108533,6.530843052
2066354189,4.496544187,4.559241064,5.838787666,6.507794278,7.463209392
401879401,4.515153055,4.445165651,6.733430967,6.803122612,8.385684099
2070099435,4.047271076,3.954633093,6.155844596,5.993006283,7.736547973
4020664673,4.247939092,4.340215454,6.178888789,5.396836406,7.920907943
2070724014,4.183565217,4.122914443,5.573296933,5.768151942,6.778528446
402523989,4.068439158,4.084189172,5.296667892,5.534757318,6.943625815
2074348568,5.13122202,5.064200043,6.622605937,5.395751811,7.261514752
4026391232,4.191636419,4.112478027,5.650936193,6.126587867,7.803111915
2074860152,4.517267558,4.311523304,6.047256688,6.611435454,7.449624234
4026910516,4.327213581,4.445596506,5.624621918,5.574343158,7.220754512
2085520575,4.552158081,4.510345795,5.547394324,5.564759665,7.141995216
4031942322,4.323526908,4.201320907,5.757950154,6.2071579,6.567333249
2087996196,4.342679858,4.26232489,6.172795223,5.472943695,8.082599091
4039829353,4.209138641,4.281782317,6.315405636,5.76751183,8.278106806
2093758775,4.513694421,4.804425019,5.412187952,5.515605633,8.407842016
4040147816,4.207864764,4.089185773,5.841885957,5.550720354,6.737208847
2100052286,4.682835063,4.241622092,6.611002968,6.179256712,7.889404565
4040716945,4.147724082,4.078038017,6.137431028,5.82035618,7.22065888
2103228157,4.498066382,4.609995174,6.953511015,6.228426734,7.047448227
405373926,4.249679207,4.25747715,5.229550011,5.850699401,6.033653337
210534092,4.111320194,3.990312773,5.091561538,5.816248104,6.698904639
4060589852,4.196710041,4.081368654,5.539383939,5.830798986,8.152020027
2105801105,4.308858908,4.715338928,6.150485115,5.563627184,7.398803746
4061437282,4.707194995,4.567547328,5.596716422,6.012142446,7.719557339
2108841974,4.496126639,4.475851224,5.50000166,5.495456961,7.464520488
4063155703,4.304094096,4.208979389,6.106851642,6.264946368,7.409334728
2108937486,4.950983391,4.818361168,5.661441676,5.774346854,7.320358824
4065001465,4.472292747,4.406972764,6.30701998,5.822085756,6.662105771
2110496117,4.463397355,4.302631897,5.098121372,5.432189337,6.279697398
4066124203,4.076456428,4.091326456,5.224152184,5.656819653,7.489870505
211169351,4.014372497,3.8246458,5.271794031,5.608251081,6.726139369
4067048825,5.106163299,4.121231943,6.186685448,6.635920712,7.452483437
2112119995,4.218293379,4.133556909,5.450531965,5.996855162,6.576282868
4069098061,4.627207539,4.341938168,5.804387064,7.619480328,7.781334674
2112189288,6.275675351,4.356607486,6.682084396,7.847668652,7.746441442
4069824072,4.330708832,4.194100173,5.401549566,5.572383876,6.919861425
2112415953,4.444721715,5.20791267,5.898211092,6.392213613,6.896026499
4080403633,4.840107574,4.904489531,6.46978235,5.89528353,7.942909302
2117857991,4.572605818,4.76644629,6.080418952,5.871334755,7.787228997
4083266820,4.20502257,4.152129158,5.505467071,5.73717957,6.736679259
2129564650,3.982095789,3.925455485,4.979512189,5.224365045,6.31892987
4083814481,4.305441389,4.215605879,6.243998049,5.573288872,7.170224165
2131488178,4.260180572,4.889035417,5.358910631,5.519832022,7.329418314
4083828352,4.646717323,4.913547308,6.4970813,6.504373766,7.453705871
2133389205,3.993966292,4.100883946,5.117234487,5.30733762,6.496678374
4085341874,4.503750594,4.840650258,6.221218658,5.890989786,7.723282488
2134697000,4.361696091,4.421695405,6.253657672,6.546762516,7.812945068
408837402,4.517109105,4.875955783,5.573879758,5.565357102,7.356558405
2139026534,4.30827879,4.831183954,6.367210089,5.613690451,7.419938115
408967257,4.259386896,4.309476581,6.334351822,6.031417873,7.092357031
2146308400,4.169210643,4.110646296,5.781435619,5.808511959,7.025770877
4090691856,4.13034829,4.137192569,6.073329537,5.696098434,6.977697612
2148378283,4.162476152,4.122793234,5.53384653,5.689447687,7.201049639
409133707,4.234024873,4.052477764,6.231480023,5.708010405,7.383020332
2151592349,4.07059324,3.922967839,5.907957752,5.597176986,6.579766045
4093108110,3.987965661,3.884773302,5.102281533,5.531285888,6.478244323
2152052186,5.32186855,4.294365288,6.989738636,8.186070357,7.427407856
4093356685,4.190193499,4.081301052,6.21871072,5.658187309,7.308876863
2154725318,4.053715028,4.035860176,5.188977306,5.456137035,7.054239366
4095893651,4.297596364,4.30014334,5.74911434,5.872566549,7.351449192
2161418201,4.44713911,4.952292915,6.465794539,5.785072713,7.528765599
4099541746,4.299102612,4.205614725,5.525540948,5.752268091,7.7276827
2165388202,4.393372533,5.029678335,6.131826562,5.412359761,6.781362526
4099736023,4.855001403,4.83251746,6.315863819,6.037209634,7.79287334
2166835733,4.328698547,4.337438929,5.649333737,5.651927382,6.79697889
4100540491,4.162895473,4.007131921,6.559364716,6.778557817,7.702687326
2167615125,4.272965578,4.303958159,6.246685321,5.391199705,7.17805002
4106746357,4.403621042,4.767302767,5.698120358,5.982846327,6.460687496
2170759229,4.388518925,4.308454402,5.182887125,5.489294799,6.993456186
4107507507,4.362189725,4.736034876,5.335581498,5.458025756,6.894107357
2170880573,4.171823809,4.342841876,5.388533409,5.669460559,7.009250272
4108002155,3.95935671,3.98826791,5.682205289,5.590318759,6.871288275
2171168019,4.194643097,4.083654131,5.484847018,5.721455218,7.220182642
410808047,4.280413126,4.164790195,5.961633,5.506217927,6.154951786
2171240541,3.994893611,4.073485982,6.146339822,6.27449459,7.537680656
4113417726,4.272316263,4.338427448,5.538765875,5.52192343,7.038613003
2172281415,3.971270825,3.93930216,5.079321615,5.286568336,6.554225239
4113794425,4.480979145,4.997897674,6.317003539,5.480067051,7.124980144
2175309663,4.390664618,4.232521678,7.103521989,6.178584283,7.950341907
4117238293,4.427623768,4.231415222,5.811032782,6.454042953,7.391905678
2175676858,4.228698064,4.28523325,5.337879123,5.337937059,7.197529666
4118326689,5.029344362,4.918268528,5.517925358,5.366640677,6.56790635
2179545776,4.465187716,4.562538373,6.887951058,6.317288244,7.5371465
4122649464,4.412893791,4.511153291,5.612107324,5.842955198,6.907510964
2180081033,4.306184161,4.213823664,6.531111627,5.701301979,8.14272544
413107749,4.428990737,4.360169264,5.523598401,5.448472881,7.363473982
2180316189,5.206833371,5.182044551,6.507797215,5.592465999,8.100718702
4133213633,4.593503699,5.000581394,6.292742104,5.506525079,7.192979535
2180688285,6.824870153,4.319739333,6.773696457,7.806146237,8.677823097
4135739225,4.108137768,4.049103367,6.245790834,5.666555473,7.594473037
2180799847,4.24290761,4.291191478,5.615369258,5.813427439,6.476596781
4136155069,4.507380205,4.966555478,6.354991046,5.729994863,7.422909505
2180976537,4.484832101,5.014482191,6.507739565,5.7975081,7.176256227
4137052624,4.50213039,4.540073799,6.656216413,6.063673779,7.447533924
2182362214,3.99300394,4.323080734,5.709523847,5.747433063,7.040453906
4137147732,4.297673383,4.285083472,5.502438523,5.556777389,7.035470665
2184988827,4.396678013,4.38216498,5.462492268,5.737480449,8.142345806
4144391965,4.317175566,4.333925675,5.287132248,5.603903544,7.236105883
2192302358,4.335045506,4.364259038,5.30147617,5.267412538,7.880481447
415148142,4.154559899,4.083746099,6.351670988,6.08910731,7.781017864
219325366,5.907605418,4.280318449,8.713495192,9.424863848,9.473961545
4160147836,4.371027864,4.916741473,6.489638136,5.550773052,8.735153479
2194652555,4.27414358,4.6018613,6.268164655,5.452507477,7.178918049
4160502168,4.63170516,4.667122818,5.657770069,6.044155619,7.146354695
2200266312,4.009122666,4.080062994,6.151431927,5.673926705,7.2520788
4163093414,4.477174792,4.644092435,5.471874148,5.343462159,6.837217559
2200670875,4.355129193,4.375504945,5.320116291,5.559587518,7.030189824
4164375240,,,,,
2202346713,4.219822026,4.122225731,5.792445809,5.964938205,6.946241507
4167756410,4.438108199,4.37545904,6.125118943,6.109079954,7.320364199
2207352563,5.048305326,4.342180204,6.201569435,6.416556036,7.411367631
417075525,4.140738774,3.959909993,5.795237302,5.220142646,6.834978362
2209414761,4.152869547,4.335260736,6.07555593,5.740026097,6.897171514
4172321775,4.218021678,4.16006776,5.219297707,5.328524475,6.698202037
2215153516,4.200194657,4.129452585,5.663228753,6.082656612,7.210618013
4172833860,4.537960571,5.037238033,5.545303756,5.75346654,6.845621503
2216595430,4.552144232,4.96868932,6.602983012,5.687969109,8.095839841
4174857942,4.457089926,4.442343265,5.570758929,5.538195618,7.147055879
221853583,4.02576415,4.023783314,5.434364317,5.87002084,8.283412345
4177765106,4.197067234,4.096995951,4.814719822,5.342766579,5.944759834
2222241318,4.339282013,4.327295591,5.554158945,5.763838361,7.574600409
4182146714,4.403548433,4.21311501,5.57566816,5.876693508,6.633753428
2225237681,3.745803656,3.620962525,5.12741232,5.922397875,7.44561136
4184549693,,,,,
2235019065,4.333618222,4.422686051,5.90220493,5.477125341,6.657854681
4187598678,4.365514914,4.409513985,5.52107999,5.979494951,7.765988841
2239217267,4.327092401,4.718961404,6.260202713,5.45494485,7.496187053
4187823334,4.321718085,4.130282341,5.819619295,5.913463186,6.993004789
2240499373,4.339427618,4.050640166,6.444604639,6.460961966,7.165284292
4190603704,4.015820005,3.794709465,5.79832212,6.489976651,7.044125076
2240703148,4.392059385,4.223019571,6.519378641,6.11728852,8.119627979
4190952364,4.060894721,3.87207108,6.228178693,5.774944513,6.93296369
2242628840,4.293948205,4.321970751,5.751833597,5.919531138,7.499474223
4193918219,4.30815934,4.363659462,5.484238525,5.673463243,7.528711212
2247752771,4.478257481,4.698590671,5.867869444,6.03363781,7.169299472
419535935,4.573163944,4.913416035,5.822727121,5.822817303,8.11052326
2248403809,5.491007027,4.364443663,6.01519132,6.360720465,7.287794821
4196310650,4.353964127,4.369897166,5.937305087,6.357377261,7.397002743
2249226316,3.691343937,4.510985211,7.953484994,8.803184415,9.737566309
4196412787,4.246755935,4.242211417,6.395293507,5.706838289,6.712375621
225017631,4.469127215,4.177242378,6.613717956,6.927141494,8.266816102
4196502261,4.262002595,4.580788994,5.241247932,5.683829915,7.21706776
2253200176,4.545398314,4.440168482,6.412621979,5.955334876,6.983751065
4198853043,4.238192276,4.508960582,5.559337722,5.907717123,6.550052234
2254317902,4.718097559,4.394876465,6.398486793,7.34245841,7.915722203
4199436321,4.341201235,4.275816447,5.553223945,5.90885441,6.844225877
2256834144,4.485500748,4.94635455,5.491730686,5.496577319,7.647866254
4205323727,6.6166823,4.800752298,7.873388487,9.627411793,8.647252182
2258551019,4.216664347,4.086715703,5.419369874,5.701027201,7.299120236
4208420410,5.251785736,5.042312646,7.059416515,8.205925153,8.520511258
2259039644,4.308261373,4.36751072,6.562552963,5.608451904,8.210078444
420900014,4.287080762,4.950353221,5.492685578,5.343462757,7.404011947
2262929710,4.308889867,4.332156103,6.298711755,5.71441404,7.843510383
4211615439,3.945732704,3.793569648,5.528740956,5.891006246,6.923550542
2263443077,4.301715929,4.225533978,5.239610155,5.730100902,7.03058761
4215014897,4.284581216,4.118802073,5.289149574,5.472188265,7.287354557
2269734277,5.406650585,5.420709934,5.834390191,5.6536878,7.026047255
4216533717,4.064847459,4.04867253,5.248130696,5.604806217,6.876086993
2271737742,4.276062111,4.141442781,5.154811512,5.460312747,6.24291936
4232585168,4.450853364,4.618585414,5.849695789,6.135101359,6.989249839
2272230240,4.266038081,4.417267677,6.08762604,5.633076004,7.490411387
4238772277,4.264194425,4.742011739,5.480662269,5.52072952,7.318293576
2280234873,4.22499669,4.148041227,5.46774134,5.639017836,7.341252988
4239005932,4.493085817,4.497538067,6.412608204,5.715088929,7.361272038
2285120424,4.36014363,4.323807557,5.662192005,5.844226885,7.829431958
4240185446,4.3496634,4.372067387,5.466269739,5.43575014,7.378809497
228519096,4.730786014,5.19916989,7.296402509,6.453907397,7.907480587
4242587695,4.518081438,4.966748636,6.238186622,5.570862567,7.105956171
2286509730,4.50047395,5.084896192,6.367576258,6.601613599,7.610181583
4250731906,4.061305296,4.14495112,5.247950301,5.951852533,6.966911826
2289849916,3.973613106,3.947648102,5.436355421,5.929360431,6.674279545
4259136159,4.067012197,3.908795498,5.952264038,6.256218955,7.238992426
2292204095,4.220227776,4.145642247,6.510469435,6.125517738,7.275660118
4264683889,4.083416134,4.010425375,5.236902507,5.576755052,6.347007223
2293300734,4.403524869,4.405292766,6.169947742,5.34214755,6.767159636
4268231041,4.013807351,3.900417248,5.851781922,5.578282091,6.218936704
2295699564,4.426862849,4.179082361,6.186344954,5.819520526,6.773337155
4269306166,4.260525494,4.039583199,6.085991644,5.533034536,7.823228895
2298674157,4.370685908,3.997809585,4.962086461,5.304528849,7.106510134
4269796936,4.672142442,4.705522493,5.885630362,5.525486174,7.215689521
2299321259,4.37235093,4.248168193,6.469785425,6.021639045,7.330462402
4276974103,4.353296405,4.442832101,5.502679542,5.870823439,6.60503377
2305221381,4.036205665,4.017549789,5.044616894,5.43884296,6.818215055
4284367721,4.14341627,4.524581771,5.86735739,5.463934506,6.957220274
2305446143,4.323853051,4.767012136,6.050369945,5.481625306,6.24474131
4284483827,4.118407051,4.588016664,5.235868173,5.374179175,6.971195718
2308648032,4.185611931,4.206943299,5.378787608,5.095247235,6.640172312
4285301913,4.480939832,4.389398171,5.790107713,6.260181932,8.060008827
2311595124,4.4234729,4.869135122,6.30505239,5.615107819,7.24869734
4285804772,4.243345224,4.364196733,5.681887646,5.856455905,6.63103357
2311827557,4.285353336,4.495247141,6.343281578,5.494717274,6.964748755
4286784089,4.326216897,3.86952135,3.291881983,4.519404544,4.318934943
2312088658,4.466648606,4.750030873,6.31330528,5.788080293,7.955239844
4288368085,4.437943954,4.386087726,5.534690076,5.962624646,8.265009066
2318003050,4.330905144,4.262412331,5.210897411,5.475103542,7.130707313
4288775453,4.154413053,4.200859931,5.891375441,5.96254902,6.631777643
2318786012,4.469732406,4.75597196,6.443999994,6.130134474,6.986042856
4290234295,4.476701915,4.47421838,6.19871252,6.015457585,7.067111664
2319274290,4.140056523,4.115301459,5.979920499,5.495206604,6.819039691
4292903812,4.080358181,4.10042977,5.143066038,5.353765739,6.699235703
2319442352,4.247769018,4.34030083,5.42764153,5.537919096,7.287489743
429608771,4.063892184,4.030500426,5.341177594,5.74733443,6.562023244
2319858717,4.587464339,4.650284446,5.742137458,5.755156279,7.415464792
432187454,4.078693661,4.145356036,5.574794137,5.826015935,6.808018436
2321665294,4.421408847,4.198820088,5.972365009,5.939291603,7.127589177
433029449,4.599174333,4.709992474,6.229616645,5.457171899,7.708847849
2322119606,4.366306173,4.276393908,7.052196584,6.693709468,7.984520533
43606631,4.442148257,4.717793594,6.440720918,5.632187691,7.618144702
232853819,4.311100502,4.723535115,6.257166057,5.576640071,7.656468
438637277,4.52961297,5.099538537,6.59328866,5.927515479,7.802392306
233205461,4.381238665,4.308413404,6.025441983,5.516232503,7.055024439
440314957,4.303469499,4.314187622,6.017747507,5.355483293,6.660978495
2333477346,4.444901885,4.033956456,5.58538066,5.745724611,6.977779788
443334800,4.437754449,4.303216123,6.317528138,6.581696828,7.528762697
2333531511,3.96134244,3.882826364,4.943825315,5.460400978,7.084188298
443632695,4.235471658,4.182993833,6.290887938,5.883717866,6.943190229
2333670705,4.433525037,4.783872568,6.37285398,5.900345536,7.244763572
443652258,4.050713442,4.070803927,4.803047798,5.054059504,6.314819865
2333937949,4.11033678,4.592432868,5.266291662,5.307940301,7.628448023
443900734,4.451318703,5.04003479,6.620173768,5.806560948,8.151350443
2336714673,4.416324131,4.403186381,5.724503703,5.693380307,7.71359459
447184381,4.49760437,4.127655516,5.317152122,5.707258542,6.546694815
2338019591,4.541238822,3.926642808,5.48312121,5.926204681,6.512210456
447775004,4.199700849,4.166099791,6.231972293,5.504196502,7.288073337
233932345,4.177876222,4.177508991,6.436546562,5.349759664,7.780370526
448304956,4.506336014,4.265635596,5.680853937,5.69221686,6.601265657
2340561949,4.4713208,4.340326444,5.938662122,6.534211057,7.333264681
451261789,4.420931782,4.768181553,6.547665675,6.41727668,7.798042304
2344269626,4.247035353,4.201421403,5.675171163,6.164520328,8.048138415
458296344,,,,,
234528430,4.417278653,4.11010886,4.982009047,5.492298634,6.558993151
460925240,4.238588036,4.164818274,5.392147308,5.733322234,6.854936425
2347753317,6.678554361,4.610433431,7.353223203,8.663642353,8.291065622
462702505,4.95498643,4.089205951,7.237938831,8.527761608,7.963219606
2351609522,4.428177014,4.338238456,5.484045227,5.764132072,6.682120032
465465726,4.500811088,4.292626608,6.334716576,5.979732085,7.025296379
235478560,4.167675598,4.096961241,5.211714433,5.676437731,7.014530422
467305309,3.994039682,4.528975038,5.522499202,5.970333615,7.658043785
2359486867,4.210112635,4.507021712,5.84813099,5.331313636,6.922165813
471230479,4.576667318,4.9839646,6.557908232,5.450876771,8.459783112
2365721251,4.217086735,4.117315625,5.539471853,6.225215118,7.047934749
471903637,4.203635361,4.237638664,6.118959194,5.70507272,7.023191227
2367528097,4.065733969,4.056544597,5.990921151,5.476066079,7.017548155
473767958,4.843156919,4.328792402,6.374678014,7.37433936,6.788787411
2374556661,4.626151158,4.31562372,5.396434696,5.905824486,7.803754246
476252579,4.025276865,3.950426133,5.009902613,5.266233314,7.099413156
2375649228,5.201994584,4.573877648,6.778905719,8.41092019,9.087111436
481928384,4.291777398,4.350868,6.230763805,5.620319778,7.653842893
2385983560,4.286587181,4.240300724,5.860431857,5.850314751,6.743427871
482239832,4.875016015,4.802158303,6.192768189,6.163596737,7.173834859
2390107820,4.382914328,4.449023976,5.871229228,6.212720619,8.418971385
482294424,3.833223356,4.56697298,5.188519576,5.331483951,7.310753521
2392768937,4.351289302,4.76827464,6.60067411,5.782038381,7.921103035
485017822,4.246807077,4.252462225,5.374644391,5.512958593,6.832568683
2394345225,4.263394053,4.06855676,6.101439812,5.734948568,7.131319774
486306438,4.393629268,4.972314734,6.500118649,5.664288706,8.574460348
2397365139,4.127417764,4.220876657,5.566330343,6.375938013,7.24017505
486404664,4.266537397,4.168217252,5.480861631,5.683624061,6.811890148
2397937510,3.878692104,3.804848562,5.437296748,5.240662084,6.003850021
487664430,,,,,
2398605805,4.29766315,4.189262551,6.072719189,6.381886387,7.852548699
488302404,4.163258691,4.082073325,5.232250701,5.630688977,6.522271314
2402029124,4.445844104,4.515440207,6.435748006,5.471058862,8.061162487
49408975,4.933781189,4.365496724,5.460192836,5.496356063,8.176535339
2403464508,4.744921599,4.347599038,5.458439139,5.546362649,7.486759989
494764211,4.222457604,4.138900208,6.061253446,5.909787022,7.268563686
2404418579,4.506458361,4.203198394,5.392933688,5.906793455,7.084951446
495793681,6.315085563,4.841176078,8.821681147,11.06902674,11.8461259
2404507707,4.402499954,4.303354832,5.673703419,6.318135163,6.706976093
496203414,4.296647838,4.845837518,6.125930088,5.51087192,6.756867907
2408914693,4.536556235,4.528107356,5.753350278,5.838734816,7.711099001
498628252,4.334551284,4.230674646,6.176416466,5.812926548,7.839294104
2412716526,4.306843763,4.227602467,6.093390934,5.60731089,7.592834156
500081009,4.368844416,4.357729917,6.355333632,6.155132264,6.808654982
2413176236,4.683781284,4.598880489,6.41776662,5.94280983,7.779653772
500214245,4.495442123,5.09633564,5.594522457,5.981306396,7.574966797
2420532406,4.536155141,4.607916281,5.705502313,5.945991461,7.329182467
507224785,5.772762394,5.531529613,6.27192938,6.98974425,8.358784379
2422503990,4.404829516,4.208796976,5.910860013,6.17990659,7.408819105
510706202,4.2883823,4.306030405,5.345738786,5.531977135,6.943727691
2422512134,4.214902286,4.172868348,5.390835811,5.886903648,6.773727041
51217255,4.565023122,4.457965164,5.805062528,5.950563349,7.290889082
2423596559,4.209358425,4.213181911,5.963809979,5.369789282,7.330920488
517593246,4.230568396,4.23806297,5.55256483,5.834489143,6.972494862
2424990755,4.796826672,4.632872192,6.094371494,5.42511724,6.962674325
520579518,4.239608299,4.060477284,6.170901593,6.04915544,6.72967248
2425606479,4.379669447,4.445153264,5.986831174,5.827914782,7.407511444
52306425,4.046542712,4.041211122,5.346964181,5.499462422,7.292427897
2428446542,4.297328952,4.27370015,5.663098091,5.73587903,7.008793168
523278137,4.545304076,5.140387906,6.637204333,5.913849766,7.703115962
2433433960,4.132426422,4.147949264,5.22315272,5.607969766,7.036102184
524958008,4.167441503,4.078109455,5.957014967,5.626449737,6.920659348
2435041096,4.270425234,4.177551768,6.102758319,6.170915231,6.823833147
526023406,4.20225338,4.227591431,6.282783394,5.862075843,7.184956582
2435244873,4.406229073,4.673290278,6.29638269,6.688867894,7.596898416
527463413,4.057165456,4.293178895,5.284258857,5.392190631,6.703127021
2437115295,4.321980219,4.205162271,5.515315539,6.063951411,7.564076811
52835891,4.473823853,4.364807116,6.576431353,6.329638182,7.585531966
2441231201,4.460382758,4.363125266,6.79499752,6.328180077,7.803420356
530789110,4.207329887,4.103256751,6.003649204,5.423271255,7.271813484
2442304782,4.204454703,4.151782007,5.611175342,5.783425687,6.794730079
533823633,4.189055801,4.171348704,6.121319605,5.462573547,7.098857948
2446607895,4.119315018,4.128276409,6.045562869,6.12358821,7.462938899
536638696,3.92065122,3.794212001,5.466957787,5.484173502,6.637867475
2449123338,4.492871288,4.863922885,6.919038007,7.220472497,7.73484685
537502840,4.409185102,4.384829201,5.332923165,5.310191787,7.793569949
2450905343,4.152513366,3.893314713,5.373760913,6.581019193,7.447741647
550810566,4.334629013,4.433526534,5.774516653,6.029609983,8.203160126
2454545162,6.066908405,4.319742345,7.024527241,8.886189838,7.790429767
55710183,4.253386746,3.9917885,5.597074588,5.602439201,6.668291006
2457761447,4.212652425,4.24173502,5.451053602,5.939295765,6.464361176
56162563,4.258245169,4.164396824,5.518632275,5.762128499,6.881090675
2461687277,4.424982187,4.764992277,6.30155726,5.681127144,6.909261217
562992781,4.361493664,4.515730672,5.522915024,5.814472051,6.739819515
2462036439,5.015577846,5.178449523,6.773904641,6.887403565,7.634871285
566745642,4.27819429,4.153781652,5.334062028,5.674593976,7.973318252
2464767924,4.267177867,4.211929987,5.9133958,5.579978348,6.908097009
568769650,4.24683082,4.432440326,6.153577069,5.703805119,6.977706611
2465300344,4.281292377,4.039102524,5.429635942,5.833450363,6.853976796
571955453,4.366088966,4.337666418,6.101459149,6.255329682,7.586893835
2469426313,4.256921416,4.196247812,5.837727216,5.51403456,6.605298604
574930953,3.985586207,3.998560863,4.835356472,5.442479445,5.679258416
2470886822,4.501974493,4.556813875,5.609578544,5.710835756,6.817441934
578652819,4.728079473,4.184037241,6.461571655,6.974100661,7.395031814
248138276,4.13338484,4.201219431,5.131846745,5.494335632,7.15294619
579459470,4.343413711,4.377406431,5.465836274,5.91286073,7.565081307
248585929,4.255545877,4.21877386,5.415105074,5.516925598,8.10083052
579934409,4.405527726,4.435524956,6.328066163,5.744608064,7.877233322
2485879167,4.398520518,4.499595285,7.323188009,5.845396718,7.554206741
583203611,5.616505748,4.397006001,7.374997504,7.78249859,8.232313011
2486269820,4.274058437,4.749636745,5.560638346,6.46761465,7.415129183
584328521,4.34092321,4.113287963,5.339538457,5.539648772,6.449841652
2490635263,4.146437785,4.101188506,5.270199635,5.445316277,7.504003392
594496588,4.064298226,4.095808314,5.126430885,5.313423818,7.129507507
2498589740,4.152507485,4.133771092,5.295462635,5.596177308,6.732034864
595113616,4.276602809,4.307340438,6.299229154,6.042261504,7.149156572
2499963942,4.241175411,3.991839982,6.130435832,6.022055769,7.124462574
597625120,4.354102899,4.323324345,5.625671299,5.763915914,7.036648713
250211156,4.614102391,4.471570043,5.689881888,6.051090712,7.499097742
60021964,4.324585573,4.329221838,5.340684213,5.403421193,6.967166223
2507776631,4.464190062,4.461537918,6.039288246,5.974593538,7.249345461
606185341,4.09079875,4.050374614,5.243538241,5.470060511,7.09349465
2508284118,4.547090459,5.14082888,6.55325054,6.514830972,7.440256247
609583468,4.125971594,4.1576874,5.060829359,5.343061802,7.136407763
2511291760,4.525794948,4.639524614,5.853189447,5.555904438,7.576153617
610158411,4.416249101,4.367574753,5.593331326,5.589538333,7.832559287
2518846638,5.147368635,5.04269621,5.719436542,5.504732816,8.107027707
612700286,3.915124856,4.073526304,4.965412382,5.039732849,6.772945235
2529143538,4.381821719,4.437733586,6.225048009,5.524134529,7.520099996
618085604,4.653613476,4.310912907,5.626518178,5.779480993,7.768170706
2533255886,4.311311263,4.155525782,6.097610693,5.731953559,7.194365997
619635668,4.456802637,4.474770948,5.98627199,5.891205763,7.71011872
25354225,4.555685502,4.409439342,6.567888582,7.095468838,8.046634281
620265516,4.725190104,3.959428927,5.306847121,5.684552662,6.520577641
253771324,4.345145071,4.403953651,5.392214307,6.198038163,6.445449934
624076698,4.161424132,4.158197285,6.202111955,5.487632439,7.192539267
2537779643,4.044233134,4.099410007,6.113058516,6.149276575,7.16560254
624155263,3.921264401,3.754370093,4.903144965,5.556372532,6.455589736
2539603725,4.230965233,3.863839772,5.408864145,5.664008189,7.889857933
624204289,4.534290924,5.124793185,6.15298877,5.195555055,6.702689243
2539774514,4.386560423,3.946713661,5.444937547,5.927147286,6.876983516
62582335,,,,,
2543780112,3.925696321,3.821488469,5.247599901,6.060061256,6.685770021
628144066,4.43048257,4.244704799,6.069909068,5.426735473,7.514255516
254383703,4.306206149,4.167270303,6.223827537,6.125972327,8.048169432
628391776,4.512605364,4.460058669,5.783023729,5.59865549,8.038310459
2544376434,4.501925341,4.452680247,6.972126584,6.668194043,8.895357594
629271662,4.361908124,4.675375862,6.458728438,5.945684524,8.100257311
255089519,4.317008106,4.224382963,5.560146127,5.735996489,6.98145938
631348709,4.253010442,4.19150945,6.023112859,5.429889668,6.813025341
2551635949,4.199200899,4.091759154,6.188666443,5.642815519,7.258738923
634597131,4.536334625,4.923597659,5.527960716,5.794627499,6.932707949
255246595,4.154324554,4.098899195,6.034602987,5.426435145,7.056579985
646773252,4.660144973,4.428888358,6.264609025,5.796310241,7.035723803
2555837927,4.436790531,5.01549116,6.461208802,5.391458132,7.318077153
646981992,4.530426919,4.525788277,5.489703435,5.774326712,7.234552638
2556918590,4.208834763,4.252091645,5.558239932,5.640813246,7.139601407
65198031,4.235503476,4.177370737,6.155599239,5.724400937,7.771040624
2564511370,3.960949831,3.977570596,5.114695506,5.462189856,7.427761549
657998684,4.215586281,4.449114845,5.518568297,5.577807061,7.153991957