sub,ses,FD,relRMS,coregDC,coregJC,coregCC,coregCOV,normDC,normJC,normCC,normCOV,cbfQEI,scoreQEI,scrubQEI,basilQEI,pvcQEI,GMmeanCBF,WMmeanCBF,Gm_Wm_CBF_ratio,NEG_CBF_PERC,NEG_SCORE_PERC,NEG_SCRUB_PERC,NEG_BASIL_PERC,NEG_PVC_PERC
114935,10916,0.18224838143625,0.0005060922176689,0.9866218820969864,0.9735969868173258,0.9834179392403992,1.0,0.959305997757125,0.9217944906856916,0.9482937637673708,0.9722689148819426,0.429110203804164,0.4305749643249071,0.8290699029479204,0.8279802104753305,0.7658328281967522,74.83857970208307,55.36486932845307,1.351734061866955,0.2497838409069074,0.2497838409069074,0.1152848496493419,0.0,0.0
121050,10890,0.3187106424375,0.0012552185994717,0.9944373291533654,0.9889362025701468,0.9930745328791276,1.0,0.9782633141179192,0.9574514917934748,0.972211481855562,0.9790048538535692,0.5506723632444642,0.5576933030363176,0.851612232650902,0.7705916273312811,0.5826941722198874,67.54192441196678,61.09556064871512,1.1055128014998783,0.0,0.0,0.0,0.0,0.0
83010,10101,0.2550525642999999,0.0046855599933677,0.9886848320349676,0.9776228651097943,0.9856625953243958,1.0,0.9579458733213666,0.9192860992496164,0.9467785804119724,0.9763551743420618,0.7762804426418835,0.7771439167476778,0.8312525537545921,0.8202642969368245,0.7680131442877467,54.735104298154965,41.63024584465629,1.3147917622778305,0.0698463380562762,0.0598682897625224,0.0399121931750149,0.0,0.0
120217,10702,0.0967182840499999,0.0009329692616274,0.9793156003919148,0.959469548832083,0.9741462289048842,1.0,0.9459836807126204,0.8975038274096174,0.9319212318938028,0.971020251446532,0.3883549094708983,0.3856680117465596,0.8399286642972984,0.8332922431272008,0.751481957239469,45.37418040564208,32.8063444771596,1.383091628426704,0.1984314466597373,0.1984314466597373,0.0377964660304261,0.0,0.0
104059,10762,0.1567729145774999,0.0042493073909201,0.9877334599556822,0.9757642092096004,0.9849176745536188,1.0,0.95176668536175,0.907972177635099,0.939243684243795,0.9765316227573224,0.6791596125399428,0.6800508617424639,0.7375283483799385,0.7648818941725555,0.7052677566766953,48.90893106398741,43.946982794275264,1.112907598069702,2.380952380952381,2.4033087413369105,1.5425888665325285,0.0,0.0
98535,11254,0.3591284184375,0.0024315295267501,0.9944840266605378,0.9890285714285716,0.9928399938703678,1.0,0.9679492936783896,0.9378892798090432,0.9591735655569982,0.9763971457414774,0.7554878283464795,0.7557988425627652,0.8279451258929083,0.8164639193708666,0.7816461793480318,42.71507378156503,28.045047290527503,1.5230879569952611,0.5936227951153324,0.5766621438263229,0.0848032564450474,0.0,0.0
108202,10740,0.1990174933745593,0.0006004107205921,0.9900384313875452,0.9802733709439247,0.987632403387847,1.0,0.9623846335039294,0.9274965122710276,0.9521133212806764,0.97214795587281,0.2870897618043563,0.2993362531980386,0.8670583406940193,0.8289188669197421,0.7920752003416235,51.816244289402825,35.18758316190271,1.4725718458977264,0.0373517602016995,0.0373517602016995,0.0373517602016995,0.0,0.0
20699,11303,29.378123173750005,0.6572957110746074,0.6808272778088318,0.5161016949152543,0.7000270572326761,1.0,0.3525389467814449,0.2139892449006359,0.4162597431642544,0.9899588960657664,0.0,0.0,0.0,0.1763476129650291,0.1503580652895839,-2.1764949738397177,-5.368585870499001,0.4054130876065164,23.68519909842224,32.438016528925615,46.39368895567242,0.0,0.0
88589,10975,0.15050194677,0.0004882070354655,0.9836251459062864,0.9677779236120224,0.9789902865574446,1.0,0.9498555056441088,0.9044998195478854,0.9363473328809848,0.965029885620772,0.7391766384479826,0.739527481454994,0.8245587809426692,0.8185117916874723,0.755104116187867,57.83289863036905,36.64276341927909,1.5782897694866829,0.2680067001675042,0.2596314907872697,0.0753768844221105,0.0,0.0
98422,11250,0.1233263840337499,0.0007114805424057,0.9940490019121826,0.9881684135725706,0.9924624424278758,1.0,0.967946911271106,0.9378848063555114,0.9591341491912754,0.974882584685258,0.8073541275401087,0.8087453987800468,0.8536426333602095,0.8447132133098707,0.7996941333597788,33.26979803607465,23.147244766595065,1.437311367791295,0.1125386851730282,0.0844040138797711,0.028134671293257,0.0,0.0
99949,10326,0.2213508400625,0.0010011898768753,0.9819349823032386,0.9645110727060808,0.9780373733664128,1.0,0.9634625552524164,0.9295009650973464,0.9532522586999204,0.9658115671641792,0.0519744665838775,0.0599503077494729,0.8720337455298469,0.7907766908764807,0.5161217350226012,46.0747504273037,36.46210515414445,1.263633853079013,0.1419513580013248,0.1324879341345698,0.0473171193337749,0.0,0.0
20809,11307,10.248874893825,0.0017360769671104,0.9995285242809996,0.9990574929311968,0.9995087673070796,1.0,0.9492129683256754,0.9033352522567764,0.9353767323059974,0.9605412820935826,0.0006774267878606,0.0455076257616307,0.2216973906730712,0.0365249664778286,0.0480444066301418,832.6928664997059,744.4895646837023,1.1184748665395692,11.37521222410866,2.490096208262592,0.0,0.0,0.0
98871,10717,0.2495973185249999,0.0032831107014975,0.9905805425466112,0.9813368815434714,0.9880591927019178,1.0,0.9619045982541756,0.926605200867363,0.9515978625540265,0.974700515392116,0.7927274123154605,0.7936772976359334,0.8504397135794437,0.8288849877703376,0.7760820364778199,41.54291324448717,31.7267762131637,1.3093959803974875,0.2538309673780201,0.2538309673780201,0.0376045877597066,0.0,0.0
94492,11251,0.1545443018499999,0.0014628095696461,0.9825391882072044,0.965677672121781,0.978834305926055,1.0,0.9628776928974728,0.9284128653905092,0.9528338195148172,0.975568253526153,0.7042169180734141,0.7038601948633836,0.7758487569710235,0.7526971749281018,0.7012499847451434,29.943411355966937,23.686982788339908,1.264129400672626,0.7626076260762608,0.7872078720787207,0.1353013530135301,0.0,0.0
82051,9947,0.217543008475,0.0018753771228771,0.9836462186242352,0.9678187228198672,0.9806271170922856,1.0,0.9654558098803168,0.933218531504803,0.9561000849402848,0.9775924122822268,0.7602986401730337,0.7618227186624476,0.8126181980953271,0.8174229835496796,0.778951785450871,51.51270093012708,42.66675487657088,1.2073264319994883,0.4484933426769446,0.4765241765942536,0.2242466713384723,0.0,0.0
126903,10112,0.1432347726749999,0.0005524675637092,0.9997244014919066,0.999448954851034,0.9996522483276148,1.0,0.977869755191169,0.9566977986979144,0.9716856379961244,0.9807369402985074,0.8212611327088348,0.8216698047068733,0.8711635906225884,0.858354349630566,0.7565049195599362,52.4295380100365,42.77161093104089,1.225802275592723,0.0964227171921704,0.0771381737537363,0.009642271719217,0.0,0.0
20326,11192,0.1161293603049999,0.0008232223218204,0.9833220568335588,0.9671912953781652,0.9786941492672664,1.0,0.9483959986202138,0.9018565899101226,0.9345392805809328,0.964701754385965,0.7226421486849292,0.7233181635591777,0.804194776048047,0.8282030129054913,0.756246316081263,67.17188130346652,49.005373959628,1.370704391702114,0.0849040584139921,0.0933944642553914,0.042452029206996,0.0,0.0
114990,10096,0.1673123679632499,0.0014289032343298,0.9954224874542248,0.9908866911938434,0.9941108622834522,1.0,0.9638527958154114,0.9302276664192032,0.953927261467264,0.9714855510998738,0.8245439035057271,0.8270807097687213,0.8771860396183617,0.856028782472698,0.8092221200799642,44.736555135257056,35.416258298683736,1.2631643568321196,0.0865126741067566,0.1038152089281079,0.0259538022320269,0.0,0.0
20949,11422,0.13984970163125,0.0031511986440819,0.977638847540604,0.9562558643672956,0.9713498241359916,1.0,0.9515193106204068,0.9075220175809244,0.9388738860264128,0.9752573097332526,0.7661025895275535,0.767679262047787,0.8381646531733817,0.8212104988543143,0.766713185220902,44.432539030532816,33.4580866160666,1.3280059777595372,0.068212824010914,0.068212824010914,0.0085266030013642,0.0,0.0
112249,10594,0.15439417063875,0.0008404099766974,0.9873356612973304,0.9749880819958684,0.9835370045801396,1.0,0.9562725255695654,0.9162090191133528,0.9447478367433348,0.9767926238751188,0.6435620416561423,0.659936247807035,0.8642683103762359,0.8052116779245792,0.6807416799494985,38.63041374357699,33.52968622286473,1.1521257159046705,0.0173792144595064,0.0173792144595064,0.0,0.0,0.0
125511,10565,0.163620841425,0.0020108700383869,0.9946723702119386,0.9894012068698746,0.9933938952131586,1.0,0.9632502151440137,0.9291057777049044,0.953041418247926,0.9654349909487808,0.0326807169101754,0.0390384984859309,0.8615019501169294,0.7691645235892878,0.5160808975845782,59.39236911500844,42.35369338348132,1.402294920947142,0.1226646537082468,0.1226646537082468,0.0,0.0,0.0
99604,10633,0.21956708943,0.0006848043496534,0.9915893428834988,0.9833189840723204,0.9893978146424476,1.0,0.9630201192487964,0.9286777276249276,0.9527535202236848,0.9655548688220628,0.1838074863639929,0.1832383703715567,0.8404511860292697,0.728579607657689,0.5694184563947812,75.68153692866707,52.60688622199914,1.4386241491141245,0.0,0.0,0.0,0.0,0.0
105176,10571,0.0955813022274999,0.0004728171849368,0.989291524393514,0.978809961794255,0.9864785067217748,1.0,0.9697710531723552,0.9413160600452396,0.9613384731359528,0.9704927069199456,0.805305547757758,0.8052161171125015,0.8454364831148525,0.8376200612326175,0.7677604415592841,50.63111580339772,38.27043268176397,1.322982580950115,0.2773801002147458,0.2684323550465283,0.1252684323550465,0.0,0.0
129886,10787,0.1060690874537499,0.0006915212344476,0.9887730706703644,0.9777954304735966,0.9860733609958672,1.0,0.9671132609329726,0.9363207255487992,0.9580106313496832,0.9712010878163712,0.5606473294490367,0.5728376520261895,0.8464694107125308,0.8248931773521001,0.7272052005479137,59.369221783494616,43.40398055724832,1.367828964562103,0.0831178426302179,0.0831178426302179,0.0369412633912079,0.0,0.0
20120,10939,0.2000904954749999,0.0011693858287215,0.9986128748656832,0.9972295926330575,0.9982778003653924,1.0,0.9764859955219468,0.9540524030444616,0.9699123931247822,0.9800881953867028,0.0085310679721884,0.010957050319639,0.8570566808993124,0.6437090396058319,0.3085127976073226,58.25310270819093,40.022752938935454,1.4554996453409978,0.3183405216676935,0.3286095707537482,0.0718833436023824,0.0,0.0
107055,11231,0.2439727132749999,0.0009645759859783,0.9955710596966432,0.991181177431986,0.9943155518491098,1.0,0.9591537702388802,0.921513421304328,0.948212837774656,0.9751185145591084,0.5416907180460905,0.5562539780230134,0.8622705651344944,0.7852201936633048,0.705813691497049,42.416249754863024,36.24737314151034,1.1701882392765204,0.0656722018951121,0.0656722018951121,0.0093817431278731,0.0,0.0
129552,10976,0.1068263752523474,0.0006225723590872,0.9968344412788858,0.9936888608393816,0.9959657474424256,1.0,0.9744578824527902,0.9501880671496964,0.9673469813288396,0.975244202837,0.7868716087775716,0.7881477619479289,0.8392207247419932,0.8249458565813047,0.7707521725144433,25.825917560694773,18.91707259727332,1.365217447250125,0.5173822274666425,0.4810747027321412,0.1543069801216302,0.0,0.0
87135,9969,0.0945245845387499,0.0008593756246231,0.9928876708753384,0.985875797725874,0.990759643779873,1.0,0.9633379032137702,0.9292689548505988,0.9532192398466544,0.968847164980508,0.7868911427715317,0.7868876583732514,0.8499666344510047,0.8673048694535407,0.8207221047984761,53.417958374710246,40.23301660287459,1.3277144714744955,0.0401155327342747,0.0401155327342747,0.0,0.0,0.0
95116,10891,0.16112741163825,0.001863366276476,0.9889718207964991,0.9781842298160496,0.986028098335016,1.0,0.9612304953353008,0.9253549425727252,0.9509685255383682,0.9799513652102662,0.7149204380266875,0.7176068391604605,0.862434116497554,0.8302214443633132,0.7379091035817695,52.56034720597034,47.139189412885536,1.115003203504448,0.0,0.0,0.0,0.0,0.0
132179,10780,0.1802362935724999,0.0012687280587984,0.9947840260798696,0.9896221825847252,0.993603009704538,1.0,0.9738351608825244,0.9490046079926534,0.966518380003916,0.9815340909090908,0.252376635692384,0.2662200954538423,0.8650878556059208,0.816518030087019,0.6716723181667815,48.94754345646995,36.06368388455692,1.3572530086819588,0.3135123837391577,0.2821611453652419,0.1672066046608841,0.0,0.0
21085,11456,0.1243070491656249,0.0003765230446961,0.994799465455892,0.9896527421834956,0.9932078712322244,1.0,0.9564692438714129,0.9165702479338844,0.9448192750623418,0.9729789007325526,0.781661540954074,0.78376155843017,0.852540782990829,0.8239894950293404,0.7190079504518335,58.02464420120879,41.95804379417908,1.382920626277116,0.0907890392868933,0.0990425883129745,0.0082535490260812,0.0,0.0
130687,10385,0.1203864594499999,0.000816138125982,0.9825995807127884,0.9657943540078302,0.977982965397266,1.0,0.966489673496806,0.935152410878034,0.9573223679279914,0.9753408924083972,0.7931929906238531,0.7944883016584102,0.8400283342098591,0.8150674811849362,0.7436719472431442,63.06373064670599,49.034234891976375,1.286116338628245,0.2560204816385311,0.2480198415873269,0.0800064005120409,0.0,0.0
109735,10671,0.3039292393162499,0.0013803916006616,0.9922011454567612,0.9845229938333804,0.9904433305226884,1.0,0.9745822043703296,0.95042450845304,0.9674813098674124,0.9768529511533244,0.8660868725113601,0.8657904649469058,0.8850439630255812,0.8740667017754254,0.8438226117075348,55.134721655921965,50.45707418144633,1.0927054838267982,0.021269807508242,0.021269807508242,0.0,0.0,0.0
103679,10110,0.1925383102324999,0.0021910473682241,0.993626644736842,0.9873340143003064,0.991834542436495,1.0,0.9687811266265828,0.9394524786551064,0.960175729575246,0.974662140413972,0.7826003871431998,0.7871925211485383,0.8560394104603347,0.8457358906445759,0.7898240445231343,53.04571235666536,41.23211426535238,1.286514487597839,0.2100456621004566,0.2100456621004566,0.0365296803652968,0.0,0.0
20362,11149,0.1684532211974999,0.0013718692038055,0.988956916951508,0.9781550692870676,0.9862372740660486,1.0,0.962782320475198,0.928235547350382,0.9526977019464498,0.97503337145143,0.0471855959878863,0.0565340245523873,0.856310304579412,0.7364360037110766,0.6880537062744996,68.05763309709775,44.61142466437045,1.5255651127289136,0.1636031180829564,0.24059282071023,0.0192474256568184,0.0,0.0
87445,11153,0.26889652225,0.0017103863854848,0.998041506322155,0.9960906690442716,0.9974856710915894,1.0,0.9627135622460904,0.928107731101454,0.9525202628859104,0.9720471658151576,0.3547331750756211,0.3599985573290353,0.8571073914348609,0.7619612894626079,0.6052305013865513,72.89082978611692,57.46700560292912,1.268394429488103,0.0097399435083276,0.0097399435083276,0.0,0.0,0.0
93856,10352,0.15806459927125,0.0005795569232559,0.9936471859455632,0.987374578844089,0.9920431729942614,1.0,0.971708717271336,0.9449741854203206,0.9638100991947798,0.9732064111261872,0.8032036403211242,0.8053209873704448,0.8617111156246609,0.8614681967935022,0.8230828549872146,58.9915160041887,47.00345261840942,1.2550464427177852,0.0557103064066852,0.0649953574744661,0.0278551532033426,0.0,0.0
98831,10084,0.14862741715,0.0020851971363448,0.998765289192422,0.9975336236463832,0.9984621595646136,1.0,0.974804392776342,0.9508472196990966,0.9677689697060669,0.9765052578018996,0.7778356895622717,0.7793258372353468,0.8463851577401351,0.846671753678318,0.778995437116153,51.59939560274204,37.26784935364981,1.384555226492797,0.0313741895001045,0.0418322526668061,0.0104580631667015,0.0,0.0
112028,11225,0.1607378896999999,0.0008016312955389,0.9936085328122456,0.9872982484527324,0.992165230100953,1.0,0.9709153591011198,0.9434747352297952,0.9627753832304562,0.976814789687924,0.8268054076632914,0.8282314001363106,0.8714275952271783,0.8516084603365245,0.8079892223944397,68.96057280662089,53.77500363538992,1.2823908534566268,0.0589506779327962,0.0589506779327962,0.0196502259775987,0.0,0.0
122801,10670,0.164339119906125,0.0008740203209326,0.994150057819196,0.9883681612226956,0.9924866093609612,1.0,0.9728370477078214,0.9471107242885604,0.9652596327054724,0.9735795454545456,0.755805462579699,0.7556933702438325,0.818229630873574,0.8323374991738602,0.7208568822316169,53.17402038667708,40.35464343315012,1.3176679525062098,0.4719978215485159,0.4719978215485159,0.1633838613052555,0.0,0.0
116019,10078,0.1735905981676249,0.002051567536974,0.985888718286174,0.972170151405912,0.9823242167809152,1.0,0.9620935792570212,0.9269559952893562,0.9519052567610106,0.9767715210808496,0.8092564721582871,0.7999959565765723,0.8431092389327716,0.8248627323837419,0.7739912560070273,43.27107708731349,34.94012556689983,1.2384350767275405,0.1179941002949852,0.127826941986234,0.0,0.0,0.0
85173,10069,0.1728137774374999,0.0012022678797108,0.9990950226244344,0.9981916817359856,0.998816092854555,1.0,0.9698299576493468,0.941427063280134,0.961510759389182,0.9755257355149248,0.7819246516149837,0.7832523462927078,0.833167659579856,0.8255322198514164,0.7566238131460414,34.632719306982324,24.90265715977076,1.3907238526710348,0.3157210511653821,0.2878633113566719,0.0650013928869904,0.0,0.0
129405,10136,0.2374650982125,0.0006242751865927,0.9879003068013376,0.9760899182561308,0.9845807630967424,1.0,0.9602869587496796,0.9236076885165106,0.9493576520020304,0.9671426113882676,0.7880623757028351,0.7901999918096112,0.8608554586935554,0.8590187958990031,0.8139132805097256,59.42150517907981,43.67067307434935,1.3606729870619272,0.12460541618209,0.1162983884366173,0.049842166472836,0.0,0.0
84973,10075,0.2890009055,0.0025883987642442,0.9987731592189808,0.9975493250259604,0.9984986540751606,1.0,0.9777927435682398,0.956550383903007,0.971595840911974,0.9788458276797828,0.8136134285743944,0.805168612490486,0.8774823733714695,0.861570858095572,0.8183493564238377,44.89154112909296,38.77082519343389,1.157869116922888,0.1666111296234588,0.144396312340331,0.0,0.0,0.0
118864,10127,0.1653813905624999,0.0017466974461777,0.9900051343487934,0.98020808621683,0.9872203911200876,1.0,0.9721419218800484,0.9457939209449874,0.9644088369603814,0.9746777713369932,0.8150621441087719,0.8156376769485905,0.8530332412548092,0.8424817504031525,0.7811400398803027,72.57987764348553,56.75121511782015,1.2789131914233691,0.0341296928327645,0.0341296928327645,0.0,0.0,0.0
128154,10572,0.5382376004,0.0014682379102747,0.9999604179860672,0.999920839105482,0.9999509681069452,1.0,0.9793854284827092,0.9596036112111466,0.9736238139432422,0.98296302578019,0.0005460188468283,0.0102658698892783,0.8538208373332433,0.5550723017970352,0.4906189846281346,95.43266487031131,84.79783111728177,1.1254139830336083,0.0426712182632814,0.0213356091316407,0.0,0.0,0.0
95057,10778,0.2640759953124999,0.0027980433546464,0.9782120346339228,0.9573532550693704,0.9739355171799912,1.0,0.9561972800826304,0.916070883737806,0.944393763767848,0.9707357567284166,0.0424438392668073,0.0458048165751849,0.8299967941078915,0.7644944588454158,0.5666552943791336,53.02321008459391,37.53418953262647,1.4126643133856311,0.3121864198907347,0.2787378749024417,0.0891961199687813,0.0,0.0
21059,11445,0.1327460875999999,0.0012356528402144,0.984961763574999,0.9703691232795992,0.9818578052258656,1.0,0.9483081836945972,0.9016977873099812,0.9343550859471602,0.9629424029303388,0.0015858209001024,0.0017128126101037,0.7994117975187451,0.6776397698181449,0.6220498171344052,80.28839242641031,54.93858976791741,1.4614207020162078,0.5994005994005994,0.5661005661005661,0.3441003441003441,0.0,0.0
99964,10105,0.15712833153625,0.001584008548346,0.9847324036818608,0.9699239956568948,0.9809149914970094,1.0,0.9671669753495672,0.9364214275360818,0.9581785996812112,0.9757268984801802,0.8050471321898162,0.805418120273467,0.8568065867637799,0.8522015144760932,0.8115396043357119,41.03655503695798,31.70117431636486,1.2944805964419426,0.0860338399770576,0.0860338399770576,0.0382372622120256,0.0,0.0
106246,10593,0.2089232118,0.0057795220145809,0.9970378002447036,0.9940930979133228,0.9961254456338844,1.0,0.963701357078642,0.929945594024844,0.9537809252766674,0.9730742629895393,0.7871929561933151,0.7869871255135181,0.848442794062888,0.8254266590496511,0.7445516051705461,55.43350963389883,39.64107037143168,1.3983857931810126,0.2764101235207739,0.2764101235207739,0.0518268981601451,0.0,0.0
125535,10150,0.1201252511874999,0.0003208771457383,0.9986772217586846,0.9973579383789936,0.9983733881911092,1.0,0.9809614208272692,0.9626342327722536,0.9756413764268952,0.9859735413839892,0.8533132104070562,0.8534188542692231,0.8874063626213031,0.8713413455373271,0.8429479053898299,41.93727362302784,31.63947974690972,1.3254729204933886,0.1404949746028315,0.1621095860801902,0.0,0.0,0.0
84354,10315,0.2784088202757143,0.0008776887082094,0.9909476954945624,0.9820578091640664,0.9889654705111028,1.0,0.975222236894783,0.9516426604922869,0.9683183384551768,0.98638907734057,0.6493284309980227,0.6680688902140034,0.8480852752683435,0.8495189860782962,0.8336421310487824,43.24828470516724,35.87286198426343,1.2055989489809658,0.512766848053579,0.512766848053579,0.2406864796986186,0.0,0.0
20325,11128,0.1069107705474999,0.0012210421067926,0.98100109609061,0.9627106489781284,0.976873509806498,1.0,0.9422335374002356,0.8907765283883428,0.927527166900166,0.973044275691963,0.7844424978569583,0.7845935447467565,0.8466117452596048,0.8306997142210748,0.7784150421215654,41.56069211715258,27.96776595601777,1.4860211638824172,0.2103786816269284,0.2304147465437788,0.0100180324584251,0.0,0.0
122528,10697,0.20021811525,0.0023430814326275,0.9732710747295402,0.9479338224285072,0.9671942232107528,1.0,0.9518998261596978,0.9082145484928978,0.9395358964902708,0.9788487558355212,0.7418990294700429,0.7419198756340801,0.788263084840119,0.7837322507068567,0.7237964191147512,39.88008939378051,33.46899738535939,1.191553153941372,0.7878323667797351,0.7878323667797351,0.2954371375424007,0.0,0.0
80688,10982,0.1066467019499999,0.000984649751461,0.9887267392479344,0.9777048178972284,0.9860480407987328,1.0,0.9640925815008128,0.9306744640342292,0.9542622969066048,0.972832844068382,0.7823754756378898,0.7860968012910898,0.8375138707845091,0.8387772909738292,0.7827140521580703,55.786990491428135,43.39162609438979,1.2856625923645892,0.0521593991237221,0.0625912789484665,0.0,0.0,0.0
97092,10279,0.12700852599175,0.000343270466004,0.9999390454517748,0.9998780983340104,0.9999249589316386,1.0,0.9797772880808656,0.9603562796968252,0.9741588095102166,0.9907013229308004,0.6923361250909982,0.7009155272068625,0.8822880790161131,0.8722998648185029,0.8319536188492982,54.0596813057783,41.28450998642458,1.3094422417404137,0.0735835172921265,0.0840954483338589,0.0210238620834647,0.0,0.0
80557,10863,0.1598098100249999,0.0009975862945115,0.9858461806462852,0.9720874307553572,0.9829854396881332,1.0,0.970416199637353,0.9425325061403904,0.96214001966123,0.9746523066485752,0.6486642536949175,0.6551089184588875,0.8411020795492424,0.810949508195633,0.5842129171293948,62.35444924411375,51.50492814275508,1.21065015509365,0.4680708793045804,0.4569263345592332,0.2006018054162487,0.0,0.0
105767,10708,0.1859223022925,0.0007059292349434,0.9881278538812786,0.9765342960288808,0.98555922555201,1.0,0.9696016593997376,0.9409969146833956,0.961113695998156,0.971205054274084,0.5751966895975517,0.5896436071500278,0.8655950648200839,0.8256412998875104,0.6227091397554452,51.72654673803032,40.849143814816,1.2662822744223363,0.1284796573875803,0.1284796573875803,0.0214132762312633,0.0,0.0
129720,10607,0.0964666030224999,0.0008512398376234,0.9858253888610136,0.9720470006184292,0.9828102755009248,1.0,0.967919265378406,0.93783289708754,0.959205991351283,0.9789658118546082,0.7742060326675746,0.7766861249037057,0.8284446595750885,0.8053079432356745,0.7167114401351898,42.436937429319634,33.98347707360562,1.248752072585288,0.0991954149674859,0.0991954149674859,0.0330651383224953,0.0,0.0
83999,10099,0.1569279996762499,0.0014750933528688,0.9994887198824056,0.9989779623123602,0.9993285893432566,1.0,0.9648116180766416,0.932015500680216,0.9551178950753328,0.9710921828623464,0.7830865968528576,0.7843101009671649,0.8436207009869445,0.8259238050618074,0.7563204103925243,42.10631365130688,30.743552907432235,1.3695981651205873,0.4024144869215292,0.3761700638614294,0.0787332691802991,0.0,0.0
20197,10999,0.2213906408625,0.0010586344963177,0.9937200140422048,0.9875184122800216,0.9922233192070689,1.0,0.9666058207376572,0.9353699102772574,0.9573945284125128,0.9722784679799574,0.7631260223331585,0.7621019544451898,0.817322911824229,0.7961709169762201,0.7096488233376849,78.19873699566692,58.24400610490943,1.342605741349847,0.1773604590505998,0.1773604590505998,0.0417318727177882,0.0,0.0
127305,10152,0.2504457157999999,0.0024119164957973,0.9962548537554856,0.9925376550840086,0.995519321894092,1.0,0.9753211431440646,0.951831041129006,0.9684652102365332,0.9883480325644504,0.844409799469712,0.8447336204691563,0.8973263620696788,0.8905054478903871,0.865928713290796,41.38884610169761,31.25209165329839,1.3243544323641894,0.0337116529947185,0.0898977413192493,0.0112372176649061,0.0,0.0
126389,10855,0.1667623501392499,0.0011753834651228,0.9908020665706784,0.9817717949578704,0.9881985493400112,1.0,0.9537186127870356,0.9115316629377372,0.9413073802644888,0.9699363828080128,0.7418078853759968,0.7480931101909606,0.8111604758331621,0.7875919494298121,0.7282577586796035,71.18329099882895,46.034581183435776,1.5463003935059632,0.1600269519076897,0.1431820096016171,0.0,0.0,0.0
125554,10058,0.1674661745374999,0.0019243100790805,0.9996538994000924,0.999308038288548,0.9995683337693148,1.0,0.9749537483279048,0.951131470153198,0.9679599120926023,0.9842944369063772,0.7637923448125301,0.76263621580227,0.8639598743612712,0.8756750653828004,0.8324486823650571,53.65598273076931,40.19248048490994,1.3349756492614129,0.2801120448179272,0.326797385620915,0.0280112044817927,0.0,0.0
113111,9958,0.210570985082857,0.0009273925743766,0.9903737142621566,0.9809309922417312,0.9882568959318464,1.0,0.9769548896099765,0.9549480073635505,0.970535132760136,0.9773072516654644,0.5713181327432048,0.6681996017772462,0.8880273480925872,0.7320350720123809,0.7477326486748597,172.83132043846635,136.7423753344033,1.263919249726411,1.5309246785058177,0.2347417840375587,0.0,0.0,0.0
93278,10148,0.0763129202174999,0.0009049914147248,0.9992453914980776,0.998491921005386,0.9990424464787012,1.0,0.9778791643522544,0.9567158111325904,0.971713911481416,0.9778833107191316,0.8174045373032858,0.8171998995018868,0.869488526155434,0.8598636567321859,0.7924377952677244,38.838284817405736,31.751789053707537,1.223184140953807,0.0971439673596269,0.0971439673596269,0.0097143967359626,0.0,0.0
20461,11193,0.1138147401525,0.0006349551559943,0.999889425380561,0.9997788752119112,0.9998605725732296,1.0,0.97456689855464,0.9503953960341016,0.967453830803066,0.978930630936228,0.045493878819873,0.0479411751727889,0.863753974102222,0.7324148124120792,0.593903355460227,71.74260250617122,41.877325460386025,1.7131610416246936,0.1358300184340739,0.1358300184340739,0.0388085766954496,0.0,0.0
21056,11447,0.190226349965,0.0009055389266685,0.9940498848041672,0.988170158527842,0.992677324321268,1.0,0.9667958788126084,0.9357259219035396,0.9575747823427072,0.9691355920648989,0.8189054633119925,0.8194370693141241,0.8585134209040918,0.8362093158939811,0.7699292701468594,51.32882139166149,45.77623103895166,1.1212985478858024,0.0670465973851827,0.0838082467314783,0.0,0.0,0.0
131867,10669,0.1246732648499999,0.0016823196484237,0.984158720393725,0.9688115064345192,0.9804299840253916,1.0,0.9501363993616554,0.9050093733928364,0.9372614165498384,0.9764266824180102,0.7768999873016861,0.7768088638627095,0.8237347479432698,0.8140150860883395,0.7341891729909699,55.35459606424675,38.96079856319912,1.4207767321415374,0.1055459604682402,0.0959508731529456,0.0287852619458837,0.0,0.0
139272,10109,0.1878634766824999,0.0013104267188061,0.9942562732563688,0.9885781504951998,0.9928467989352814,1.0,0.9745640818592444,0.9503900386347416,0.9674535942951769,0.9825559701492538,0.8056274209170046,0.8092616077569686,0.8720161706321069,0.8655965315168666,0.8328675648794351,57.032483818576914,42.56219907254814,1.3399797252337426,0.0762049914269384,0.0666793674985711,0.0,0.0,0.0
90021,10830,0.3945232899,0.0042056919646587,0.9753086419753086,0.9518072289156626,0.9695706972218364,1.0,0.934954025328106,0.8778532078074235,0.9192166118145751,0.977543164868516,0.7184343157128519,0.721202976778014,0.7604637564337947,0.7681734888219738,0.7249272394587499,51.38791393794398,40.47334046599071,1.2696731563613994,0.8627116838853979,0.8733624454148471,0.5325380764724678,0.0,0.0
114713,10107,0.156475374875,0.0014470804164528,0.9993940618056958,0.998788857488898,0.9992167942609322,1.0,0.97466636555318,0.9505846027171676,0.9675811595504572,0.9790408751696064,0.7896428672184886,0.7946824814526835,0.8663796843489678,0.8612941407284255,0.8081101214426679,53.03816543763676,42.56751111273835,1.2459776024294045,0.2245882548660788,0.2245882548660788,0.0332723340542339,0.0,0.0
109521,10682,0.1495703105149999,0.0008068547265866,0.9914718888186986,0.9830880050109616,0.9897887944891026,1.0,0.9726395831274276,0.9467364784096678,0.9649869545480498,0.9806012550881954,0.1896547837249206,0.2021931059286902,0.8880043919216534,0.8025629050391999,0.7223153571288081,56.24048614173808,43.0731409050703,1.3056973547781792,0.075268817204301,0.075268817204301,0.032258064516129,0.0,0.0
129926,10111,0.2747526923375,0.003067120982956,0.9948387556061792,0.9897305145366336,0.993452172167007,1.0,0.9757014075597028,0.9525556461375034,0.9689055730475924,0.9809659090909092,0.7725348558806707,0.7732995314672662,0.850804217289062,0.8442518474018591,0.7805228295089652,57.64364226568114,41.660675462476576,1.383646367366278,0.1917913310318373,0.2205600306866129,0.0383582662063674,0.0,0.0
121085,10015,0.1259200146649999,0.0004752806455022,0.9969986161283946,0.9940151949541284,0.9961971511951004,1.0,0.975262979300984,0.951720255637604,0.968371694539553,0.9755940257976918,0.8146656196312635,0.8156753817297029,0.8630652840050376,0.8551581867962069,0.8175983493641245,50.31757612127139,37.99477490517388,1.324328838553521,0.0356792436000356,0.0445990545000445,0.0,0.0,0.0
127611,10445,0.4476751647,0.0032867545840617,0.9917735544960044,0.983681353448563,0.989411028779092,1.0,0.9654308638650576,0.933171916834694,0.9559476980197412,0.9733487333752812,0.011526606595114,0.0150391196334834,0.8715881387687842,0.7676554409876242,0.6929982030435584,65.46620360836832,44.05857946230168,1.4858900220417657,0.0689021589343132,0.0995253406828969,0.0,0.0,0.0
86924,10035,0.2017052167499999,0.0018920775706572,0.9588324796948332,0.9209204676436687,0.9511286226139996,1.0,0.9383507934130416,0.8838614370840042,0.9231381081422404,0.9764013422080422,0.6797905326416169,0.679429867141384,0.7532169190538185,0.7977570863268421,0.7500676314229341,38.67352051569703,34.76143100891037,1.112541094921664,1.0096623602214745,1.0096623602214745,0.6513950711106286,0.0,0.0
93723,10956,0.3847823968749999,0.005317380557857,0.9989816518678648,0.9979653756915938,0.9987060198913972,1.0,0.9754870119632464,0.9521470428916138,0.9686379755543648,0.9838152985074626,5.74706951510429e-07,2.547154859360836e-07,4.3744846050663386e-05,0.0793121879055257,0.0674169808132523,43.35305128646492,64.38409081423268,0.673350368673395,45.01953125,45.26811079545455,42.48046875,0.0,0.0
93292,10145,0.2082993914674999,0.0008830975460399,0.999896764602647,0.9997935505181882,0.9998733765380792,1.0,0.979306635742167,0.959452339003145,0.9735380235429772,0.98827170963365,0.8151860606057869,0.8154628948644744,0.8821990584231975,0.8624548600539454,0.8243040504186785,54.251387667515615,42.27164300002768,1.2833990783722338,0.1741970604246053,0.1850843767011431,0.0,0.0,0.0
85083,10577,0.1239280979149999,0.0007137569556241,0.9959156716547612,0.9918645710724918,0.9947807728766264,1.0,0.9761236636103552,0.953360898106432,0.9694463692565374,0.981584972862958,0.7167157173491543,0.7298294499089019,0.8783647110144244,0.8426913377353318,0.7911771228030225,50.81943373668008,36.99038396951023,1.3738552640753503,0.1813565469713456,0.1904243743199129,0.0090678273485672,0.0,0.0
94848,10121,0.143033443822875,0.0024757365393542,0.9985989869598016,0.9972018941024536,0.998299158088013,1.0,0.9799986536746268,0.96078172563707,0.9744168861667334,0.9876611261872456,0.8674386618377805,0.8677392341235561,0.8955353489931066,0.8845824059220934,0.8574163633625325,44.048474129895645,34.62125732115648,1.2722956223481332,0.0776139261558931,0.0776139261558931,0.0,0.0,0.0
89377,10624,0.1240895999449999,0.00090206629152,0.9839408904135408,0.9683894186175936,0.9800660484611968,1.0,0.9658045008873448,0.9338703385539868,0.956537639413809,0.9777282463709556,0.8020683167873577,0.802261440516978,0.8428552214435918,0.8278376196055823,0.7673720131183279,43.342377764580974,31.89877367330048,1.3587474618454969,0.0993245927691696,0.0993245927691696,0.0099324592769169,0.0,0.0
92927,10417,0.1027605252599999,0.000590382429581,0.9983074702916496,0.9966206602162776,0.9978486546395888,1.0,0.9744161785109496,0.9501087654602332,0.967309553740522,0.9765554131230064,0.7837169010061806,0.7854180566440375,0.8459693470404228,0.8374622444001938,0.7357311861566064,36.39466815920099,28.48439033669992,1.2777057093024489,0.2188183807439825,0.2188183807439825,0.0761107411283417,0.0,0.0
116354,10643,0.7073154081250002,0.0089495894801836,0.973118596739622,0.947644580620452,0.9671925121298132,1.0,0.9553770802726462,0.9145664547758529,0.9437360890743074,0.9784422407623892,0.7732788295368462,0.7747173825159799,0.8171104492985541,0.7909117151489463,0.7253211117532785,65.33146046039023,57.15667209565319,1.1430242186083948,0.0850753524550316,0.1215362177929022,0.0,0.0,0.0
90281,10147,0.1568137556637499,0.0013692407001379,0.9966302536567302,0.9932831414230884,0.995764797889416,1.0,0.973286129467382,0.9479623850435374,0.9658842869572766,0.9767399157905524,0.805548558531106,0.8081432837905779,0.87159970094478,0.8561948075455029,0.8133062925864442,33.24961521997394,25.63876612640312,1.2968492733249388,0.1837109614206981,0.2041232904674423,0.0306184935701163,0.0,0.0
114709,10275,0.1060489948499999,0.0011997900215512,0.9865177502991624,0.9733942065491183,0.9834665070643056,1.0,0.9716079077990072,0.9447835267962296,0.9637215005518832,0.9737929330789152,0.7388443985482033,0.7392815706426253,0.804110933262576,0.8329053987633022,0.7678227656679248,57.297534828253504,46.857507491994745,1.2228037276212858,0.8144512895478752,0.8040096063485433,0.6056176255612404,0.0,0.0
116051,10098,0.1588118816124999,0.0039787895830495,0.9958409981604416,0.991716447630426,0.9948736371815712,1.0,0.9774005595170484,0.9558000139873374,0.9710877068752938,0.9851297489823608,0.796837586029104,0.7970138516702708,0.8477069818562053,0.8376159309855766,0.775958124279029,67.25236970237889,52.09747237425455,1.2908950595386957,0.1479602621010357,0.1585288522511097,0.0422743606002959,0.0,0.0
96659,10362,0.1481784200587499,0.0011584206222065,0.9983535640495868,0.9967125406903664,0.997846374035602,1.0,0.9766891387657372,0.9544403130713448,0.970178804178019,0.98501526458616,0.0274013151930779,0.0337770732704212,0.851715687702559,0.7035083227304082,0.3422348451780641,77.07453737468828,52.45868493142434,1.4692426521069402,0.0155557283969821,0.0155557283969821,0.0,0.0,0.0
121670,10158,0.0963262277113749,0.0005918779555535,0.9904002671230018,0.9809830914878664,0.9883214339701728,1.0,0.9737826608963904,0.9489048993724658,0.9664491855118014,0.9784133310719132,0.8208980631144726,0.8219801495859426,0.8723631266849741,0.868399199699133,0.8335257022892767,49.72976651313731,38.17367906298534,1.3027239640980055,0.0718612052150703,0.0718612052150703,0.0307976593778872,0.0,0.0
20151,10947,0.1754163447374999,0.0015900124063273,0.9875434896255836,0.9753934904921302,0.984323529876086,1.0,0.9563731121634116,0.9163937067067603,0.944683684181324,0.9725623254733315,0.0027130388517556,0.0041623825435918,0.8563672333198749,0.6824444963487056,0.6008593783476385,79.55205196193728,43.433132009473,1.8315983278522616,0.0990634005763688,0.1080691642651296,0.0,0.0,0.0
117226,10074,0.33766725887,0.0012219282992331,0.9963894059339328,0.9928047908473364,0.9956587909665142,1.0,0.9771216844086338,0.9552667893284268,0.9707379972320122,0.9862449118046132,0.7377900138981355,0.7405843529513517,0.791914600377575,0.8421949008566118,0.794132550434981,53.76541958454428,46.48526659451274,1.1566120520193146,1.5916706558161802,1.6156055528961224,1.1488750598372426,0.0,0.0
106039,10626,0.1762437666125,0.0010470014938803,0.9823170840071798,0.9652486728136352,0.977733807188159,1.0,0.9530641427061838,0.9103367088502656,0.940791191280909,0.9759713451513844,0.2284910434163198,0.2690199829478623,0.8407421910428482,0.7433845021989687,0.4848853999060997,49.29742562381384,37.59696860465711,1.3112074577658213,0.046373585605639,0.0556483027267668,0.0,0.0,0.0
88209,10057,0.217108447235,0.0012198867969421,0.999847251620224,0.999694549897456,0.9998149088342744,1.0,0.9777123721210246,0.9563965614545932,0.9715460849372446,0.9916044776119404,0.8290500620088711,0.8235334113549707,0.8843941852698247,0.8649056988318229,0.8164218616085703,64.59549292705805,49.50650623610811,1.3047879529003124,0.0617970584600173,0.0741564701520207,0.0,0.0,0.0
112061,10056,0.1299777866693749,0.0006092864201935,0.998169068952084,0.9963448302679162,0.9977257450797122,1.0,0.9784818082259736,0.9578701741245416,0.9724770922258796,0.98689789687924,0.8151313413512268,0.8150871984020431,0.876334481355079,0.8691434916145202,0.8387251146149641,49.61966991110543,36.88393891428815,1.3452920531728705,0.1867505405936701,0.1867505405936701,0.0393159032828779,0.0,0.0
130759,10137,0.1655936535187499,0.0012458364972926,0.9986971183323116,0.9973976272483736,0.9983745564959848,1.0,0.9782448439358654,0.9574161071074272,0.9722055143502932,0.990306987788331,0.8140168146798628,0.8139785061686066,0.8726672570499758,0.8733080929801458,0.8355427103143659,59.10372105514684,46.97816987502748,1.2581103353403518,0.0991974028316349,0.0991974028316349,0.0,0.0,0.0
91717,10878,0.3556436277875,0.0023867963843625,0.9880833987612316,0.9764474637056452,0.9848640511348862,1.0,0.9482996910892462,0.9016824308736776,0.9346479680436176,0.9694218316783446,0.7302195781400272,0.7537224933233542,0.8539590499051446,0.8403804452912538,0.810351736344967,37.46070981208136,28.19526497231089,1.328617051440005,1.1235955056179776,0.8814413018209997,0.0581170089112747,0.0,0.0
87646,10496,0.221944373475,0.0011084451336097,0.9943051549441608,0.9886748051183998,0.9928504307362158,1.0,0.9681849227354222,0.9383318232780198,0.9594297338360868,0.9747593261131168,0.8213980046189101,0.824329225128518,0.8766276349044693,0.8586745284327459,0.7849773296090735,53.45954540581918,41.8007044399684,1.2789149398808457,0.0293226468575896,0.0293226468575896,0.0,0.0,0.0
20888,11364,0.1661841130374999,0.0007220937986375,0.9920151044329938,0.9841567158354796,0.9901423834385776,1.0,0.9661255782079836,0.934470916238934,0.9568857240572126,0.975990827275874,0.7922142154173485,0.7921093011116527,0.8288997837781152,0.8042332136328576,0.7072253248169104,67.19536197734098,53.63111302830136,1.2529175357945996,0.0900360144057623,0.0900360144057623,0.0,0.0,0.0
90262,10131,0.1439241002962499,0.0006643581898049,0.9989724619810934,0.9979470334633546,0.998739047694992,1.0,0.9801758026690962,0.9611223240578368,0.9746355482581696,0.9853459972862958,0.8305419160859192,0.8305931481061023,0.8671751566663998,0.8540633334790497,0.7878862121678226,45.6405188456892,34.79297133235266,1.311774105457036,0.0541008439731659,0.0432806751785327,0.0108201687946331,0.0,0.0
106802,10856,0.0855639909212499,0.0002163355530424,0.9886960623261716,0.9776448261442954,0.9853405258942198,1.0,0.961470291612128,0.9257995065972984,0.9510112450316408,0.973269907467744,0.8021754690930356,0.8021321087086615,0.842567685110136,0.8296537421264478,0.7625990664515859,61.86385158577878,47.04107477319908,1.315102851795911,0.1685487948761166,0.1685487948761166,0.0252823192314174,0.0,0.0
87804,10026,0.1569697691249999,0.0015433044358761,0.9966725992416622,0.9933672682400124,0.9958638756986984,1.0,0.9716190271010094,0.9448045546409032,0.9636822399204732,0.975267130257802,0.7763355234540633,0.779004643096698,0.8391284311963623,0.8334695556381876,0.7782569920611093,59.4566168128862,43.79869145645291,1.3574975606748725,0.1773573751108483,0.1576510000985318,0.0394127500246329,0.0,0.0
117397,10582,0.4330691884637499,0.0027525695311863,0.9902951555983316,0.9807768686948924,0.9880862904701384,1.0,0.9717041308396908,0.9449655103965064,0.9638537292228504,0.9745304423480442,0.7525992794308389,0.7501351904200576,0.8342346634655519,0.8283361731174838,0.7970330754007847,41.04054856905906,31.8527400689656,1.2884464093261865,0.448907265209687,0.5788541051388069,0.0590667454223272,0.0,0.0
20322,11139,0.1478592442774999,0.0006857108653378,0.9934324107857968,0.9869505251617924,0.9916755375509868,1.0,0.9541412667812916,0.9123041539700596,0.9421868670829074,0.977588170397523,0.7819675957992819,0.7829904720689214,0.831102045428917,0.8058874870296884,0.7196776154142498,81.11556661436391,58.61551116744756,1.38385838490157,0.13420245398773,0.1246165644171779,0.067101226993865,0.0,0.0
112332,10640,0.1546470894874999,0.000829385820047,0.9927751465039736,0.9856539411811588,0.9911191035482076,1.0,0.972254463052009,0.946006991126647,0.9645537770100074,0.9748697661332264,0.808318258603863,0.8047101649171697,0.8585924142691462,0.8386776139540355,0.8039776826589257,22.42412934086107,18.60989711245544,1.204957190539909,0.3423444693660725,0.3895643961751859,0.0826348719159485,0.0,0.0
20940,11401,0.31854631,0.0010985683628115,0.989644474257924,0.9795012241171832,0.9874202206422968,1.0,0.96663369350175,0.9354221125879018,0.957305448691764,0.9695683514246948,0.1755643839020829,0.1673830941100909,0.2268755603183578,0.5696660724768461,0.5020649539608316,20.61865234375,17.64659827724553,1.168420792484226,33.659366361896666,34.13778439294068,31.93706145013821,0.0,0.0
84761,10278,0.1331469284849999,0.0008947943783805,0.9717388435361324,0.945031169783645,0.9651830343104482,1.0,0.9403763548576726,0.8874625997340425,0.925665983854668,0.9780178513365604,0.7709372044171182,0.7714684924473121,0.8259874637069262,0.8023247206162929,0.7343650677999951,33.12058276511,25.03059504207271,1.3232039713574215,0.166997181922555,0.1983091535330341,0.0417492954806387,0.0,0.0
86722,10885,0.3242699382275,0.0049277010656002,0.98225891445635,0.9651363479461512,0.977590235891818,1.0,0.9575791366284598,0.9186108704034628,0.9463320216833911,0.9764349680922328,0.7698493250157222,0.7694845846420243,0.8444311940678226,0.8227796299905851,0.7199591777362319,49.28418164312272,38.47205933352344,1.2810383040810582,0.2848690697929221,0.3177385778459515,0.0219130053686863,0.0,0.0
83372,11230,0.1012495164672999,0.0005255780214809,0.9611257995735608,0.9251609089714962,0.9511416869025632,1.0,0.9264114165131708,0.8629110170903155,0.9094429434810072,0.9796890956541472,0.7150601898803961,0.7164777372357306,0.7763961549146334,0.746283844962315,0.6745926398861691,46.05507613605903,33.92367801080795,1.3576085742054875,0.3690701233234314,0.3600684129984697,0.0810153929246556,0.0,0.0
20189,10988,0.2243188009499999,0.0026844505664705,0.9856076759061834,0.9716237519705728,0.9827722724899314,1.0,0.9614764009070452,0.9258108354463944,0.9511105204848728,0.975909086938672,0.7869654389837265,0.7871088780094696,0.8411028028775632,0.8322652810430861,0.7759907208771767,49.98446318843148,38.09797895857984,1.3119977635237456,0.0568181818181818,0.0568181818181818,0.0113636363636363,0.0,0.0
93517,10932,0.255239484925,0.0010652315917853,0.9965229760164368,0.9930700476434224,0.9957001835922784,1.0,0.9760242203444146,0.9531711977335058,0.9693190057317016,0.9814704884667572,0.8096056937684358,0.809566384813293,0.8502629174180337,0.8477538339712237,0.7882351129625494,42.86313581073268,32.52768083951238,1.3177433713216191,0.201852291617193,0.2374732842555212,0.0831156494894324,0.0,0.0
87563,10329,0.1868985385475,0.0021274233520343,0.993715976763728,0.987510438223868,0.9920887379228844,1.0,0.9703675982785308,0.942440813494358,0.9621467102126064,0.9732316511413656,0.8112413504532113,0.8133782590269372,0.8526490077910823,0.8258495592593477,0.7713574142834373,59.004141514277215,45.00038023665879,1.3111920655774925,0.1510716646209045,0.1510716646209045,0.0283259371164196,0.0,0.0
20974,11415,0.4039936061749999,0.0007971040479216,0.9999351981855492,0.9998704047691044,0.999921302677211,1.0,0.978909554556874,0.9586903480739688,0.9730438764378448,0.9896412822252374,4.300728148151385e-07,6.040078078892937e-07,0.5167916808728695,0.0001702908872908,2.033568353733615e-05,102.20535226500284,42.68608528490263,2.394348218695782,75.70093457943925,76.13531657233118,1.526918520468606,0.0,0.0
106880,10302,0.1416951957149999,0.0007478936088229,0.9881785459794268,0.9766333200910108,0.985169673752009,1.0,0.9690693508487588,0.9399947044416496,0.9605406705942908,0.9748069332418052,0.8097917260606163,0.8102574809561327,0.8606543628487024,0.8391842189958016,0.8000351630899147,52.3860113203632,43.19652286228554,1.2127367632662145,0.2162263796183134,0.2068252326783868,0.0470057346996333,0.0,0.0
88770,10376,0.4111418234749999,0.0276009013428883,0.9949843958983504,0.9900188532771432,0.9937080978281846,1.0,0.976096787207124,0.95330962439765,0.9694140218441566,0.9797617028493896,0.8334701337281288,0.8383628539602697,0.8907242455407812,0.8741024082058351,0.8262913463271687,43.06983646635794,39.00494514827222,1.1042147682206338,0.0091382619025861,0.0091382619025861,0.0,0.0,0.0
93549,10474,0.1997771505124999,0.0013262446454716,0.9899960273032612,0.9801902309947794,0.9873964285381954,1.0,0.961625512869921,0.9260873844538676,0.9510033506080974,0.9657772398544184,0.7871198426308355,0.789019008133885,0.8422095739275374,0.8390914376982503,0.801813173132426,49.641539858784896,34.10037941054936,1.4557474349809638,0.03728908362077,0.0652558963363475,0.0,0.0,0.0
90077,10627,0.2103784649474999,0.0041963582725489,0.969052639102312,0.9399632569586468,0.9614065098531684,1.0,0.9256906940415086,0.8616612449573949,0.9083532100074472,0.9771082634504852,0.7685480595546944,0.7686118468490544,0.8155897972000213,0.8062373074560079,0.7679803787549333,45.3882400343217,34.09844317490139,1.3310942027913557,0.0282379518072289,0.0282379518072289,0.0094126506024096,0.0,0.0
93169,10113,0.14190040447875,0.0007791625965953,0.9988734817606456,0.9977494987519948,0.9986166116378414,1.0,0.9777353822931298,0.9564405980189086,0.9715405351323816,0.98874236770692,0.8383819422857857,0.8380165847027424,0.86709595166742,0.8537669861468049,0.7947344841825605,64.66233233380422,47.51434169797127,1.360901362052652,0.041262636682484,0.041262636682484,0.010315659170621,0.0,0.0
88402,10679,0.1978937889147499,0.0026963203009478,0.9909713181875446,0.9821042117529548,0.989027221337898,1.0,0.9727797844617144,0.9470021809802066,0.9651708909415228,0.9757929104477612,0.6900922031266671,0.6989945467143038,0.8693260050079666,0.8560884457662788,0.8108907002801281,52.73723431526346,39.34153180886494,1.3404977358654864,0.1595744680851063,0.1489361702127659,0.0425531914893617,0.0,0.0
84103,9970,0.121675389049375,0.0015683927361416,0.9985832215652568,0.997170451973138,0.9982262988636964,1.0,0.9789851833736708,0.9588354325831095,0.9731112270418264,0.9844894843962008,0.7816377554861492,0.7822343291994217,0.8412997474412518,0.8288015396903267,0.770573412735433,38.23978019130515,27.393446291204658,1.3959463071859992,0.3720161206985636,0.4030174640901106,0.0930040301746409,0.0,0.0
93787,10163,0.1455757473249999,0.0008064580981584,0.9949760847871718,0.990002396685726,0.9935656132345868,1.0,0.974295502452171,0.9498793315047732,0.9671082295543748,0.9779681139755768,0.7868488659331979,0.7885824161737865,0.8458075266453329,0.8454168584594627,0.7763320864478651,67.3756402506888,51.18953160520802,1.3161995849134516,0.0899766060824185,0.0719812848659348,0.0449883030412092,0.0,0.0
20017,10922,0.2252133534249999,0.0012286737871956,0.9949193368823755,0.989890039070367,0.9937590106074654,1.0,0.9544644373684448,0.9128952390353042,0.9421543012286666,0.9681422259441964,0.1914069031454592,0.2030861267373536,0.866461399716419,0.7458412886482457,0.6399548599740157,56.15015122738089,45.39754420008906,1.2368543765252995,0.0,0.0,0.0,0.0,0.0
20589,11245,0.1705124656774999,0.0014677718941519,0.9971025471072816,0.9942218361720608,0.996378241380432,1.0,0.970020156660628,0.941785572730876,0.9617021449258506,0.9728415701393746,0.7616483732377243,0.761537228109208,0.8399742808693943,0.838149654964936,0.770812919450951,64.16423759647182,51.84831418593931,1.2375375863979865,0.1486178539581888,0.1486178539581888,0.0594471415832755,0.0,0.0
104235,10585,0.1727694549049999,0.0063819518721794,0.9846494010185404,0.969762958731972,0.9807435528580276,1.0,0.962030429803244,0.9268387604280952,0.9517706817279762,0.9751915629533148,0.7966076917160679,0.7993543178280975,0.8499964241722995,0.8502963737024595,0.7955809880412675,38.962572758443706,29.192707240685696,1.3346680195573577,0.0914411119239209,0.1097293343087051,0.0274323335771762,0.0,0.0
121407,10619,0.1383499581374999,0.0007347725947687,0.968245256390152,0.9384451706056692,0.9613289350246388,1.0,0.9536667969258824,0.9114370012573604,0.941585310074616,0.9771287481092624,0.7433089432084605,0.7433047651885525,0.791637166970523,0.7826478972255709,0.7073439865842397,66.38133216813675,52.24991148383097,1.2704582703203016,0.2441257247482453,0.2441257247482453,0.0813752415827484,0.0,0.0
118393,10094,0.2713941816538461,0.0005362146621475,0.9939646070691311,0.9880016290216472,0.9920684787702244,1.0,0.960105684864602,0.923272366134238,0.9493669139607158,0.9745782700993282,0.7611406526285975,0.8169529096177538,0.9034854955791832,0.8420808502132685,0.8272959276404745,27.47103824141583,22.58177387309535,1.2165137422683037,1.011037155615469,0.1685061926025781,0.0,0.0,0.0
102041,10603,0.1411771826874999,0.0006089441117128,0.9727692773822147,0.946982265973528,0.9664681802363492,1.0,0.9437921077959576,0.8935666119919811,0.9295107538749202,0.974751491053678,0.7644226455807296,0.7650815700225653,0.8031218923856389,0.7944981510099685,0.7128957413619488,43.85703219694371,34.1829264714535,1.283009874346749,0.2062975027144408,0.2171552660152008,0.0542888165038002,0.0,0.0
88760,11150,0.1989696647025,0.0006339251106643,0.9906053126036178,0.98138550259143,0.988221350997334,1.0,0.9723347384657643,0.9461590022164744,0.964600062695007,0.9756021031207598,0.2535716751045733,0.2534283349908243,0.8654527382894315,0.802287357930266,0.6636623124247079,65.27159831699088,46.83922489075131,1.3935243050932542,0.061034091899904,0.0784724038713052,0.0174383119714011,0.0,0.0
130211,10106,0.1300555436375,0.0008969513990039,0.9951167595317096,0.990280979378232,0.9935637666561892,1.0,0.9675535117271062,0.9371464019851116,0.9586294673345228,0.974372425417738,0.8338897600718854,0.8340187331466963,0.8625585548929012,0.84175455918974,0.7667959610398911,54.647548976833065,41.86861426632752,1.3052151339239066,0.0915122397620681,0.0915122397620681,0.0,0.0,0.0
127417,10576,0.2610335755624999,0.003364910566532,0.99207796082071,0.9842804525124969,0.9897619485483514,1.0,0.9721693544275832,0.945845853706926,0.9644347137990852,0.9740397384819696,0.8022537400072752,0.8029543374712028,0.8564519612611565,0.8351911408254,0.7910763409687734,45.0357556081804,35.91773577560382,1.253858424972594,0.1473432176075145,0.1933879731098628,0.0276268533014089,0.0,0.0
119791,10082,0.2814287468524999,0.0019415940821838,0.9963005220758566,0.9926283155356528,0.9952642644884556,1.0,0.971957565841558,0.9454449870420036,0.9641138324359264,0.9760685210312076,0.7959676711841047,0.7989826755859719,0.8653277170278829,0.8688497438687384,0.8366117989291167,61.87950571652368,47.25286709821048,1.309539706615329,0.0979606376346958,0.0890551251224508,0.0,0.0,0.0
20247,11123,0.203277732975,0.0020744753959242,0.990830077346304,0.981826801517067,0.98801907500107,1.0,0.9549723911703472,0.9138250349575352,0.942898188193664,0.9710837986867829,0.7405110758630883,0.7427420217256641,0.8354403618356634,0.8131674888666265,0.7042389241134814,58.98979984025261,44.16641483176426,1.3356257252247572,0.0642909625275532,0.082659808963997,0.0091844232182218,0.0,0.0
121001,10494,0.1381713571337499,0.0015060862499815,0.9847687824190328,0.9699945838599026,0.9809482271654216,1.0,0.9667735316747884,0.9356840550570305,0.957660468734859,0.9746897086709188,0.7722487017466887,0.7719205887253011,0.8137100367562715,0.817182726223817,0.7548195826408957,49.479385544475136,36.35240776077342,1.3611033929330691,0.1448225923244026,0.1448225923244026,0.0620668252818868,0.0,0.0
98314,10120,0.1214036754270999,0.0018556158295583,0.9952534210099794,0.9905516891736184,0.9943332366661632,1.0,0.978538267113654,0.9579783907798451,0.9725431220229463,0.9808514246947084,0.8500493177206577,0.8502335141426784,0.8746916006708663,0.860830794829394,0.7955857319799524,48.481924906172594,38.90762729131313,1.2460776531854232,0.1547434829187001,0.1428401380788001,0.0357100345197,0.0,0.0
105168,10761,0.1196346021375,0.0007657474132335,0.9928263988522238,0.9857549857549858,0.9908989298296986,1.0,0.9678007960688796,0.9376104848589494,0.95883599828399,0.9685488117685028,0.8027363136168287,0.8051820588108767,0.8624038823369822,0.8539797990089052,0.8087284248192919,40.07206407783213,27.86275640930313,1.438194537868924,0.0739371534195933,0.0646950092421441,0.0184842883548983,0.0,0.0
83454,10161,0.1450346954999999,0.000965235689374,0.9984272947619665,0.9968595285598169,0.9980207913035052,1.0,0.9743687309086682,0.950018549816563,0.9672052500269612,0.9772091248303936,0.8083256514274282,0.8129183356508494,0.872672725746131,0.8608945558142502,0.8143572699657611,46.4598987772221,36.13245744654348,1.2858217254101152,0.1470155836518671,0.1274135058316181,0.0098010389101244,0.0,0.0
126176,10625,0.12675914935,0.0009643250109525,0.9957896114662188,0.9916145290232882,0.9949103242502364,1.0,0.9775664302690048,0.9561173060135392,0.9712973217013292,0.98454460651289,0.8097456862153685,0.8096322512388925,0.8658374275313916,0.8539697717392651,0.7657126282163248,57.66810490481996,43.14759953865884,1.3365310126499903,0.2331249337713256,0.2331249337713256,0.0,0.0,0.0
112694,10632,0.1873443494049999,0.001441255661713,0.992930086410055,0.9859594383775352,0.9912639977558652,1.0,0.9715018960432068,0.944583069531861,0.9636081121442776,0.9751416146202676,0.602131251562271,0.6231162333066778,0.8672239785369787,0.8363907030484766,0.7395754366524045,35.49568390849138,26.35804515386593,1.3466736133610893,0.1290877796901893,0.1398450946643717,0.0107573149741824,0.0,0.0
86972,10876,0.1388672600624999,0.0014688877570577,0.9936339059911048,0.9873483535528595,0.9923133867538728,1.0,0.9751587158588674,0.9515216950652984,0.96823390235772,0.9753137720488468,0.8141326840204731,0.8180152855302519,0.8619599423608205,0.8313158555182775,0.783482755548682,64.50640199291428,46.52617329615641,1.3864540627983095,0.0339597011546298,0.0452796015395064,0.0113199003848766,0.0,0.0
97485,10402,0.2605919111749999,0.0009027544559249,0.9813387582645436,0.9633612412627698,0.97708239593312,1.0,0.9603666051514196,0.923755056263169,0.9495685816538384,0.97104169285383,0.2642339080107026,0.2823285856907643,0.8396586041594828,0.7690828757239174,0.5287064939117769,60.17426945561426,48.51113536982532,1.240421791757189,0.2567629527739569,0.2475928473177441,0.0641907381934892,0.0,0.0
20386,11188,0.2100256769624999,0.0017038456602719,0.984430393625964,0.9693381797243316,0.9805139010896574,1.0,0.9514748683985256,0.9074411663793708,0.938706390737461,0.9730884654086378,0.7755726964545967,0.7755031637909996,0.8320723739246114,0.8148554568527615,0.7517189673677984,43.17814941933258,33.56990785183716,1.2862159053251496,0.1701872059265191,0.1801982180398438,0.0300330363399739,0.0,0.0
20387,11165,0.2448933281877499,0.0008343058132661,0.9977997018950956,0.9956090651558074,0.9972010607664188,1.0,0.976138883716206,0.9533899355990774,0.9694754507438004,0.9779765943012212,0.6505612298125721,0.6593617610734128,0.868601206435934,0.8060623457863197,0.5885019080807895,51.558078918399744,42.828481278612784,1.20382692496141,0.1877229209686503,0.1783367749202177,0.0281584381452975,0.0,0.0
86350,9955,0.0903621846249999,0.000241840827072,0.9891517992137888,0.978536439442097,0.9864999546744376,1.0,0.9699966101478104,0.9417411823149529,0.961719100805956,0.9754724343608896,0.813875335662633,0.8136652404086466,0.8500932224046485,0.8398104575443565,0.8006506589929231,48.864372093252165,39.10540504838921,1.2495554523163015,0.1605458559100943,0.1505117399157134,0.0100341159943808,0.0,0.0
19977,10781,0.2269885989374999,0.0041614509311507,0.997226165774817,0.994467677295696,0.9966448124885308,1.0,0.9707984349599568,0.9432539435773064,0.9627557004802152,0.976921623687216,0.8563795995162756,0.8576639528716181,0.8792069634994367,0.857913350648742,0.759100233078128,71.00853974863738,62.45507473449116,1.1369538832594257,0.0,0.0,0.0,0.0,0.0
20153,10963,0.175013366,0.0014552223073106,0.9886988393402566,0.977650256720024,0.9859753522816788,1.0,0.9683935416671088,0.9387238067819614,0.959591817365169,0.968987607779207,0.1093994185668502,0.1001666340436379,0.8506290321035753,0.7667865593012155,0.6755749678285354,56.53811819668927,32.81522604512173,1.7229233197707667,0.1720676799541153,0.1720676799541153,0.0382372622120256,0.0,0.0
87601,10595,0.1066305809143749,0.0006606599788767,0.9904098763322584,0.981001946348481,0.9883922550687336,1.0,0.974023346402946,0.9493620960945252,0.966842108270598,0.9784892403411256,0.8030027745732746,0.8027380126669452,0.8514037500940108,0.8332131711777652,0.7781018695483781,46.40604497593252,35.908213929004795,1.2923518019493618,0.2435783879539415,0.2435783879539415,0.0221434898139946,0.0,0.0
93406,10138,0.216374820530475,0.0016911467333905,0.9905844995015324,0.9813446484746506,0.9882021804325588,1.0,0.9694305550254252,0.9406746529821112,0.960912951478942,0.9696320553825792,0.8172510067125234,0.8162504081066585,0.8666422178823551,0.8462990247492282,0.8122792419729914,50.27980967148896,43.44805687465369,1.1572395473644466,0.0508130081300813,0.0508130081300813,0.0203252032520325,0.0,0.0
92089,11104,0.13392471261,0.0015515173061454,0.9946116791378686,0.9892811150670404,0.9932842356929448,1.0,0.9635328768793434,0.9296318767722044,0.9535462016014574,0.9721897296667344,0.7784144713400367,0.7815678076117799,0.855797621619182,0.8446074673349316,0.7395622345655201,50.231758341393714,38.69638897904065,1.2980993748176617,0.1606748343040771,0.1606748343040771,0.0,0.0,0.0
119302,10122,0.2101604848749999,0.0032078901223295,0.9919803755071234,0.9840883564208162,0.9899985075667966,1.0,0.9556481401941412,0.915063377559162,0.9436201595749542,0.968207136640557,0.7941000592769769,0.7925721007213532,0.8727602719406458,0.862203830450232,0.8369156619751202,43.19647788978611,33.01192747875352,1.3085112318142396,0.1446898813542972,0.1446898813542972,0.0482299604514324,0.0,0.0
20011,10846,0.35197641775,0.0024980934205212,0.997487825616449,0.9949882416438568,0.9968748313214691,1.0,0.9617140940636206,0.9262517082867436,0.9513878542407588,0.9754461559932314,0.2195616246223478,0.2229951686215809,0.8685442085881991,0.7602351278125922,0.6733407249654335,61.1844642906165,47.98120514176623,1.275175646585776,0.0,0.0,0.0,0.0,0.0
106331,10587,0.219420656825,0.0029357080239749,0.973792780904976,0.9489241186236532,0.966600363233356,1.0,0.9376451654803918,0.8826101553012563,0.9222022709388016,0.9751216898751276,0.2315923840860574,0.2507374438049605,0.8324030756558866,0.774936846748044,0.6967923234630196,44.25152837640331,31.845256483161428,1.389579901791711,0.2385644642671922,0.2593092002904263,0.0311171040348511,0.0,0.0
105860,10641,0.1031262986549999,0.0007196793679139,0.992599579191758,0.9853078862081384,0.9906723165663046,1.0,0.959203211992358,0.921604700403164,0.9483038307346416,0.9758645501531226,0.7762218621854752,0.7759121019552516,0.8400996508942374,0.8393853076897237,0.7344119422648895,54.30690871902276,37.025473226846806,1.4667444865943091,0.0090106325464047,0.0090106325464047,0.0,0.0,0.0
116360,10097,0.2583188913108108,0.0014707698349464,0.9940452052163148,0.988160909785284,0.9927754372314118,1.0,0.9723390888842354,0.9461672409321624,0.9646113880114964,0.9745675033921304,0.8380070194433012,0.8380388656488814,0.8725452795079788,0.8703190789702415,0.8565495005317163,44.46969957553247,31.255082566690216,1.4227989793546605,0.0626959247648902,0.0731452455590386,0.0,0.0,0.0
127542,10115,0.29856652075,0.0005777404495982,0.993832298269202,0.9877402112586432,0.992517956043484,1.0,0.9775028216585012,0.9559956177522376,0.9712156175259764,0.9804994911804612,0.8451087078321481,0.8433811400860203,0.8731521328195095,0.8625298994797997,0.8394643683372244,71.37865628614456,54.89543962759655,1.3002656827300774,0.17103153393907,0.1603420630678781,0.1068947087119187,0.0,0.0
85743,10974,0.1796758325,0.0037405879576968,0.9874142296260964,0.9751413248296854,0.984235310485909,1.0,0.952583679994462,0.9094604139731426,0.9400257234803492,0.9723840354728014,0.6725611420860736,0.6768161898135653,0.8575183773109569,0.8375058224360419,0.7618154093471308,59.754529125420966,42.95107770805355,1.3912230452419283,0.0564227948091028,0.0564227948091028,0.0,0.0,0.0
87538,9942,0.1259759333999999,0.0007613084550273,0.9901102541049543,0.9804142067285164,0.9870398404591854,1.0,0.968449104076037,0.9388282322304556,0.9598150286220573,0.9770544013947748,0.7235093307609475,0.7251831914588885,0.7795026832177309,0.7576026826274651,0.6700931997705989,54.2768436066576,42.54424594390013,1.2757740183767354,0.2442516634380527,0.2442516634380527,0.0336898846121452,0.0,0.0
105309,10776,0.1947330381499999,0.003110429733743,0.9937147203651068,0.987507956715468,0.9922648740431445,1.0,0.9730623697972024,0.9475379430833052,0.9655860279269394,0.9756756756756756,0.7971743982967734,0.797740122099983,0.8608794415960506,0.8378014209855087,0.7830860695815777,56.64846380139695,42.65641277776565,1.3280175268494343,0.1922687715037441,0.2125075895567698,0.0303582270795385,0.0,0.0
83835,10777,0.1955947754362499,0.0009633229077269,0.9826864570849084,0.9659622285859282,0.9784048839018604,1.0,0.9549984206176468,0.9138727055150454,0.9431033824176108,0.9749829921454636,0.7834999517648895,0.7864988724654524,0.8458266125931818,0.8236422599642569,0.7809430016244219,41.53114189688615,33.94417501959344,1.223513073241972,0.1802485532681908,0.1707617873067071,0.0284602978844511,0.0,0.0
82492,10046,0.1120078620183749,0.0011420930750537,0.9952149518680452,0.9904754790273784,0.994011960490874,1.0,0.9626595959918643,0.9280074238622972,0.9523290730570018,0.9670567595900816,0.762008657372341,0.763717416579084,0.8386391647954193,0.8526136549076565,0.81274751220584,41.81806698892319,30.476161256911915,1.3721566386396171,0.1509661835748792,0.1509661835748792,0.0704508856682769,0.0,0.0
98394,10025,0.4361824930499999,0.0059547370190327,0.9995437322700312,0.99908788071066,0.9994352654116072,1.0,0.979812367581124,0.9604236872172016,0.9741773357091495,0.9873134328358208,0.8279329055692165,0.8300615754311365,0.8805827557347262,0.870450545152316,0.8522727418158431,57.28877278583174,48.30767914217052,1.1859144095337235,0.0427396089325782,0.0320547066994337,0.0106849022331445,0.0,0.0
87457,10081,0.2612618306251216,0.0014624208044773,0.9913153913676858,0.982780328840172,0.9891453745767208,1.0,0.9746195480228388,0.9504955415753792,0.967561692680818,0.9761263732758292,0.0,0.0,0.0,0.0685523697276579,0.1531054571155852,-9.10451067059893,-7.647038934438997,1.1905929535151316,89.97137404580153,98.03435114503816,98.94083969465647,0.0,0.0
87346,10597,0.3336300597,0.0029877362341178,0.9714678059200488,0.9445186174158136,0.9649551511998784,1.0,0.947782820274482,0.9007482851797964,0.934563419066839,0.9787248458567652,0.7489432136420764,0.7482544542805952,0.798804807116252,0.799960420812577,0.749913528771457,34.93055433365441,24.67653727656087,1.4155371129333194,0.3913237924865831,0.436046511627907,0.1341681574239713,0.0,0.0
20941,11403,0.20962627625,0.0009671186396452,0.995065248382498,0.9901789611523352,0.9937829698683583,1.0,0.9729963011227156,0.9474126550726064,0.9654415383227236,0.9798634667571234,0.1769336572040703,0.1869639299314851,0.8639028835449705,0.8249805399065532,0.7207835270657393,70.09552096874754,50.38601890602539,1.39117006047813,0.2157497303128371,0.2157497303128371,0.0,0.0,0.0
110354,10910,0.3431209725625,0.0026669006905653,0.9918541749984212,0.9838399866377152,0.990100260109012,1.0,0.9733776508192716,0.9481360420373204,0.9659771291310189,0.9751069126188804,0.7643551092872306,0.7669125124095679,0.8278917195500785,0.822581773553071,0.7494084318131727,81.73791728401012,67.79984854418906,1.2055766943304722,0.123539982030548,0.123539982030548,0.0224618149146451,0.0,0.0
109646,10608,0.1149112172749999,0.000680937723482,0.9919293820933164,0.983987990993245,0.9894089880963848,1.0,0.9585274719114448,0.9203579029306304,0.9474401686320084,0.9750922306885828,0.7514122251596828,0.7513464061343381,0.8185476840030456,0.8048434409311299,0.7380838874912456,41.39230048987782,30.46658597368201,1.3586130236460947,0.5702254583735415,0.6140889551715063,0.1842266865514518,0.0,0.0
81760,10132,0.1878338520249999,0.0041830025392535,0.9865524346600152,0.9734617442482612,0.9830986996127766,1.0,0.9522352046084452,0.90882534782302,0.9398375389597576,0.9769877556482368,0.8196503781539953,0.8196790663674823,0.8591354305941029,0.8489895956661676,0.776198125997311,52.4282808779994,40.87354646435109,1.2826946867389173,0.0501957634775624,0.0501957634775624,0.0100391526955124,0.0,0.0
110828,10134,0.2082067905125,0.0012877526513928,0.9910118626252226,0.9821838591716984,0.9891270882471548,1.0,0.9752133141843372,0.9516256677438502,0.9682829525684448,0.9789348710990502,0.8106476894657509,0.8107121721656921,0.8519559299729722,0.8518237072398134,0.8244440912586025,65.99426989156454,51.04184860295151,1.2929443524846864,0.3603406857392444,0.3712601004586154,0.1091941471937104,0.0,0.0
86444,10076,0.132966783755,0.0009577942814865,0.99911948240879,0.9982405140758874,0.9989009367016932,1.0,0.978350067124246,0.957617708024874,0.9723114589149658,0.9872752713704206,0.7971635001656538,0.7927223713113751,0.8738568302976111,0.8621735979127915,0.7942786523693984,50.97230020458443,38.5934136703638,1.320751272223594,0.1434720229555237,0.1530368244858919,0.0095648015303682,0.0,0.0
92193,10642,0.0905819494249999,0.001067641425125,0.9909302850266978,0.9820236107798712,0.987921669845678,1.0,0.9532122165580044,0.910606936416185,0.9407757257431294,0.9719711426166436,0.7570951446081328,0.7583700830394963,0.8244433068427945,0.8346084843129596,0.7846610299527307,59.7978561703146,46.36675902001306,1.2896708209539585,0.0298976007175424,0.0298976007175424,0.0074744001793856,0.0,0.0
126554,10580,0.2476781228319999,0.0017887766101428,0.9984445925784846,0.9968940162271804,0.9979545650018526,1.0,0.9624042114822,0.9275328814287012,0.952143048725816,0.9723292105559258,0.7858403226012605,0.7902912950807441,0.8636368531919163,0.8430607607667664,0.7736883380524054,36.74975742700485,27.95228830164071,1.314731625204644,0.1118568232662192,0.1634830493890896,0.043021855102392,0.0,0.0
90060,10180,0.1313171749375,0.0010441056742721,0.9924449391210496,0.9850031801292136,0.9902837307077494,1.0,0.9643328138112937,0.9311223013254616,0.954591301250985,0.973890407167814,0.7887867282187326,0.7894971188028796,0.8495089330262485,0.8294481158982115,0.7745499234390009,35.57342141805051,26.410791886942924,1.3469274821569224,0.3620442872779321,0.3620442872779321,0.0420981729392944,0.0,0.0
20313,11136,0.3038847498624999,0.0009980322964202,0.9969095844643976,0.9938382114159624,0.9962259453292666,1.0,0.9633081680272532,0.929213618085666,0.9533660189165608,0.9755100798650512,0.1216331303181674,0.1260514371492319,0.8703000790254796,0.7767114177299006,0.7070473978983592,71.18272304545313,51.7708169672985,1.3749584653148574,0.0,0.0,0.0,0.0,0.0
19981,10852,0.1156940265562499,0.0007511073672991,0.9972025736322584,0.9944207547921732,0.9965484642995112,1.0,0.9781210107084456,0.9571789037237712,0.9720040894536977,0.9827764586160108,0.834540310290062,0.8350265330696078,0.8711513882282211,0.8487640815262286,0.7622069553687966,59.54381128432223,46.98096535089565,1.267402890502485,0.0741761152908763,0.0741761152908763,0.0105965878986966,0.0,0.0
93734,10092,0.16693069265,0.002190696581517,0.9927015133626704,0.9855087906233352,0.990766020108342,1.0,0.963911619943443,0.930337255486666,0.9541195704439376,0.9756382525907974,0.7966016083010165,0.7945256826671857,0.8418992934119952,0.843196962410578,0.7969485395699653,48.32423681740024,39.54491283292419,1.2220089350447771,0.1657641728367775,0.198917007404133,0.066305669134711,0.0,0.0
132224,10151,0.1126040476112499,0.000712750137592,0.9928671890697208,0.9858354114713216,0.9908050642251752,1.0,0.9692700052287304,0.940372367298598,0.9608126173297123,0.9757567944999462,0.8220860927856655,0.8221573355222411,0.8582348407034432,0.8408777228917439,0.7855558558536145,56.67522739492358,43.11962641820738,1.3143719485239396,0.2015790357802788,0.2015790357802788,0.0419956324542247,0.0,0.0
104785,10779,0.1332943054624999,0.0007417645654151,0.9943544655252198,0.988772317320081,0.9929141208510548,1.0,0.9548071114179684,0.9135223955774464,0.9427340335303512,0.972004041468986,0.8065551391977568,0.8129712542296952,0.856574319886047,0.838214905563267,0.7775630432847578,60.58125857765274,42.02829118230786,1.4414399651622023,0.0671527244819647,0.0575594781273983,0.0,0.0,0.0
20327,11170,0.225705407375,0.0021129363719165,0.9940811035562296,0.9882318615055437,0.9923031720273932,1.0,0.9545871162991786,0.913119716795421,0.9425398932142632,0.9736990650908448,0.785528994772204,0.7852657620257415,0.8439841870385738,0.8255690289664295,0.7701621135558597,37.306782274705206,30.02104322380804,1.242687737284201,0.5258467023172906,0.392156862745098,0.2228163992869875,0.0,0.0
88608,10165,0.1467226902249999,0.0014394301417158,0.9932965829859978,0.9866824391360756,0.991670104512317,1.0,0.9692803956540826,0.9403919277048938,0.9607223759404346,0.9696032382479856,0.7732378556621322,0.7731751949704418,0.8402637959878881,0.8564332034202343,0.8206149214612092,69.17535605269532,51.673797214174975,1.3386931052498572,0.0690880378997236,0.0592183181997631,0.0098697196999605,0.0,0.0
86486,11196,0.1305238310149999,0.0003357862077393,0.9914445178820592,0.9830341864783194,0.9892585315172804,1.0,0.9613164506815428,0.925514273632542,0.95093465849282,0.9764938478967374,0.7725403988791557,0.7729117464063873,0.8487548616519942,0.8261174632508929,0.7743748033913234,52.5930098978148,41.342726233426525,1.2721224430355096,0.3858185610010428,0.4066736183524505,0.1042752867570385,0.0,0.0
98567,10554,0.14853542768625,0.0005562624677813,0.9922559752191208,0.9846309685982744,0.9901616003024653,1.0,0.973097147657057,0.947603899859539,0.965604300250042,0.973598984706936,0.803408828327501,0.8034410790151822,0.8459019915253594,0.8243176721915744,0.7777470018834629,70.81598615857509,56.89855650165776,1.244600751101864,0.0645756457564575,0.0645756457564575,0.018450184501845,0.0,0.0
20963,11414,0.2542655169,0.0006640915238127,0.996204903201012,0.9924385030150272,0.995030463746685,1.0,0.9571437492059868,0.9178098596783918,0.9456250601907114,0.9723589400322872,0.6971433078015271,0.7060917998330604,0.8665663611798986,0.8141633383898441,0.7095630695364956,56.7120169965953,48.67862877795898,1.165029057315471,0.0519300675090877,0.0519300675090877,0.0173100225030292,0.0,0.0
132657,10616,0.1460950438575,0.0010942460726441,0.9929176786290528,0.9859349703184026,0.9909076360398692,1.0,0.9700205653556784,0.9417863432299032,0.9617232183517572,0.9740809468022336,0.3937153157407482,0.3956354618500503,0.8360210101457088,0.8052278930450475,0.6766577029529215,57.88911974876665,42.1072638054147,1.374801269830373,0.2957519268686144,0.2957519268686144,0.0537730776124753,0.0,0.0
97994,10584,0.153956834177375,0.0006096761907452,0.996710640213289,0.9934428492545556,0.9957898838068162,1.0,0.9679546832179354,0.9378993998403434,0.9591356784300414,0.9745190902683468,0.862372997940386,0.8628932074413812,0.8913625072562179,0.8876331890628365,0.7557864969465989,56.47962147090699,48.768465877265086,1.1581176576898782,0.0,0.0,0.0,0.0,0.0
105979,10067,0.1156005176249999,0.0011120508885698,0.9998680506685432,0.9997361361537448,0.9998403717836578,1.0,0.9792899470432666,0.9594203017855232,0.9735173944078672,0.9883607530529172,0.7930333243891453,0.7950480581769127,0.8629431714290232,0.857559464485055,0.7834689264746315,56.90482284269709,46.35948491220502,1.227468832979113,0.2594765342960289,0.2707581227436823,0.078971119133574,0.0,0.0
92211,10435,0.1056354451362499,0.0009206288656747,0.99690975370552,0.9938385478158206,0.9961148233706764,1.0,0.9759535689855596,0.953036443883468,0.9692475289433744,0.98608802578019,0.1574062080785498,0.1599882565688972,0.8632303387477465,0.7713598596807029,0.556575028544404,61.96378056107149,48.47793022644777,1.2781853571641624,0.0558399255467659,0.0558399255467659,0.0093066542577943,0.0,0.0
81725,10356,0.182037156215,0.0012779629336367,0.9744516238734908,0.9501761658031088,0.969337725783728,1.0,0.9549405341036322,0.913766694878517,0.942897942846452,0.972003003912992,0.701451743294711,0.7015075978641642,0.7422509764828635,0.7321008976549288,0.6139917995534856,105.5150933925834,87.30683620597046,1.208554770483915,0.302185030218503,0.2905625290562529,0.1162250116225011,0.0,0.0
21016,11431,0.276195808701625,0.0044390400476474,0.9939666436092536,0.988005653386302,0.9925003069725608,1.0,0.9680945467141938,0.938162060905459,0.9593573183489144,0.9764820574317477,0.740110162044175,0.7412130690983343,0.8123990271801812,0.7745965486996641,0.6893281031028986,65.95127253367183,51.67101805023165,1.2763687463939208,0.3722356032406393,0.3831837092183052,0.0328443179329975,0.0,0.0
20649,11287,0.26726996615,0.0030445698171169,0.9862275815633224,0.972829368433764,0.9832023442256672,1.0,0.9547619047619048,0.9134396355353076,0.9425129438196316,0.9679069362147088,0.7263564576508245,0.7286889303530528,0.7948287046938589,0.7985103562139062,0.7597489780378477,57.87703993090544,47.39304090712885,1.2212138918100015,0.3235198964736331,0.3235198964736331,0.2264639275315432,0.0,0.0
20981,11462,0.14187414274625,0.0009672038648793,0.9827683438811956,0.9661204878649748,0.979136990487342,1.0,0.9573469537547546,0.918183625130439,0.9459903191007846,0.9751435884355236,0.0815120148566552,0.0814481371445018,0.7723582075111743,0.6770771292126851,0.5876128304710367,25.47828542786293,16.09865480485291,1.5826344335417737,0.6970509383378015,0.6112600536193029,0.1715817694369973,0.0,0.0
91962,10569,0.1793339327499999,0.000844424272843,0.9882106366256224,0.9766960124287932,0.985300587770964,1.0,0.971827170526886,0.9451982610986694,0.9639599794473694,0.9735413839891452,0.4198665614475791,0.4322668891904796,0.806314769630983,0.80228017085377,0.7240869511545394,49.996910044436994,37.590581225451096,1.3300382280491598,0.5929034023533705,0.5746602207424975,0.3648636322174587,0.0,0.0
99352,10126,0.2395525175925,0.0008263409036009,0.9823601696594918,0.9653318790900592,0.9783909484559008,1.0,0.9464556488404304,0.898353873568518,0.9329099848662664,0.9778147506815624,0.7916195662092883,0.7890534434687363,0.8414312769763009,0.8310132801426305,0.8086763885624295,37.02127272164992,28.233081566346808,1.3112728284601578,0.2472055030094583,0.3224419604471195,0.0537403267411865,0.0,0.0
84688,10471,0.6775405143997499,0.0017559423549331,0.9968582359101498,0.9937361513550368,0.9961829351935936,1.0,0.9734222253793616,0.9482206311539134,0.966044711720666,0.987771370420624,0.3805598007189307,0.3854580646153849,0.8561941660844599,0.815285747777368,0.6376255760653795,50.32658944946554,38.448158326400815,1.308946686658546,0.6512053010396436,0.6626299554438478,0.2399177424882897,0.0,0.0
85853,10103,0.149060726895,0.0014360421227516,0.9988866799204772,0.9977758360473428,0.9986232825387552,1.0,0.9788579829412593,0.9585914266467312,0.9729771568363548,0.9895310379918588,0.8287117101576491,0.8299088939895451,0.8681918100735408,0.8557165057153691,0.8027080839793616,60.62742969929795,47.77683304537432,1.26897129497301,0.1807773425730642,0.2410364567640855,0.0703022998895249,0.0,0.0
115800,11253,0.16530912017375,0.0016489381559816,0.9750937278346336,0.9513979515165896,0.9697791717907716,1.0,0.9517843846859796,0.9080043941158492,0.939036644184942,0.9721357574900076,0.0834833787667397,0.1114333707604572,0.8214231342019843,0.7439483558641549,0.6792779638206059,47.61376990273806,29.501595144030965,1.6139388284016811,0.5000543537341016,0.5000543537341016,0.1195782150233721,0.0,0.0
116210,10102,0.1555408943076922,0.0005327513676835,0.9956315981070258,0.9913011960855382,0.9944885351635953,1.0,0.9691485405221604,0.9401437342030504,0.9605811060412442,0.971491872776464,0.7551586612679094,0.7304238246478303,0.9102906675245472,0.8438564782030588,0.8384430160448719,34.61248851650158,23.90728089410077,1.4477802251883176,1.21051636088519,1.7212029506336295,0.0,0.0,0.0
92554,10133,0.1026247051672499,0.0011835898489595,0.99880999603332,0.997622820919176,0.9984731936512732,1.0,0.9750747209959144,0.9513617636042592,0.9681031639628814,0.9800712347354138,0.7928062874465928,0.7933125403051908,0.8627451898744498,0.8497225336112456,0.7915215224365272,52.92919751560256,42.22957825380643,1.2533678929372614,0.1863459258004404,0.2032864645095713,0.0,0.0,0.0
87990,9995,0.2101604848749999,0.0032078901223295,0.9155523047812882,0.8442567666637342,0.8946612068471184,1.0,0.9038487210057032,0.8245656765870599,0.8849896282446804,0.9884767571812608,0.5646373614341733,0.5634652338211553,0.6577156174201233,0.6883898710678857,0.6635473310834258,33.674131823584695,33.59221100513574,1.0024386849212288,1.2915570437694333,1.3154747668022004,0.7733397113928088,0.0,0.0
114723,11256,0.25948315002125,0.0015203452397272,0.9915735234294792,0.9832878712205616,0.989561878143765,1.0,0.9671727925053548,0.9364323339733176,0.9580156833000648,0.9678638059701492,0.477337430471683,0.4788623817386054,0.6377902160800978,0.695256748359497,0.651370508289723,77.81090813009148,72.57586856675408,1.072131958827641,3.795607021413473,3.7772263578715193,1.874827681279294,0.0,0.0
133220,10792,0.309969951515,0.000499655555401,1.0,1.0,1.0,1.0,0.9730845967137284,0.9475800962764048,0.9655743998083586,0.9740459633649932,0.0009763874990051,0.0010083256083041,0.5277056533316277,0.0119233394758813,0.0100932269526087,29.710080218289782,15.479360543195805,1.919335113061199,85.92102035810645,85.99460387539858,0.8993541002371024,0.0,0.0
122916,10114,0.2024771622999999,0.0022440090594585,0.9901696694070315,0.980530728192337,0.9875062379740286,1.0,0.9690975199297062,0.9400477141772192,0.9605331862609624,0.9725176888554872,0.8705109799230668,0.8708225311952139,0.90724897471597,0.8946038711953089,0.8404398234569809,5.079403724740289,4.064130537337879,1.249813134217742,0.1270532716217442,0.1179780379344768,0.0181504673745348,0.0,0.0
127236,10858,0.1934046603749999,0.0012997092140145,0.9759618908024916,0.9530523151792744,0.9700925817379356,1.0,0.9588758685235425,0.9210005219682345,0.9478910656181828,0.9756273093497396,0.734443411779088,0.7361653447597291,0.8027877372205386,0.7953818575586388,0.7551282039505323,53.26611889382968,39.23585980564376,1.3575876547037662,0.3030573134860505,0.2674035118994562,0.0980479543631339,0.0,0.0
94276,10957,0.1013194912249999,0.0008300187795701,0.9869133424120636,0.9741647814825743,0.9831537452490656,1.0,0.9636666824251436,0.9298810200179984,0.9538584490062074,0.9769386279071794,0.7697770213036981,0.7752437680137478,0.8404367958495673,0.8192144477765648,0.7624347130591047,49.73933219741289,35.13690022450625,1.4155868013286548,0.193733153638814,0.2442722371967655,0.0505390835579514,0.0,0.0
91919,10117,0.2781694462937499,0.0046548061251102,0.9995551687457692,0.9991107330652644,0.9994460268855538,1.0,0.979717894736842,0.9602421621264708,0.9740535771106156,0.9866138059701492,0.8354820733707635,0.8359844538353043,0.8782033474942249,0.8587510779142209,0.8055950807059532,57.37653658895151,44.545151838496174,1.2880534518543585,0.0510620915032679,0.0714869281045751,0.0,0.0,0.0
112126,9968,0.291500486425,0.0040844318870048,0.9855524508848312,0.9715164196950932,0.9826160196146017,1.0,0.9676940925490728,0.9374102052158162,0.9587199230737194,0.9698661760070874,0.8375026757946166,0.8391112626921031,0.8662040676246484,0.8629723326901982,0.8430848843581062,42.72927351763756,34.792662545329875,1.2281116302027018,0.2251045128095186,0.2358237753242577,0.1179118876621288,0.0,0.0
131224,10434,0.1072081432399999,0.0004589460512601,0.9936919939778552,0.9874630709794712,0.992144264131652,1.0,0.9732212272774456,0.9478392552827144,0.9657507612958244,0.973990841248304,0.2943734272437568,0.2951818466756101,0.8693738936857861,0.8150111050330732,0.6558920310011616,43.37556678184179,32.1725202581928,1.348217871454945,0.1562347427009081,0.1464700712821013,0.0292940142564202,0.0,0.0
127008,10573,0.12841921067375,0.0007083098032722,0.9950259286697004,0.990101095197978,0.993673387869207,1.0,0.9666346256541708,0.9354238584451288,0.957469274037138,0.9739787353105764,0.829328633509307,0.8301926685497927,0.8705886551067974,0.8537227757891083,0.7910525694211266,48.18148354580114,35.00933131589091,1.3762468957506573,0.0257554945054945,0.0257554945054945,0.0085851648351648,0.0,0.0
122522,10540,0.35857668494,0.001272276840562,0.9944225039839256,0.988906879801564,0.9928727152856932,1.0,0.9668386617671536,0.9358060798334428,0.9577067714849532,0.9731976389521346,0.7779174455753239,0.7838853308832544,0.8498947645077511,0.8457647776820495,0.7705249290758169,61.328084121543576,47.86364505515309,1.281308267493532,0.0874550578175104,0.0971722864639005,0.00971722864639,0.0,0.0
82790,10059,0.2068536364325,0.0011982652222731,0.9996414350148144,0.9992831270751584,0.9995506942470168,1.0,0.97906827958347,0.9589948671435344,0.9732226175878907,0.9863000339213026,0.8058322047879075,0.8074764933599209,0.8806124493401235,0.870129890664923,0.811730453262437,41.41310531189824,33.63175062265221,1.2313693026733197,0.0954016409082236,0.1049418049990459,0.0,0.0,0.0
126921,11262,0.108221632925,0.0007455912852502,0.9893478825669004,0.9789203084832904,0.98668077251087,1.0,0.9654122216423848,0.9331370830370284,0.9559408999566154,0.9739862940394608,0.7893962089265507,0.7895258858997046,0.8508558883009437,0.8332874600496757,0.7460209665216451,54.400900121575226,38.213535631993,1.4236028993880876,0.135795763172189,0.1448488140503349,0.0,0.0,0.0
97271,10366,0.2136292428842499,0.0007778923255497,0.9870412428192452,0.9744140477805412,0.9839337343118568,1.0,0.9671834267899514,0.9364522722402624,0.9580921450628264,0.9708298622236464,0.4954368849960471,0.4982839062201635,0.8597713045217329,0.8049719280288538,0.6413699253455146,56.046323671171024,45.118801598652766,1.2421944219556698,0.0,0.0,0.0,0.0,0.0
20320,11108,0.2363690356999999,0.0014389321130594,0.983252066991732,0.9670558798999166,0.979782786106091,1.0,0.951881067961165,0.908180397151624,0.9392218052385384,0.9734840425531917,0.3929222003362845,0.4060481466358001,0.8398875669645834,0.8022244110418312,0.7648566321985355,55.47081284678054,40.92931530583771,1.355283185958129,0.1428100626167197,0.1537954520487751,0.0878831154564429,0.0,0.0
130121,10786,0.3205727021249999,0.0045050765702254,0.992400798373954,0.9849162214226004,0.990446891100608,1.0,0.9681023930668872,0.9381767983203002,0.959305414518401,0.9737964289697896,0.2413108382527914,0.2516831966123187,0.8776663046283671,0.7811954600914847,0.685492794721866,47.4705923699513,39.68937012145648,1.1960530546260348,0.0707785642062689,0.0707785642062689,0.0202224469160768,0.0,0.0
110168,10095,0.8749681065224999,0.0038163957820857,0.9896039288219912,0.9794217901780078,0.987410186329094,1.0,0.9709853392430958,0.943606905006461,0.9629721067886804,0.9759766963673748,0.8051506106256215,0.7744429841623443,0.8532298352458123,0.8429529405663205,0.8151780077937452,60.328004438056674,45.85247346176725,1.3156979304150174,0.1444604956106234,0.1444604956106234,0.0444493832648072,0.0,0.0
89279,10816,0.1363795515574999,0.0019978785895627,0.9902570254844222,0.9807020702070208,0.98774468025936,1.0,0.9660494091270826,0.9343284076190632,0.956760443397994,0.9748838534740332,0.7612771981471212,0.7643179392967521,0.8276108906790284,0.8270460705084612,0.7813130143199938,51.74552448751591,36.23384846118356,1.4280990478543736,0.290316538677655,0.290316538677655,0.0936504963476306,0.0,0.0
93051,10149,0.1787722651375,0.0013518320587084,0.998018712162906,0.99604525980446,0.997501689482555,1.0,0.968489519164592,0.9389041964752738,0.9597321513236432,0.9703776540498203,0.7791243783819621,0.779827233940193,0.8535830505980381,0.8539140752059557,0.7550834327210225,71.90033047526332,54.3251092547428,1.323519298196094,0.0,0.018896447467876,0.0,0.0,0.0
128061,10153,0.374849557825,0.0037912303677879,0.9919131819324564,0.9839561079014092,0.990161449669234,1.0,0.9698516462195158,0.9414679377589754,0.9615354026170914,0.9753960561640664,0.8099522338330679,0.8062866508757788,0.8514281837564688,0.8592844918713363,0.8392422216678684,40.09070492028116,28.98458620972429,1.3831732711378426,0.3219920575292476,0.3756574004507889,0.1502629601803155,0.0,0.0
92182,10905,0.20499351230875,0.000776607713386,1.0,1.0,1.0,1.0,0.9734746109314456,0.9483200525753718,0.9660536368527556,0.9789603120759836,0.8285882865778375,0.8295968948597462,0.8855657249395616,0.8886089710190689,0.8262787431422542,67.48011372484622,58.79030400090801,1.1478102532656405,0.0,0.0,0.0,0.0,0.0
95015,10380,0.3249579749624999,0.0025214793173388,0.9830718264225128,0.966707238490728,0.9788096308561468,1.0,0.9649559481763448,0.9322849075613528,0.9554530855825186,0.976772573652705,0.3826935206036306,0.3808789233313639,0.834972632053208,0.8007833803812829,0.7554295408929694,68.5104013993713,53.684550031795055,1.2761660730842586,0.0590260698475159,0.0590260698475159,0.0196753566158386,0.0,0.0
95460,10586,0.1266453538249999,0.0007798608778386,0.9707276173811606,0.943120240835842,0.9636483080418032,1.0,0.9476013634928068,0.9004205541711854,0.9340682373957993,0.974264919941776,0.793251222934083,0.7940424129681011,0.8319754419765326,0.820797088340943,0.754196116462139,49.05879740924318,37.42217258192009,1.3109553514523935,0.1389250672918294,0.1389250672918294,0.0607797169401753,0.0,0.0
