scanid,oldCBF
2894,4.898947022
2643,7.655301124
2637,6.176631835
3016,6.103239677
2648,5.077678763
6635,7.474099815
3145,6.935491509
2794,5.851090206
7390,6.726497666
2798,3.40750252
2726,4.409253599
3013,5.684936755
2823,6.464831777
3476,5.611561273
2725,4.932272364
2821,7.487262185
2647,7.061447423
2739,6.508344637
3844,4.248963148
9652,
3369,7.43859054
2646,5.697738743
2675,5.583465021
3437,5.857569528
2753,4.212463891
2632,6.273046194
2644,7.261067538
2750,6.818133585
3724,7.480565263
2653,6.897366426
3427,4.849182573
3184,7.177683106
5901,5.731162221
2738,4.790482438
3742,7.434354035
3141,6.406749048
9665,
7819,4.639880542
6851,6.65560662
6563,4.003626534
6491,7.410274236
3179,5.38988635
6869,6.894661099
2793,5.86867251
2752,4.366773917
2720,7.033938416
2855,4.632584563
2818,5.806033205
2995,5.060656494
6312,5.860241734
6726,
2740,7.329972486
3085,7.150893425
2682,7.35223421
3076,7.61199487
6728,3.514382326
6666,4.75258982
2749,4.852107986
6584,5.861046373
2751,5.288615531
2723,6.909359558
2727,5.374115362
6184,6.094895633
4763,7.615040335
2825,5.967193001
3112,6.338227281
2856,8.294918622
3118,5.142821022
6629,6.788547304
4411,6.884969248
5712,7.444823579
3043,5.631383972
3370,6.912610606
6552,5.267077183
3309,3.667160355
6619,6.632230915
2706,5.580217685
3325,6.626949054
3297,6.315811605
4481,5.964561279
6815,6.799413808
2952,6.713807673
2906,6.171238983
6565,4.427238625
6675,6.332681617
2728,4.130371977
4335,6.757690689
3677,6.96038371
3036,2.875206527
3404,7.498783329
3033,
3020,6.983885283
8220,6.229452102
3433,6.702931603
4654,6.732555793
3488,7.253485748
3211,
3038,7.397694815
2971,5.256075848
2905,4.559995132
3125,6.476471316
9934,
3201,7.594033776
4887,4.448402139
3340,5.286651211
2902,6.123310982
6532,4.599974663
2967,3.916704845
4498,5.796985623
5797,5.378503486
2911,5.638550834
6603,8.05057969
2792,5.835721662
2795,5.386030436
2899,5.348707084
6764,4.934280339
3138,5.992401429
6582,6.674819558
7288,7.134674818
2854,5.842737999
3045,7.617182852
6806,6.565657939
2963,5.256671277
2796,7.900869303
6723,7.508601878
3075,6.238244275
5853,6.964715364
2822,7.083885818
4931,5.104675062
3610,6.413197542
3015,7.343790286
3040,5.75924262
6818,4.875586004
3116,7.74236961
3564,7.162421519
6747,5.141159895
6671,6.24097102
2811,
3081,5.865838851
3113,6.972925646
2831,7.151523053
2954,4.431524949
8415,7.015810213
5674,3.582588833
3495,5.455788113
4463,4.947401696
3524,6.472382143
6573,6.225208945
5842,7.227651303
2859,7.456157117
6733,5.481881482
8315,6.579455576
8270,4.747508998
2865,7.457605145
6282,6.437685905
3039,5.161157783
2923,7.131939862
2951,6.924107311
6631,6.728467539
3611,7.296507787
2922,7.281097249
6604,7.180003032
4623,3.374942055
2896,5.908497437
4942,6.604098667
3526,3.905105155
8350,5.26759887
5809,7.089553367
3044,7.955292964
2964,6.549255796
3124,7.478635976
6441,4.432603774
6795,7.2085953
8398,6.830416595
5837,4.159354715
3083,7.150556819
3178,6.9585573
8209,5.339269047
3513,4.184194152
2826,
2832,6.357246826
6616,6.967740534
3728,6.341192282
2993,7.657174087
8223,7.188851927
6867,7.30186827
3146,3.758640727
3316,6.116956166
3224,6.823979048
3088,6.550149178
3281,6.601279813
3034,5.520943042
3226,4.802828893
3667,5.882943504
6816,6.927711994
3594,6.702250578
6672,4.799620075
3048,5.763561166
2909,6.770789756
6643,6.758728603
6673,5.272835982
3308,5.994653761
6528,5.045479272
3189,4.115441922
3018,6.860008152
3234,7.031078989
10039,
2968,6.193925295
3214,6.018167882
3407,5.816770058
5624,6.361302982
6467,5.764874557
6291,7.367041284
3290,5.815438925
3183,5.640816769
3534,6.624368785
6334,4.830102577
3153,6.899408017
5423,5.088516452
6571,7.187430773
3579,5.442349265
3323,6.16096085
3320,6.916924278
3345,6.759235271
7623,5.410661494
5950,6.982874218
3231,5.304881614
3528,4.172621338
3014,7.372435547
6767,7.436181265
6642,5.610254493
3568,5.788254444
4534,7.394633634
7624,7.477984837
3090,5.608716769
3457,6.901169397
7284,6.479845283
3091,7.523953842
6731,6.003824924
3284,7.34789937
3152,7.098524142
8250,5.400333175
3584,4.755343235
3512,6.359933878
3117,7.104695325
4480,4.929597469
3326,6.703234716
3705,6.515019451
5904,6.428457259
3429,5.889616852
3449,7.605716569
6827,6.560681436
3350,3.981723428
3232,7.324473236
3962,3.81015082
5713,7.028183058
8204,5.623224095
3202,7.737715481
3115,5.679548409
3213,7.59051876
5269,6.330924028
3411,6.52789358
7695,7.263929652
4634,6.838205911
3190,5.60986873
9966,
5539,6.378721823
5502,6.873837902
6630,5.869165801
3225,6.681197293
3467,6.952610355
3122,7.219851879
6314,7.287531956
3233,7.59373758
7753,5.742107766
5979,6.502426948
4813,4.585784564
3535,6.030338472
4000,6.812641477
3248,5.573387994
7297,6.807158443
3139,6.928644635
4679,6.160420548
6917,6.24353756
4448,6.992935644
6826,5.457538059
3246,7.293226363
3508,6.331751997
3086,7.347439503
5626,4.725371086
3961,5.668500371
6763,6.844593578
3144,6.977172426
6185,7.414143951
3653,6.454739528
3400,6.691473768
3291,5.330601746
5506,3.984023426
3210,5.035764847
3676,5.205476419
3216,7.231093158
6602,4.495776129
3282,7.804861261
3575,4.433615112
3536,7.178157046
7308,7.453084821
3187,5.68235769
6019,6.204076694
3023,6.281623579
6224,7.505452829
6545,5.697709183
3209,
7910,7.388584943
3672,6.874384166
3296,4.651743067
7435,3.59217538
3295,7.341894174
4966,6.534964715
3314,7.357659324
3346,7.660672477
4410,7.033259013
3414,7.392920797
3494,5.25434579
4507,6.510252547
6142,5.896164574
3293,7.690889967
3464,5.704149491
3466,6.374576101
4651,8.246289036
4765,6.971095935
3230,7.679781988
4901,3.731451616
6852,6.840886308
9695,
3647,4.106002421
3245,6.389420696
3543,6.580371149
3731,5.644155059
3532,7.330196846
3235,6.485551769
3341,6.21773199
6695,6.985657523
6729,6.378340261
3541,6.450995444
5018,3.655490398
3212,4.001154157
3475,7.912570862
9972,
5927,5.110855988
3239,7.697051032
4381,4.147079593
4550,5.850509493
3367,7.088415057
6798,6.987441765
3796,6.533420271
3450,3.591528951
5758,8.011594321
5292,5.495570956
5692,7.288673736
3498,7.400440379
4376,6.749616144
4933,7.329304547
3516,5.257392129
3595,6.804091604
3327,8.024471113
4249,7.419225598
7951,7.042592277
5016,7.145089653
3428,6.702563781
3313,7.892874276
4814,6.986066593
3374,6.997383081
3434,7.024646123
3353,7.569641372
3741,7.488151489
3854,6.782289445
7500,4.908238315
3609,6.168189355
4746,7.128053958
4592,5.103147107
5892,7.500274526
3465,6.740058821
3540,7.188717401
5920,6.507164734
4747,6.714649541
3426,6.155453108
3410,6.215052626
3646,5.906485052
4754,6.899889052
6040,6.422038334
3712,7.619234284
3645,6.584909926
3405,7.64786694
4071,7.329964623
5379,4.249387645
5872,5.66669509
3322,5.27736353
4990,6.680130168
3321,5.538561967
3363,3.964053704
6676,7.027591772
6962,7.980762601
8286,7.749998088
4986,5.865555534
3408,7.017082084
3459,6.20020725
4467,5.066125096
7419,5.112310062
3344,7.098283165
4439,6.976842243
4442,4.477286212
6883,4.936207465
3582,7.032594242
3765,7.537242058
3458,4.513577158
6881,7.768656064
6219,7.686619491
5232,6.634653727
3463,5.083200549
7865,5.637032189
3897,6.795431172
4544,6.246346752
3798,5.113807769
6703,6.380897301
8312,5.04412539
6846,6.22882976
3596,6.956577751
5190,5.29485538
3714,4.827471639
3435,7.211488866
3362,7.539834233
3907,6.545219963
3474,5.935812443
3493,6.243858061
3703,7.328243331
6865,3.457058796
3651,4.25744114
5481,5.99096579
3372,6.814438649
3432,6.719747474
6730,7.45975353
3578,5.966708041
3489,8.115677953
4756,7.729125881
6608,7.639931462
3634,6.2857981
4075,4.410481862
8127,4.95984089
7870,6.16478898
3409,6.621203662
5719,7.671250118
3397,7.860799669
4375,6.13906254
6597,7.367718418
3883,7.875250454
5196,7.965408369
3497,5.98144952
6153,7.197880597
3567,5.278368052
6749,6.962981407
4377,7.595348252
6035,7.953498902
3581,5.639490151
3490,7.06843428
5916,6.950021576
9573,
3373,6.759366552
3643,6.463323153
3683,6.23047056
3711,7.32820675
4030,5.080712222
4489,7.322537895
3902,4.445109048
4540,6.51955388
4043,7.290384765
4253,6.323424269
3502,6.884154012
3613,6.408470499
4150,5.653788939
3371,7.881612328
4678,5.610457654
5762,7.937970003
3670,7.169737286
6987,4.090811107
6762,6.710390169
6872,6.078790386
3725,6.72912396
3895,7.350900759
7037,7.20405966
3523,6.977982127
3918,6.971946538
5554,5.791724188
4031,6.023985372
4596,6.16762283
3663,5.843401585
4053,7.135866699
4944,5.512577822
3648,6.33284659
5388,5.94542727
4824,7.511395905
4069,6.230181434
3713,6.423221662
3456,7.430973278
4380,7.14735483
4945,5.88677393
4512,8.05998772
7439,7.538161775
6878,7.210501842
5681,6.81962428
3635,6.389933169
4795,6.970574553
3430,7.782040436
3633,5.864386544
4478,5.147700354
3473,5.168132528
6901,3.314728414
3702,6.055516403
4250,6.421659843
6986,7.099599561
7404,3.868331298
5419,4.367614303
7574,7.293679336
3692,6.818120933
3616,4.882661376
10005,
7444,6.980683659
3598,5.487881903
5884,5.518599282
3615,6.172548214
3586,5.136241681
5811,6.307654416
4009,6.919742437
3682,7.007027925
4371,5.839686472
3618,5.45910326
3664,6.029068614
3739,6.353429115
5346,6.869667467
3727,4.980203684
3756,5.147943432
4541,6.800702438
6645,7.26716533
10260,
3759,7.479975224
3792,7.405119205
3755,6.463354334
3865,7.994383251
4907,4.654862699
4005,7.792589677
4768,7.341059307
3923,4.876733373
7445,5.591314772
7443,7.615326889
3894,3.18208718
4676,5.227530542
4487,5.668151912
7501,5.834896884
4608,6.802844435
4046,
3904,5.681931793
4173,6.883160788
3903,7.818234373
4220,7.470644293
4271,6.359905801
5751,6.848606835
4139,3.96117177
6432,7.865391117
4041,
3638,6.901711094
4010,6.540208159
4488,5.111846766
3709,4.383828384
6157,6.021883601
4545,7.738746214
4119,7.204595978
4072,5.814722497
3998,7.650787536
4201,5.166403026
4038,4.736255551
4284,5.736144106
6150,6.813103472
4094,5.180635235
4982,6.024774601
6101,6.917027598
4278,6.900781332
4861,7.467283478
4812,7.958935327
4193,5.554237189
3529,5.507037079
4332,4.475826473
4989,5.651214011
6505,4.840526682
5946,7.305765203
3600,6.948737995
3668,7.845180584
6115,6.550599219
4449,7.126173887
5261,7.312207303
3934,7.658429182
8419,8.114134601
6002,7.488387803
3500,7.233188406
4127,8.092228069
6254,7.970190906
3973,7.214495751
4343,7.235142184
5023,6.96798882
5748,7.878898398
4817,6.790438029
3898,7.130737986
4138,5.142229369
4943,6.848338563
6239,5.598837349
6086,4.654997734
4685,7.526445554
4639,7.367487169
5595,3.294311269
4988,
3681,7.703360586
5512,7.301341149
5015,5.800778407
5150,7.428020327
4708,4.98805205
4373,6.748238624
4331,6.229705963
3960,6.478734644
4245,5.634719212
6221,7.102968184
4252,5.316170629
4897,7.335019106
3957,7.110830816
4414,7.790512164
3793,7.099007718
5226,6.103723742
4996,8.005662621
4558,7.608957007
3825,4.10407077
3583,8.138114438
6397,7.436093833
6844,5.364305225
4279,6.183856528
6875,7.494713521
3856,7.552279037
4637,7.679524457
4400,2.979181646
3912,7.121690942
5193,6.507097138
4686,7.168355479
4125,6.456937496
4443,3.296578096
3846,7.074363701
4277,6.779484097
3675,6.382704827
3569,7.130824874
4219,4.257596457
3738,5.535831323
3637,7.253120751
4567,4.592184724
3614,6.342632299
4211,5.535390903
7483,7.657321723
3966,7.692942111
4048,7.519496068
6578,7.340450786
5803,7.834309829
4710,8.116147372
5411,7.576074628
3599,6.980073336
4212,7.711904294
4101,3.951203676
3708,7.033823052
5222,7.145860621
3965,8.46142985
3710,5.696709768
4905,3.561852563
3830,7.436038028
6665,5.892230188
7466,6.707971996
6649,6.426705223
4624,7.041386408
4688,5.865249433
6246,5.865897881
6159,5.897952812
3910,5.074209771
8423,4.896904598
8159,6.509244044
4114,7.164515927
6739,6.540005867
7381,7.037190077
5119,6.56341439
3933,5.206857672
9670,
6476,5.867661383
6043,4.570768431
6085,6.632458775
6277,5.848583871
3950,6.471476194
5676,6.377313698
6495,5.407846702
4967,6.998530771
4620,7.166440828
3815,6.300197297
3726,7.630598747
5160,7.136575261
5597,3.925565652
3700,7.133406165
3701,4.705417683
3649,4.17739071
10003,
7551,5.884452724
4103,3.853060173
5184,7.437692895
5887,6.362146085
4462,5.389414856
6454,6.821397398
5425,4.253099288
5761,6.482199872
4137,5.743775491
5505,7.805055507
6572,7.024588079
5925,3.839956552
4223,7.229495168
3972,7.24061599
6191,6.45046869
7887,4.7503251
9964,
6217,4.881150994
3818,4.935849357
8309,7.18678988
4008,7.648973328
9886,
6853,5.163130285
5070,7.501549863
4370,7.134673752
4296,6.932351853
6459,6.10834857
3794,5.060229209
4159,8.00870006
3800,8.322737452
3954,6.195426687
6430,7.87777136
6611,5.303948376
5802,5.098619481
4368,6.459656701
4591,7.610938261
4581,6.839182928
3805,6.956702082
4811,7.618407946
6612,5.521608632
4766,7.021327744
4409,6.107220133
6152,6.451798232
9613,
6822,7.488537658
4704,4.565643063
4445,
4248,7.333044933
5763,6.132483245
4265,
4845,6.208054825
8289,6.717641381
5038,6.313332236
3827,3.746532557
3804,7.245226227
4007,6.923456587
5189,6.712365039
5412,5.091785379
4815,
4006,6.999260398
6247,7.0320562
4288,5.498357291
5415,5.173576083
8373,7.71107472
5997,4.979244408
4079,6.390722615
3824,6.325251298
9663,
8252,5.661612499
3699,5.402813972
4063,5.822380068
3845,3.159215703
4242,7.023460454
6711,7.859889357
4042,6.793556044
4947,4.258039794
6148,6.056771046
4117,4.288238159
3802,7.499752905
4677,6.623987704
5273,7.678940132
4983,6.231234857
4454,3.848242441
5455,6.735509106
7572,7.747974827
3952,7.312499749
3899,7.643667213
4934,7.068836856
6252,6.162938357
5847,7.219694559
3922,6.492916977
3799,7.408270549
5057,4.21594639
6280,5.725019733
3816,6.831959208
3757,7.468621467
7442,6.201133501
4067,7.323995111
4155,5.212899007
4032,3.591356706
6458,7.608179062
4691,6.876610488
4595,5.099572923
3884,5.466146704
3964,4.274492324
4859,5.237343908
4499,6.500352401
4022,6.783870553
3758,7.605138331
5279,6.069397634
4269,7.676678716
6499,7.93300308
7383,7.372572513
5560,4.329783729
3821,8.510463953
4168,7.268068018
5723,6.762147679
7426,7.237735209
4808,8.23130787
7947,6.901346466
8166,5.904920607
5795,5.170431389
4104,4.946943732
7855,6.752296588
5020,7.07126985
4102,6.693236387
4095,6.686796724
3971,6.240351655
3919,6.932609774
3858,7.581987255
3956,6.747935164
5794,5.286890337
4019,5.058466985
3863,7.749080561
4156,6.571501213
7621,6.982217878
3924,5.009686452
4021,8.882375276
7412,6.84794607
6570,6.559810909
5789,6.989431632
3820,7.050221066
5229,6.483009026
3829,5.172112293
5745,8.06597515
4378,6.628682985
5420,4.663827674
7315,6.271802817
5940,6.847730386
4111,7.315105616
3881,6.52214551
5077,7.425347667
4244,
4697,5.299520237
8238,5.253749392
8243,7.323760946
3852,7.069387384
3826,7.364949918
5750,6.385643049
4066,7.617036927
4049,6.228943605
3951,6.526413327
3855,4.644696406
3730,7.053450787
7507,4.621392295
3853,7.351127614
3861,7.704014354
3817,7.861759391
7869,7.576349217
3953,6.291047843
7503,7.073215505
5332,7.248511742
5588,6.759655645
4081,6.129007235
4266,6.884389415
4338,6.545758765
7265,6.389018064
4073,7.174904504
3822,4.502847861
5224,5.672203936
3736,6.367676809
5720,6.875967767
3916,5.971218795
5319,7.185207142
4638,6.427411955
4045,5.243070311
6457,7.16755897
4650,7.244250139
4152,7.36648108
4153,7.577230799
4899,5.81109534
3906,6.434828763
5992,6.630951398
3928,6.326663792
3927,7.09830121
4003,4.321366179
3911,7.497040076
5416,6.115007213
4281,4.256530749
5237,6.789385099
5907,6.668124474
4001,2.43855844
4908,6.755318033
7434,5.64418427
4195,
5902,7.520435409
4064,7.859258474
9741,
7703,7.894646274
5591,7.57476957
8138,5.308975488
4570,6.95287354
4906,5.772098941
4559,5.239811629
4160,6.912467603
4397,6.465031344
4270,6.586750342
5841,6.032406438
8003,6.587224391
5981,5.248433687
4695,7.535305042
5948,7.317432222
6577,7.226851288
4222,7.517902289
5230,7.362558578
4054,7.690186643
7603,6.547075813
5796,7.678177569
4844,5.802296092
4040,6.39089622
4578,8.293177096
4293,6.828670466
4065,7.858374095
5026,6.718369586
4158,5.306760447
5835,6.450233211
6421,3.790655131
4151,
4952,7.27509105
6250,4.649301897
4172,7.94949192
4209,7.965703267
5322,7.591164317
9650,
4682,3.494290951
4011,8.069470877
6069,5.213075772
6613,7.0626438
4215,7.027825308
4441,6.145900776
4004,5.615906165
4745,7.255147195
8283,6.750209003
4476,7.295544748
4280,6.638152547
6362,5.166809362
7368,7.218691817
3967,7.347300594
4254,7.696171465
4076,7.271196816
4113,7.172203538
7401,6.51147556
6606,5.907624729
4853,4.680418416
4070,6.96943953
5078,6.430225236
6276,5.164579093
5120,7.043749696
4465,5.459321622
5660,6.259137088
6216,3.050159237
4937,4.751213929
5559,6.737378804
4194,6.469967448
4264,7.996167953
7549,5.266753282
4571,7.85578162
8354,3.737728354
6028,4.79095977
4039,7.304983626
4548,4.681127137
6255,6.784003
4216,6.742982246
4902,6.978841135
7905,5.998858719
4047,6.182020136
4118,5.534611164
4372,7.118064557
7546,7.667370932
4396,6.649467202
8272,7.63271478
6293,7.273639448
4744,
4594,5.438632287
4203,6.557477463
4579,6.201908096
7654,6.821235282
4214,6.424455542
6474,6.23539988
5263,5.200345499
4202,7.523703784
4767,6.521305145
4804,5.513416192
4572,6.804701252
5871,6.631184331
6640,6.942196547
4285,5.204191434
4932,5.844336348
5235,8.179323924
6158,7.188690935
5381,7.082925681
6223,5.90466393
4241,7.761017643
4843,7.006936773
4399,7.595922041
4402,7.160620041
4401,3.699176799
6183,
4353,7.490209565
9674,
6027,6.108939609
4612,6.699909388
7413,6.803701109
4330,7.575262151
4573,5.678918931
6215,4.506092497
4617,5.72304252
4295,7.580895301
6076,6.483731544
4444,7.372577444
7631,7.043947503
5977,7.485504479
4640,7.516520359
5791,7.087741063
6790,5.81893436
4287,8.056682599
4511,4.763096555
5999,6.545239103
7499,4.914637339
6249,3.440771467
4941,5.625962783
4361,4.039219658
4362,7.094830345
4852,7.103038591
4479,5.697596963
4854,
4398,4.93868562
8311,6.003013714
5945,7.473995417
4546,6.607631496
5185,6.749504509
4614,7.415794396
5799,7.891832944
4533,7.601208444
4729,7.710736889
4696,3.798703773
4735,5.864450292
4339,7.024920386
4438,6.333634159
6188,7.31375419
6541,7.266221541
4636,6.053756228
4352,7.533155752
6261,8.125744635
4418,8.247520848
4575,4.663574786
4653,4.038313411
5161,7.884335781
4415,6.752758595
4417,
4611,4.561527425
4576,7.691038793
4577,6.368364571
4543,6.294096764
4770,6.173780305
5756,6.454800151
4776,7.518713446
4500,4.414994952
6401,4.854820819
4807,3.754133599
4949,6.541522225
5158,5.672313301
4757,7.949080754
5027,7.307962418
8190,7.917345532
4469,6.346590378
7630,4.676858619
4732,7.653493291
4416,7.236422402
4647,5.875578317
4646,7.358363129
4506,5.902327877
4505,6.600743434
5639,5.172667761
6240,7.403155998
6650,6.49173106
4826,6.92538104
4839,5.505807107
5139,8.160978299
8457,6.731240354
6533,7.115410258
9842,
4453,6.502531105
4775,7.996892909
5850,6.236317925
4680,7.733286735
6697,6.724373645
4818,6.214827054
5187,6.419285499
5918,4.665635496
4885,
5387,
4560,6.88325485
5149,7.695393518
4781,4.084418461
4730,6.685011003
8341,6.623690534
4866,7.437644055
4582,6.659871289
4930,7.619365196
8416,4.152894468
4733,7.271598528
5625,4.205038461
4898,6.898544245
4466,8.206212321
6575,3.63758423
4615,7.187480047
8464,5.025399169
5056,7.257529857
5197,7.260101594
5800,6.898470659
6756,7.206915694
4738,7.076210727
4981,
4566,8.672200788
4792,7.479919435
4413,6.586213344
4513,4.732439703
4825,7.652227927
4641,7.570084894
5501,5.293410277
5470,8.169454902
4516,7.220449105
6848,3.595350315
4706,7.546187905
4618,8.544745962
5259,6.010193263
5107,7.911906378
4810,6.663874758
5012,5.88316559
8128,7.441910007
4806,3.989529289
5474,5.478638494
6553,7.416140614
4868,7.531239139
5378,6.367831991
5657,6.986716705
4655,8.069706649
4929,7.55180789
6759,7.793119399
4734,6.463710282
6598,7.367278249
5561,7.969574297
5008,6.759943788
5435,5.334446314
5436,9.645286621
4939,7.315981463
5393,6.667358753
5394,6.463082467
8302,5.574171737
5179,7.108401386
7298,6.167554637
5434,7.361462951
4794,6.151157369
4855,5.621972391
5744,7.588408315
4725,
4946,4.853474738
5385,4.872059249
4997,7.263447579
5024,7.967770421
8412,6.325044447
4998,7.772063479
4936,6.613128374
8177,4.934996539
5270,4.942564116
5722,7.654356597
4965,6.794908548
5274,7.541697592
6664,4.517511355
5241,4.856393133
5019,6.419066031
5022,6.666642829
5086,4.696393379
5028,6.916203916
5152,6.639649208
5073,6.28712363
5061,7.336134492
5060,4.696054027
6574,6.90510047
5325,6.925994988
4886,5.174636893
5679,6.998488175
5914,6.618869563
4979,5.934469132
5267,5.067016327
5062,6.90480537
5243,7.016150741
7296,5.559514051
6617,6.28803856
9635,
5085,6.487975247
6258,7.580645766
5109,6.254709558
5277,7.533715445
7476,7.716587075
6873,6.709878859
5472,7.969372466
5482,5.633497927
6366,7.311388149
5514,7.843793738
5382,6.978125818
5336,7.4952066
5195,4.802785689
5473,7.191961891
5147,7.556530047
5500,7.46159432
5323,6.897585383
5730,7.18497923
5266,6.667426941
5072,6.758285769
5264,8.308421502
6112,7.147785789
5225,5.609258717
5409,6.383665842
7369,6.336492727
5199,5.402207567
5749,6.837291182
6392,7.297683133
6564,7.674175223
5630,4.795122801
5244,7.561599516
5552,6.907345317
5331,6.808655145
5177,6.513055159
5108,5.373913661
8351,6.874113864
5191,7.084678423
5010,7.724467271
6114,7.757404125
7292,6.106343457
6601,7.332686477
5039,5.253215541
7999,7.16285471
5260,8.109289787
5413,
5009,7.50060264
5122,6.634489702
7335,4.736461075
5556,7.438860411
5223,7.226749057
5484,6.786436841
5146,5.831802824
5716,6.776206773
5148,7.216280604
5079,7.053006226
5718,7.181676359
6385,3.811303113
5064,7.026512634
6361,7.655265715
6364,6.251547609
5909,5.753833222
5231,7.518531942
7996,6.445551388
5275,4.987060041
6192,7.373438203
5605,6.008898072
5153,7.705240098
5321,5.742811767
5427,
5912,6.883718567
5693,4.656944055
5458,5.187501247
5188,6.854478255
8247,6.31091321
5337,5.222953051
5569,7.917987548
7422,7.211493663
6757,7.983781101
5426,6.782348604
5159,7.002869167
5333,8.049162302
5233,6.982862948
5389,6.508212739
5227,6.474961249
5234,4.416678609
6194,6.972265954
5753,7.179950996
5549,3.99321532
5755,4.886107177
5410,6.06313238
6682,3.765894253
5465,5.067222795
5631,6.710409021
6000,7.56126104
6127,8.22793781
5537,7.554212978
5507,6.448894998
6431,6.733736298
5118,4.564989282
5462,4.668956199
5428,7.281286448
9823,
5276,5.809384984
5510,6.048048566
5271,
4980,7.481174274
5366,5.070909951
8231,7.607102721
5608,7.634765089
5075,5.90367172
5186,6.761840543
5468,6.147053049
7283,7.667434188
5632,6.684036236
5373,6.451871672
5294,6.140977229
5641,7.79075569
5320,6.804909473
6803,6.846851257
5192,6.276710317
7289,6.592845079
7375,4.58794813
5178,3.24566628
6387,6.796377282
5395,7.351528561
5463,4.932988054
5496,4.79671487
5154,4.700712594
5987,5.066812998
5886,6.930405443
5594,5.470259686
6332,7.33237164
5295,5.718235789
7465,6.077023377
5793,7.490296093
5878,6.94038536
8449,7.384910384
6464,5.146293959
6841,6.727198346
5183,6.373141069
5550,4.668979504
5344,7.562248531
6311,5.725426846
5883,6.799050111
5941,6.130947927
8221,7.349688658
7553,6.837906095
5457,7.10037488
6073,7.136737018
5504,4.394214655
5557,6.584635655
5589,5.084188015
5801,5.225287203
5683,6.701855572
6784,6.937002695
5846,7.768265401
6126,7.833812767
5345,7.540645909
5515,6.554636318
5391,6.942902867
6536,6.022335583
6355,7.227682985
5469,7.80322945
7736,4.302928524
5475,6.032411394
5724,7.486259925
8257,4.861463672
5806,7.406313666
6017,6.628141716
6370,6.737628423
5516,6.265889467
5572,7.241749505
5836,5.699959875
5293,7.853780215
7484,6.309370748
5571,6.725659997
5956,7.562955372
5340,5.862483523
5480,6.852898562
6201,6.495690526
5980,7.785978095
5677,7.517446677
5483,6.362077947
5495,6.334781232
5596,7.070801988
5538,5.715079379
6535,8.018312155
6122,7.601215397
5606,4.083172773
5642,7.675893302
5494,7.008190249
5764,7.477024518
7287,5.501245172
5678,7.378141024
5759,7.114131119
6580,6.627592983
5464,5.223715907
8290,5.353278515
6389,7.70664686
5788,6.223697406
6435,6.066354541
5882,8.321111849
6296,7.494418486
6256,5.640867077
5544,7.175410031
5592,4.262881485
5511,4.921210569
5686,5.855050191
5547,6.089779545
5673,6.877107556
5954,6.085947636
6680,7.039592191
5812,6.233554112
6120,7.071882438
5590,7.237441101
5551,6.625837574
6740,6.080743269
6609,7.198070646
5545,6.090527578
5876,7.095125313
5682,7.887591727
6526,6.022328933
5680,7.946733164
5926,6.886068778
5658,6.421169819
5546,6.831712067
5508,6.777686139
5911,7.045292735
5844,7.156647389
5845,9.375220416
6026,7.14074329
5908,7.278536909
5947,4.84517072
6018,8.146856157
5986,7.017860894
5949,5.894186043
6329,8.12234656
6029,7.482153924
6118,6.598705396
5731,6.549730991
6102,6.020518943
8442,6.753789983
6297,
5919,7.772358551
6172,5.444670663
5849,7.86105857
5955,8.186451279
5913,5.749539883
6470,6.074352416
6141,6.39515477
5721,6.887794498
6488,5.959713957
6214,6.968511285
6349,7.5869049
8425,7.408299996
9967,
8435,7.672012127
6033,7.659360118
8469,7.404999785
6123,
8443,7.534946287
8394,8.395088988
5848,8.453782705
6542,7.702074942
6275,5.676267135
6202,6.072553019
6554,6.089316612
6193,5.725033425
8219,4.654184403
6466,5.953624453
6638,6.803000921
5978,5.903458731
6487,6.442872756
6072,7.496059081
6149,7.038967175
6465,6.714540386
5855,4.611147882
6032,6.010007332
6022,6.586648431
5910,6.062063617
6468,7.260371186
6189,7.494406113
6358,5.306114934
9839,
5873,7.515993669
5989,6.373421803
5982,6.091182566
8101,5.625297288
6151,5.230433049
6507,6.954735701
6335,7.930880995
5957,7.268860918
6327,7.649646052
6070,7.375092147
6530,7.506054662
5983,5.921077295
6805,7.566104429
6140,7.735404526
6068,4.68346807
8327,7.710183161
6154,7.366944695
5990,7.99884675
6065,6.961671514
6036,6.643584136
6083,6.410578222
6119,6.511785081
6121,
6067,7.512997283
5985,7.560861402
5984,7.120366032
6024,7.013022685
6469,7.753605068
6155,6.520967561
6506,7.521586491
6417,5.449426697
6041,6.67593332
6500,
6190,5.939377156
6284,6.480595252
6492,4.433255005
6103,5.887414474
6173,6.927983621
8167,6.678816917
5874,7.788373155
6286,3.50950764
6429,7.291523654
6544,6.632353791
6391,7.918534387
6460,6.700192438
6529,5.297320021
6369,5.516531538
6200,5.994201165
8256,3.441943487
6639,4.244762431
6025,5.226695985
6116,7.296612102
6415,7.442404438
6242,6.539920218
6637,4.946856176
6066,6.772075572
6129,7.32485327
6295,7.368820234
8108,5.244862227
6251,7.259200323
6497,7.4783041
6182,5.677727507
6540,7.652558662
6075,7.393966415
6702,7.430560203
8340,6.116047037
6294,6.077897636
6241,6.914345896
6326,5.790443435
6433,5.286987191
6610,7.023888619
6186,5.963075203
6699,7.700733898
6260,6.91746332
6323,5.346278135
6351,7.761414119
6324,5.210237991
6489,5.878883945
6473,7.045569385
6393,6.89465407
6353,7.292377259
6360,4.608578738
6439,4.37528138
6402,8.393681723
6388,6.803702956
6414,7.836476288
6352,7.208942586
6498,6.577491645
6698,7.152564529
6357,7.016008592
6396,
6285,7.348576621
6338,7.374685945
6259,7.174161562
9965,
6579,6.938122858
6694,5.36250057
6354,6.819507722
6677,5.993698733
6416,6.480384874
9684,
8329,7.34162896
9689,
8361,6.897569963
9644,
8091,7.664897528
8372,6.357836461
8347,6.372471177
8434,5.312797243
8458,6.476798121
8287,7.045825864
8430,7.715933393
8397,7.391170473
8465,6.695939675
8444,5.84155014
8470,7.601252335
8456,6.672967103
8374,5.055146855
8404,7.067938782
8450,7.026221281
8461,
8360,6.933481424
8364,8.234835661
8402,7.600929542
8410,4.337012384